id,payload_id,agent_id,username,hostname,collector,entity_user,feature_name,feature_value_numeric,feature_value_text,feature_value_json,feature_timestamp,source_quality,quality_notes,created_at
1,pld-4316d0a8-b551-4e91-aca0-ed1be17ef573,agt-1001,jdoe,LT-JDOE,aggregator,jdoe,logon_count,3,,{},2026-05-15 23:59:00+00,HIGH,,2026-05-15 23:59:00+00
2,pld-4316d0a8-b551-4e91-aca0-ed1be17ef573,agt-1001,jdoe,LT-JDOE,aggregator,jdoe,logoff_count,2,,{},2026-05-15 23:59:00+00,HIGH,,2026-05-15 23:59:00+00
3,pld-4316d0a8-b551-4e91-aca0-ed1be17ef573,agt-1001,jdoe,LT-JDOE,aggregator,jdoe,file_access_count,361,,{},2026-05-15 23:59:00+00,HIGH,,2026-05-15 23:59:00+00
4,pld-4316d0a8-b551-4e91-aca0-ed1be17ef573,agt-1001,jdoe,LT-JDOE,aggregator,jdoe,file_open_count,143,,{},2026-05-15 23:59:00+00,HIGH,,2026-05-15 23:59:00+00
5,pld-4316d0a8-b551-4e91-aca0-ed1be17ef573,agt-1001,jdoe,LT-JDOE,aggregator,jdoe,file_copy_count,17,,{},2026-05-15 23:59:00+00,HIGH,,2026-05-15 23:59:00+00
6,pld-4316d0a8-b551-4e91-aca0-ed1be17ef573,agt-1001,jdoe,LT-JDOE,aggregator,jdoe,file_write_count,48,,{},2026-05-15 23:59:00+00,HIGH,,2026-05-15 23:59:00+00
7,pld-4316d0a8-b551-4e91-aca0-ed1be17ef573,agt-1001,jdoe,LT-JDOE,aggregator,jdoe,file_delete_count,2,,{},2026-05-15 23:59:00+00,HIGH,,2026-05-15 23:59:00+00
8,pld-4316d0a8-b551-4e91-aca0-ed1be17ef573,agt-1001,jdoe,LT-JDOE,aggregator,jdoe,file_access_after_hours,4,,{},2026-05-15 23:59:00+00,HIGH,,2026-05-15 23:59:00+00
9,pld-4316d0a8-b551-4e91-aca0-ed1be17ef573,agt-1001,jdoe,LT-JDOE,aggregator,jdoe,http_count,759,,{},2026-05-15 23:59:00+00,HIGH,,2026-05-15 23:59:00+00
10,pld-4316d0a8-b551-4e91-aca0-ed1be17ef573,agt-1001,jdoe,LT-JDOE,aggregator,jdoe,download_count,1,,{},2026-05-15 23:59:00+00,HIGH,,2026-05-15 23:59:00+00
11,pld-4316d0a8-b551-4e91-aca0-ed1be17ef573,agt-1001,jdoe,LT-JDOE,aggregator,jdoe,http_after_hours,18,,{},2026-05-15 23:59:00+00,HIGH,,2026-05-15 23:59:00+00
12,pld-d5426e31-e4e0-4d4b-841d-49c0f8bfb6f5,agt-1002,asmith,LT-ASMITH,aggregator,asmith,logon_count,2,,{},2026-05-15 23:59:00+00,HIGH,,2026-05-15 23:59:00+00
13,pld-d5426e31-e4e0-4d4b-841d-49c0f8bfb6f5,agt-1002,asmith,LT-ASMITH,aggregator,asmith,logoff_count,1,,{},2026-05-15 23:59:00+00,HIGH,,2026-05-15 23:59:00+00
14,pld-d5426e31-e4e0-4d4b-841d-49c0f8bfb6f5,agt-1002,asmith,LT-ASMITH,aggregator,asmith,file_access_count,424,,{},2026-05-15 23:59:00+00,HIGH,,2026-05-15 23:59:00+00
15,pld-d5426e31-e4e0-4d4b-841d-49c0f8bfb6f5,agt-1002,asmith,LT-ASMITH,aggregator,asmith,file_open_count,187,,{},2026-05-15 23:59:00+00,HIGH,,2026-05-15 23:59:00+00
16,pld-d5426e31-e4e0-4d4b-841d-49c0f8bfb6f5,agt-1002,asmith,LT-ASMITH,aggregator,asmith,file_copy_count,5,,{},2026-05-15 23:59:00+00,HIGH,,2026-05-15 23:59:00+00
17,pld-d5426e31-e4e0-4d4b-841d-49c0f8bfb6f5,agt-1002,asmith,LT-ASMITH,aggregator,asmith,file_write_count,46,,{},2026-05-15 23:59:00+00,HIGH,,2026-05-15 23:59:00+00
18,pld-d5426e31-e4e0-4d4b-841d-49c0f8bfb6f5,agt-1002,asmith,LT-ASMITH,aggregator,asmith,file_access_after_hours,8,,{},2026-05-15 23:59:00+00,HIGH,,2026-05-15 23:59:00+00
19,pld-d5426e31-e4e0-4d4b-841d-49c0f8bfb6f5,agt-1002,asmith,LT-ASMITH,aggregator,asmith,http_count,893,,{},2026-05-15 23:59:00+00,HIGH,,2026-05-15 23:59:00+00
20,pld-d5426e31-e4e0-4d4b-841d-49c0f8bfb6f5,agt-1002,asmith,LT-ASMITH,aggregator,asmith,http_after_hours,18,,{},2026-05-15 23:59:00+00,HIGH,,2026-05-15 23:59:00+00
21,pld-0bdaa924-b79c-4e8b-b81d-ccd16f342011,agt-1003,mjones,LT-MJONES,aggregator,mjones,logon_count,3,,{},2026-05-15 23:59:00+00,HIGH,,2026-05-15 23:59:00+00
22,pld-0bdaa924-b79c-4e8b-b81d-ccd16f342011,agt-1003,mjones,LT-MJONES,aggregator,mjones,logoff_count,1,,{},2026-05-15 23:59:00+00,HIGH,,2026-05-15 23:59:00+00
23,pld-0bdaa924-b79c-4e8b-b81d-ccd16f342011,agt-1003,mjones,LT-MJONES,aggregator,mjones,file_access_count,344,,{},2026-05-15 23:59:00+00,HIGH,,2026-05-15 23:59:00+00
24,pld-0bdaa924-b79c-4e8b-b81d-ccd16f342011,agt-1003,mjones,LT-MJONES,aggregator,mjones,file_open_count,83,,{},2026-05-15 23:59:00+00,HIGH,,2026-05-15 23:59:00+00
25,pld-0bdaa924-b79c-4e8b-b81d-ccd16f342011,agt-1003,mjones,LT-MJONES,aggregator,mjones,file_copy_count,12,,{},2026-05-15 23:59:00+00,HIGH,,2026-05-15 23:59:00+00
26,pld-0bdaa924-b79c-4e8b-b81d-ccd16f342011,agt-1003,mjones,LT-MJONES,aggregator,mjones,file_write_count,14,,{},2026-05-15 23:59:00+00,HIGH,,2026-05-15 23:59:00+00
27,pld-0bdaa924-b79c-4e8b-b81d-ccd16f342011,agt-1003,mjones,LT-MJONES,aggregator,mjones,file_access_after_hours,6,,{},2026-05-15 23:59:00+00,HIGH,,2026-05-15 23:59:00+00
28,pld-0bdaa924-b79c-4e8b-b81d-ccd16f342011,agt-1003,mjones,LT-MJONES,aggregator,mjones,http_count,400,,{},2026-05-15 23:59:00+00,HIGH,,2026-05-15 23:59:00+00
29,pld-0bdaa924-b79c-4e8b-b81d-ccd16f342011,agt-1003,mjones,LT-MJONES,aggregator,mjones,download_count,5,,{},2026-05-15 23:59:00+00,HIGH,,2026-05-15 23:59:00+00
30,pld-0bdaa924-b79c-4e8b-b81d-ccd16f342011,agt-1003,mjones,LT-MJONES,aggregator,mjones,http_after_hours,20,,{},2026-05-15 23:59:00+00,HIGH,,2026-05-15 23:59:00+00
31,pld-59cd499a-6a78-4373-a653-c5f453ad8f7b,agt-1004,bwilliams,LT-BWILLIAMS,aggregator,bwilliams,logon_count,1,,{},2026-05-15 23:59:00+00,HIGH,,2026-05-15 23:59:00+00
32,pld-59cd499a-6a78-4373-a653-c5f453ad8f7b,agt-1004,bwilliams,LT-BWILLIAMS,aggregator,bwilliams,logoff_count,3,,{},2026-05-15 23:59:00+00,HIGH,,2026-05-15 23:59:00+00
33,pld-59cd499a-6a78-4373-a653-c5f453ad8f7b,agt-1004,bwilliams,LT-BWILLIAMS,aggregator,bwilliams,file_access_count,295,,{},2026-05-15 23:59:00+00,HIGH,,2026-05-15 23:59:00+00
34,pld-59cd499a-6a78-4373-a653-c5f453ad8f7b,agt-1004,bwilliams,LT-BWILLIAMS,aggregator,bwilliams,file_open_count,169,,{},2026-05-15 23:59:00+00,HIGH,,2026-05-15 23:59:00+00
35,pld-59cd499a-6a78-4373-a653-c5f453ad8f7b,agt-1004,bwilliams,LT-BWILLIAMS,aggregator,bwilliams,file_copy_count,9,,{},2026-05-15 23:59:00+00,HIGH,,2026-05-15 23:59:00+00
36,pld-59cd499a-6a78-4373-a653-c5f453ad8f7b,agt-1004,bwilliams,LT-BWILLIAMS,aggregator,bwilliams,file_write_count,20,,{},2026-05-15 23:59:00+00,HIGH,,2026-05-15 23:59:00+00
37,pld-59cd499a-6a78-4373-a653-c5f453ad8f7b,agt-1004,bwilliams,LT-BWILLIAMS,aggregator,bwilliams,file_delete_count,5,,{},2026-05-15 23:59:00+00,HIGH,,2026-05-15 23:59:00+00
38,pld-59cd499a-6a78-4373-a653-c5f453ad8f7b,agt-1004,bwilliams,LT-BWILLIAMS,aggregator,bwilliams,file_access_after_hours,8,,{},2026-05-15 23:59:00+00,HIGH,,2026-05-15 23:59:00+00
39,pld-59cd499a-6a78-4373-a653-c5f453ad8f7b,agt-1004,bwilliams,LT-BWILLIAMS,aggregator,bwilliams,http_count,597,,{},2026-05-15 23:59:00+00,HIGH,,2026-05-15 23:59:00+00
40,pld-59cd499a-6a78-4373-a653-c5f453ad8f7b,agt-1004,bwilliams,LT-BWILLIAMS,aggregator,bwilliams,download_count,2,,{},2026-05-15 23:59:00+00,HIGH,,2026-05-15 23:59:00+00
41,pld-59cd499a-6a78-4373-a653-c5f453ad8f7b,agt-1004,bwilliams,LT-BWILLIAMS,aggregator,bwilliams,http_after_hours,8,,{},2026-05-15 23:59:00+00,HIGH,,2026-05-15 23:59:00+00
42,pld-39586e76-f2cb-4c38-b642-46c06575574b,agt-1005,cdavis,LT-CDAVIS,aggregator,cdavis,logon_count,3,,{},2026-05-15 23:59:00+00,HIGH,,2026-05-15 23:59:00+00
43,pld-39586e76-f2cb-4c38-b642-46c06575574b,agt-1005,cdavis,LT-CDAVIS,aggregator,cdavis,logoff_count,2,,{},2026-05-15 23:59:00+00,HIGH,,2026-05-15 23:59:00+00
44,pld-39586e76-f2cb-4c38-b642-46c06575574b,agt-1005,cdavis,LT-CDAVIS,aggregator,cdavis,file_access_count,254,,{},2026-05-15 23:59:00+00,HIGH,,2026-05-15 23:59:00+00
45,pld-39586e76-f2cb-4c38-b642-46c06575574b,agt-1005,cdavis,LT-CDAVIS,aggregator,cdavis,file_open_count,93,,{},2026-05-15 23:59:00+00,HIGH,,2026-05-15 23:59:00+00
46,pld-39586e76-f2cb-4c38-b642-46c06575574b,agt-1005,cdavis,LT-CDAVIS,aggregator,cdavis,file_copy_count,8,,{},2026-05-15 23:59:00+00,HIGH,,2026-05-15 23:59:00+00
47,pld-39586e76-f2cb-4c38-b642-46c06575574b,agt-1005,cdavis,LT-CDAVIS,aggregator,cdavis,file_write_count,15,,{},2026-05-15 23:59:00+00,HIGH,,2026-05-15 23:59:00+00
48,pld-39586e76-f2cb-4c38-b642-46c06575574b,agt-1005,cdavis,LT-CDAVIS,aggregator,cdavis,file_delete_count,3,,{},2026-05-15 23:59:00+00,HIGH,,2026-05-15 23:59:00+00
49,pld-39586e76-f2cb-4c38-b642-46c06575574b,agt-1005,cdavis,LT-CDAVIS,aggregator,cdavis,file_access_after_hours,4,,{},2026-05-15 23:59:00+00,HIGH,,2026-05-15 23:59:00+00
50,pld-39586e76-f2cb-4c38-b642-46c06575574b,agt-1005,cdavis,LT-CDAVIS,aggregator,cdavis,http_count,214,,{},2026-05-15 23:59:00+00,HIGH,,2026-05-15 23:59:00+00
51,pld-39586e76-f2cb-4c38-b642-46c06575574b,agt-1005,cdavis,LT-CDAVIS,aggregator,cdavis,download_count,2,,{},2026-05-15 23:59:00+00,HIGH,,2026-05-15 23:59:00+00
52,pld-39586e76-f2cb-4c38-b642-46c06575574b,agt-1005,cdavis,LT-CDAVIS,aggregator,cdavis,http_after_hours,7,,{},2026-05-15 23:59:00+00,HIGH,,2026-05-15 23:59:00+00
53,pld-ecb06d7d-aa41-429c-b450-07dbfd6c3315,agt-1006,mscott,LT-MSCOTT,aggregator,mscott,logon_count,3,,{},2026-05-15 23:59:00+00,HIGH,,2026-05-15 23:59:00+00
54,pld-ecb06d7d-aa41-429c-b450-07dbfd6c3315,agt-1006,mscott,LT-MSCOTT,aggregator,mscott,logoff_count,1,,{},2026-05-15 23:59:00+00,HIGH,,2026-05-15 23:59:00+00
55,pld-ecb06d7d-aa41-429c-b450-07dbfd6c3315,agt-1006,mscott,LT-MSCOTT,aggregator,mscott,file_access_count,133,,{},2026-05-15 23:59:00+00,HIGH,,2026-05-15 23:59:00+00
56,pld-ecb06d7d-aa41-429c-b450-07dbfd6c3315,agt-1006,mscott,LT-MSCOTT,aggregator,mscott,file_open_count,189,,{},2026-05-15 23:59:00+00,HIGH,,2026-05-15 23:59:00+00
57,pld-ecb06d7d-aa41-429c-b450-07dbfd6c3315,agt-1006,mscott,LT-MSCOTT,aggregator,mscott,file_copy_count,19,,{},2026-05-15 23:59:00+00,HIGH,,2026-05-15 23:59:00+00
58,pld-ecb06d7d-aa41-429c-b450-07dbfd6c3315,agt-1006,mscott,LT-MSCOTT,aggregator,mscott,file_write_count,24,,{},2026-05-15 23:59:00+00,HIGH,,2026-05-15 23:59:00+00
59,pld-ecb06d7d-aa41-429c-b450-07dbfd6c3315,agt-1006,mscott,LT-MSCOTT,aggregator,mscott,file_delete_count,5,,{},2026-05-15 23:59:00+00,HIGH,,2026-05-15 23:59:00+00
60,pld-ecb06d7d-aa41-429c-b450-07dbfd6c3315,agt-1006,mscott,LT-MSCOTT,aggregator,mscott,file_access_after_hours,3,,{},2026-05-15 23:59:00+00,HIGH,,2026-05-15 23:59:00+00
61,pld-ecb06d7d-aa41-429c-b450-07dbfd6c3315,agt-1006,mscott,LT-MSCOTT,aggregator,mscott,http_count,221,,{},2026-05-15 23:59:00+00,HIGH,,2026-05-15 23:59:00+00
62,pld-ecb06d7d-aa41-429c-b450-07dbfd6c3315,agt-1006,mscott,LT-MSCOTT,aggregator,mscott,download_count,4,,{},2026-05-15 23:59:00+00,HIGH,,2026-05-15 23:59:00+00
63,pld-ecb06d7d-aa41-429c-b450-07dbfd6c3315,agt-1006,mscott,LT-MSCOTT,aggregator,mscott,http_after_hours,4,,{},2026-05-15 23:59:00+00,HIGH,,2026-05-15 23:59:00+00
64,pld-5558c66f-b5c5-480c-849a-0af9f7ad5848,agt-1007,tjones,LT-TJONES,aggregator,tjones,logon_count,3,,{},2026-05-15 23:59:00+00,HIGH,,2026-05-15 23:59:00+00
65,pld-5558c66f-b5c5-480c-849a-0af9f7ad5848,agt-1007,tjones,LT-TJONES,aggregator,tjones,logoff_count,3,,{},2026-05-15 23:59:00+00,HIGH,,2026-05-15 23:59:00+00
66,pld-5558c66f-b5c5-480c-849a-0af9f7ad5848,agt-1007,tjones,LT-TJONES,aggregator,tjones,file_access_count,402,,{},2026-05-15 23:59:00+00,HIGH,,2026-05-15 23:59:00+00
67,pld-5558c66f-b5c5-480c-849a-0af9f7ad5848,agt-1007,tjones,LT-TJONES,aggregator,tjones,file_open_count,175,,{},2026-05-15 23:59:00+00,HIGH,,2026-05-15 23:59:00+00
68,pld-5558c66f-b5c5-480c-849a-0af9f7ad5848,agt-1007,tjones,LT-TJONES,aggregator,tjones,file_copy_count,13,,{},2026-05-15 23:59:00+00,HIGH,,2026-05-15 23:59:00+00
69,pld-5558c66f-b5c5-480c-849a-0af9f7ad5848,agt-1007,tjones,LT-TJONES,aggregator,tjones,file_write_count,32,,{},2026-05-15 23:59:00+00,HIGH,,2026-05-15 23:59:00+00
70,pld-5558c66f-b5c5-480c-849a-0af9f7ad5848,agt-1007,tjones,LT-TJONES,aggregator,tjones,file_delete_count,4,,{},2026-05-15 23:59:00+00,HIGH,,2026-05-15 23:59:00+00
71,pld-5558c66f-b5c5-480c-849a-0af9f7ad5848,agt-1007,tjones,LT-TJONES,aggregator,tjones,file_access_after_hours,7,,{},2026-05-15 23:59:00+00,HIGH,,2026-05-15 23:59:00+00
72,pld-5558c66f-b5c5-480c-849a-0af9f7ad5848,agt-1007,tjones,LT-TJONES,aggregator,tjones,http_count,869,,{},2026-05-15 23:59:00+00,HIGH,,2026-05-15 23:59:00+00
73,pld-5558c66f-b5c5-480c-849a-0af9f7ad5848,agt-1007,tjones,LT-TJONES,aggregator,tjones,download_count,1,,{},2026-05-15 23:59:00+00,HIGH,,2026-05-15 23:59:00+00
74,pld-5558c66f-b5c5-480c-849a-0af9f7ad5848,agt-1007,tjones,LT-TJONES,aggregator,tjones,http_after_hours,1,,{},2026-05-15 23:59:00+00,HIGH,,2026-05-15 23:59:00+00
75,pld-c4a4b8cb-b8bc-4634-bc2c-7edb48f66d32,agt-1008,rwilson,LT-RWILSON,aggregator,rwilson,logon_count,1,,{},2026-05-15 23:59:00+00,HIGH,,2026-05-15 23:59:00+00
76,pld-c4a4b8cb-b8bc-4634-bc2c-7edb48f66d32,agt-1008,rwilson,LT-RWILSON,aggregator,rwilson,logoff_count,1,,{},2026-05-15 23:59:00+00,HIGH,,2026-05-15 23:59:00+00
77,pld-c4a4b8cb-b8bc-4634-bc2c-7edb48f66d32,agt-1008,rwilson,LT-RWILSON,aggregator,rwilson,file_access_count,320,,{},2026-05-15 23:59:00+00,HIGH,,2026-05-15 23:59:00+00
78,pld-c4a4b8cb-b8bc-4634-bc2c-7edb48f66d32,agt-1008,rwilson,LT-RWILSON,aggregator,rwilson,file_open_count,85,,{},2026-05-15 23:59:00+00,HIGH,,2026-05-15 23:59:00+00
79,pld-c4a4b8cb-b8bc-4634-bc2c-7edb48f66d32,agt-1008,rwilson,LT-RWILSON,aggregator,rwilson,file_copy_count,19,,{},2026-05-15 23:59:00+00,HIGH,,2026-05-15 23:59:00+00
80,pld-c4a4b8cb-b8bc-4634-bc2c-7edb48f66d32,agt-1008,rwilson,LT-RWILSON,aggregator,rwilson,file_write_count,24,,{},2026-05-15 23:59:00+00,HIGH,,2026-05-15 23:59:00+00
81,pld-c4a4b8cb-b8bc-4634-bc2c-7edb48f66d32,agt-1008,rwilson,LT-RWILSON,aggregator,rwilson,file_delete_count,5,,{},2026-05-15 23:59:00+00,HIGH,,2026-05-15 23:59:00+00
82,pld-c4a4b8cb-b8bc-4634-bc2c-7edb48f66d32,agt-1008,rwilson,LT-RWILSON,aggregator,rwilson,file_access_after_hours,10,,{},2026-05-15 23:59:00+00,HIGH,,2026-05-15 23:59:00+00
83,pld-c4a4b8cb-b8bc-4634-bc2c-7edb48f66d32,agt-1008,rwilson,LT-RWILSON,aggregator,rwilson,http_count,645,,{},2026-05-15 23:59:00+00,HIGH,,2026-05-15 23:59:00+00
84,pld-c4a4b8cb-b8bc-4634-bc2c-7edb48f66d32,agt-1008,rwilson,LT-RWILSON,aggregator,rwilson,download_count,3,,{},2026-05-15 23:59:00+00,HIGH,,2026-05-15 23:59:00+00
85,pld-c4a4b8cb-b8bc-4634-bc2c-7edb48f66d32,agt-1008,rwilson,LT-RWILSON,aggregator,rwilson,http_after_hours,19,,{},2026-05-15 23:59:00+00,HIGH,,2026-05-15 23:59:00+00
86,pld-9fd0a93b-c7e7-4d02-875a-71b0859c1581,agt-1009,esnow,LT-ESNOW,aggregator,esnow,logon_count,2,,{},2026-05-15 23:59:00+00,HIGH,,2026-05-15 23:59:00+00
87,pld-9fd0a93b-c7e7-4d02-875a-71b0859c1581,agt-1009,esnow,LT-ESNOW,aggregator,esnow,logoff_count,3,,{},2026-05-15 23:59:00+00,HIGH,,2026-05-15 23:59:00+00
88,pld-9fd0a93b-c7e7-4d02-875a-71b0859c1581,agt-1009,esnow,LT-ESNOW,aggregator,esnow,file_access_count,460,,{},2026-05-15 23:59:00+00,HIGH,,2026-05-15 23:59:00+00
89,pld-9fd0a93b-c7e7-4d02-875a-71b0859c1581,agt-1009,esnow,LT-ESNOW,aggregator,esnow,file_open_count,80,,{},2026-05-15 23:59:00+00,HIGH,,2026-05-15 23:59:00+00
90,pld-9fd0a93b-c7e7-4d02-875a-71b0859c1581,agt-1009,esnow,LT-ESNOW,aggregator,esnow,file_copy_count,19,,{},2026-05-15 23:59:00+00,HIGH,,2026-05-15 23:59:00+00
91,pld-9fd0a93b-c7e7-4d02-875a-71b0859c1581,agt-1009,esnow,LT-ESNOW,aggregator,esnow,file_write_count,40,,{},2026-05-15 23:59:00+00,HIGH,,2026-05-15 23:59:00+00
92,pld-9fd0a93b-c7e7-4d02-875a-71b0859c1581,agt-1009,esnow,LT-ESNOW,aggregator,esnow,file_delete_count,3,,{},2026-05-15 23:59:00+00,HIGH,,2026-05-15 23:59:00+00
93,pld-9fd0a93b-c7e7-4d02-875a-71b0859c1581,agt-1009,esnow,LT-ESNOW,aggregator,esnow,file_access_after_hours,10,,{},2026-05-15 23:59:00+00,HIGH,,2026-05-15 23:59:00+00
94,pld-9fd0a93b-c7e7-4d02-875a-71b0859c1581,agt-1009,esnow,LT-ESNOW,aggregator,esnow,http_count,765,,{},2026-05-15 23:59:00+00,HIGH,,2026-05-15 23:59:00+00
95,pld-9fd0a93b-c7e7-4d02-875a-71b0859c1581,agt-1009,esnow,LT-ESNOW,aggregator,esnow,download_count,4,,{},2026-05-15 23:59:00+00,HIGH,,2026-05-15 23:59:00+00
96,pld-9fd0a93b-c7e7-4d02-875a-71b0859c1581,agt-1009,esnow,LT-ESNOW,aggregator,esnow,http_after_hours,12,,{},2026-05-15 23:59:00+00,HIGH,,2026-05-15 23:59:00+00
97,pld-c805da79-bf57-44fd-bac5-b35f275c2f1e,agt-1010,badmin,LT-BADMIN,aggregator,badmin,logon_count,3,,{},2026-05-15 23:59:00+00,HIGH,,2026-05-15 23:59:00+00
98,pld-c805da79-bf57-44fd-bac5-b35f275c2f1e,agt-1010,badmin,LT-BADMIN,aggregator,badmin,logoff_count,2,,{},2026-05-15 23:59:00+00,HIGH,,2026-05-15 23:59:00+00
99,pld-c805da79-bf57-44fd-bac5-b35f275c2f1e,agt-1010,badmin,LT-BADMIN,aggregator,badmin,file_access_count,393,,{},2026-05-15 23:59:00+00,HIGH,,2026-05-15 23:59:00+00
100,pld-c805da79-bf57-44fd-bac5-b35f275c2f1e,agt-1010,badmin,LT-BADMIN,aggregator,badmin,file_open_count,124,,{},2026-05-15 23:59:00+00,HIGH,,2026-05-15 23:59:00+00
101,pld-c805da79-bf57-44fd-bac5-b35f275c2f1e,agt-1010,badmin,LT-BADMIN,aggregator,badmin,file_copy_count,19,,{},2026-05-15 23:59:00+00,HIGH,,2026-05-15 23:59:00+00
102,pld-c805da79-bf57-44fd-bac5-b35f275c2f1e,agt-1010,badmin,LT-BADMIN,aggregator,badmin,file_write_count,44,,{},2026-05-15 23:59:00+00,HIGH,,2026-05-15 23:59:00+00
103,pld-c805da79-bf57-44fd-bac5-b35f275c2f1e,agt-1010,badmin,LT-BADMIN,aggregator,badmin,file_delete_count,4,,{},2026-05-15 23:59:00+00,HIGH,,2026-05-15 23:59:00+00
104,pld-c805da79-bf57-44fd-bac5-b35f275c2f1e,agt-1010,badmin,LT-BADMIN,aggregator,badmin,http_count,563,,{},2026-05-15 23:59:00+00,HIGH,,2026-05-15 23:59:00+00
105,pld-c805da79-bf57-44fd-bac5-b35f275c2f1e,agt-1010,badmin,LT-BADMIN,aggregator,badmin,download_count,5,,{},2026-05-15 23:59:00+00,HIGH,,2026-05-15 23:59:00+00
106,pld-c805da79-bf57-44fd-bac5-b35f275c2f1e,agt-1010,badmin,LT-BADMIN,aggregator,badmin,http_after_hours,5,,{},2026-05-15 23:59:00+00,HIGH,,2026-05-15 23:59:00+00
107,pld-c6ff2340-a95d-48c5-8c93-1aa58f3efc51,agt-1001,jdoe,LT-JDOE,aggregator,jdoe,logon_count,1,,{},2026-05-16 23:59:00+00,HIGH,,2026-05-16 23:59:00+00
108,pld-c6ff2340-a95d-48c5-8c93-1aa58f3efc51,agt-1001,jdoe,LT-JDOE,aggregator,jdoe,logoff_count,1,,{},2026-05-16 23:59:00+00,HIGH,,2026-05-16 23:59:00+00
109,pld-c6ff2340-a95d-48c5-8c93-1aa58f3efc51,agt-1001,jdoe,LT-JDOE,aggregator,jdoe,file_access_count,38,,{},2026-05-16 23:59:00+00,HIGH,,2026-05-16 23:59:00+00
110,pld-c6ff2340-a95d-48c5-8c93-1aa58f3efc51,agt-1001,jdoe,LT-JDOE,aggregator,jdoe,file_open_count,74,,{},2026-05-16 23:59:00+00,HIGH,,2026-05-16 23:59:00+00
111,pld-c6ff2340-a95d-48c5-8c93-1aa58f3efc51,agt-1001,jdoe,LT-JDOE,aggregator,jdoe,file_copy_count,20,,{},2026-05-16 23:59:00+00,HIGH,,2026-05-16 23:59:00+00
112,pld-c6ff2340-a95d-48c5-8c93-1aa58f3efc51,agt-1001,jdoe,LT-JDOE,aggregator,jdoe,file_write_count,49,,{},2026-05-16 23:59:00+00,HIGH,,2026-05-16 23:59:00+00
113,pld-c6ff2340-a95d-48c5-8c93-1aa58f3efc51,agt-1001,jdoe,LT-JDOE,aggregator,jdoe,file_delete_count,2,,{},2026-05-16 23:59:00+00,HIGH,,2026-05-16 23:59:00+00
114,pld-c6ff2340-a95d-48c5-8c93-1aa58f3efc51,agt-1001,jdoe,LT-JDOE,aggregator,jdoe,file_access_after_hours,10,,{},2026-05-16 23:59:00+00,HIGH,,2026-05-16 23:59:00+00
115,pld-c6ff2340-a95d-48c5-8c93-1aa58f3efc51,agt-1001,jdoe,LT-JDOE,aggregator,jdoe,http_count,36,,{},2026-05-16 23:59:00+00,HIGH,,2026-05-16 23:59:00+00
116,pld-c6ff2340-a95d-48c5-8c93-1aa58f3efc51,agt-1001,jdoe,LT-JDOE,aggregator,jdoe,download_count,4,,{},2026-05-16 23:59:00+00,HIGH,,2026-05-16 23:59:00+00
117,pld-60a85649-3803-4f04-ad35-9db70e12e5d2,agt-1002,asmith,LT-ASMITH,aggregator,asmith,logon_count,2,,{},2026-05-16 23:59:00+00,HIGH,,2026-05-16 23:59:00+00
118,pld-60a85649-3803-4f04-ad35-9db70e12e5d2,agt-1002,asmith,LT-ASMITH,aggregator,asmith,logoff_count,3,,{},2026-05-16 23:59:00+00,HIGH,,2026-05-16 23:59:00+00
119,pld-60a85649-3803-4f04-ad35-9db70e12e5d2,agt-1002,asmith,LT-ASMITH,aggregator,asmith,file_access_count,4,,{},2026-05-16 23:59:00+00,HIGH,,2026-05-16 23:59:00+00
120,pld-60a85649-3803-4f04-ad35-9db70e12e5d2,agt-1002,asmith,LT-ASMITH,aggregator,asmith,file_open_count,123,,{},2026-05-16 23:59:00+00,HIGH,,2026-05-16 23:59:00+00
121,pld-60a85649-3803-4f04-ad35-9db70e12e5d2,agt-1002,asmith,LT-ASMITH,aggregator,asmith,file_copy_count,8,,{},2026-05-16 23:59:00+00,HIGH,,2026-05-16 23:59:00+00
122,pld-60a85649-3803-4f04-ad35-9db70e12e5d2,agt-1002,asmith,LT-ASMITH,aggregator,asmith,file_write_count,17,,{},2026-05-16 23:59:00+00,HIGH,,2026-05-16 23:59:00+00
123,pld-60a85649-3803-4f04-ad35-9db70e12e5d2,agt-1002,asmith,LT-ASMITH,aggregator,asmith,file_delete_count,5,,{},2026-05-16 23:59:00+00,HIGH,,2026-05-16 23:59:00+00
124,pld-60a85649-3803-4f04-ad35-9db70e12e5d2,agt-1002,asmith,LT-ASMITH,aggregator,asmith,file_access_after_hours,1,,{},2026-05-16 23:59:00+00,HIGH,,2026-05-16 23:59:00+00
125,pld-60a85649-3803-4f04-ad35-9db70e12e5d2,agt-1002,asmith,LT-ASMITH,aggregator,asmith,http_count,16,,{},2026-05-16 23:59:00+00,HIGH,,2026-05-16 23:59:00+00
126,pld-60a85649-3803-4f04-ad35-9db70e12e5d2,agt-1002,asmith,LT-ASMITH,aggregator,asmith,download_count,5,,{},2026-05-16 23:59:00+00,HIGH,,2026-05-16 23:59:00+00
127,pld-60a85649-3803-4f04-ad35-9db70e12e5d2,agt-1002,asmith,LT-ASMITH,aggregator,asmith,http_after_hours,17,,{},2026-05-16 23:59:00+00,HIGH,,2026-05-16 23:59:00+00
128,pld-74671ee9-4f12-487b-84ff-04acc1972361,agt-1003,mjones,LT-MJONES,aggregator,mjones,logon_count,2,,{},2026-05-16 23:59:00+00,HIGH,,2026-05-16 23:59:00+00
129,pld-74671ee9-4f12-487b-84ff-04acc1972361,agt-1003,mjones,LT-MJONES,aggregator,mjones,logoff_count,3,,{},2026-05-16 23:59:00+00,HIGH,,2026-05-16 23:59:00+00
130,pld-74671ee9-4f12-487b-84ff-04acc1972361,agt-1003,mjones,LT-MJONES,aggregator,mjones,file_access_count,12,,{},2026-05-16 23:59:00+00,HIGH,,2026-05-16 23:59:00+00
131,pld-74671ee9-4f12-487b-84ff-04acc1972361,agt-1003,mjones,LT-MJONES,aggregator,mjones,file_open_count,174,,{},2026-05-16 23:59:00+00,HIGH,,2026-05-16 23:59:00+00
132,pld-74671ee9-4f12-487b-84ff-04acc1972361,agt-1003,mjones,LT-MJONES,aggregator,mjones,file_copy_count,9,,{},2026-05-16 23:59:00+00,HIGH,,2026-05-16 23:59:00+00
133,pld-74671ee9-4f12-487b-84ff-04acc1972361,agt-1003,mjones,LT-MJONES,aggregator,mjones,file_write_count,34,,{},2026-05-16 23:59:00+00,HIGH,,2026-05-16 23:59:00+00
134,pld-74671ee9-4f12-487b-84ff-04acc1972361,agt-1003,mjones,LT-MJONES,aggregator,mjones,file_delete_count,3,,{},2026-05-16 23:59:00+00,HIGH,,2026-05-16 23:59:00+00
135,pld-74671ee9-4f12-487b-84ff-04acc1972361,agt-1003,mjones,LT-MJONES,aggregator,mjones,file_access_after_hours,1,,{},2026-05-16 23:59:00+00,HIGH,,2026-05-16 23:59:00+00
136,pld-74671ee9-4f12-487b-84ff-04acc1972361,agt-1003,mjones,LT-MJONES,aggregator,mjones,http_count,97,,{},2026-05-16 23:59:00+00,HIGH,,2026-05-16 23:59:00+00
137,pld-74671ee9-4f12-487b-84ff-04acc1972361,agt-1003,mjones,LT-MJONES,aggregator,mjones,download_count,5,,{},2026-05-16 23:59:00+00,HIGH,,2026-05-16 23:59:00+00
138,pld-74671ee9-4f12-487b-84ff-04acc1972361,agt-1003,mjones,LT-MJONES,aggregator,mjones,http_after_hours,16,,{},2026-05-16 23:59:00+00,HIGH,,2026-05-16 23:59:00+00
139,pld-970eeba1-1fa4-4c10-8b79-1a8b592c0b17,agt-1004,bwilliams,LT-BWILLIAMS,aggregator,bwilliams,logon_count,3,,{},2026-05-16 23:59:00+00,HIGH,,2026-05-16 23:59:00+00
140,pld-970eeba1-1fa4-4c10-8b79-1a8b592c0b17,agt-1004,bwilliams,LT-BWILLIAMS,aggregator,bwilliams,logoff_count,3,,{},2026-05-16 23:59:00+00,HIGH,,2026-05-16 23:59:00+00
141,pld-970eeba1-1fa4-4c10-8b79-1a8b592c0b17,agt-1004,bwilliams,LT-BWILLIAMS,aggregator,bwilliams,file_access_count,27,,{},2026-05-16 23:59:00+00,HIGH,,2026-05-16 23:59:00+00
142,pld-970eeba1-1fa4-4c10-8b79-1a8b592c0b17,agt-1004,bwilliams,LT-BWILLIAMS,aggregator,bwilliams,file_open_count,187,,{},2026-05-16 23:59:00+00,HIGH,,2026-05-16 23:59:00+00
143,pld-970eeba1-1fa4-4c10-8b79-1a8b592c0b17,agt-1004,bwilliams,LT-BWILLIAMS,aggregator,bwilliams,file_copy_count,5,,{},2026-05-16 23:59:00+00,HIGH,,2026-05-16 23:59:00+00
144,pld-970eeba1-1fa4-4c10-8b79-1a8b592c0b17,agt-1004,bwilliams,LT-BWILLIAMS,aggregator,bwilliams,file_write_count,37,,{},2026-05-16 23:59:00+00,HIGH,,2026-05-16 23:59:00+00
145,pld-970eeba1-1fa4-4c10-8b79-1a8b592c0b17,agt-1004,bwilliams,LT-BWILLIAMS,aggregator,bwilliams,file_delete_count,5,,{},2026-05-16 23:59:00+00,HIGH,,2026-05-16 23:59:00+00
146,pld-970eeba1-1fa4-4c10-8b79-1a8b592c0b17,agt-1004,bwilliams,LT-BWILLIAMS,aggregator,bwilliams,file_access_after_hours,9,,{},2026-05-16 23:59:00+00,HIGH,,2026-05-16 23:59:00+00
147,pld-970eeba1-1fa4-4c10-8b79-1a8b592c0b17,agt-1004,bwilliams,LT-BWILLIAMS,aggregator,bwilliams,http_count,16,,{},2026-05-16 23:59:00+00,HIGH,,2026-05-16 23:59:00+00
148,pld-970eeba1-1fa4-4c10-8b79-1a8b592c0b17,agt-1004,bwilliams,LT-BWILLIAMS,aggregator,bwilliams,download_count,4,,{},2026-05-16 23:59:00+00,HIGH,,2026-05-16 23:59:00+00
149,pld-970eeba1-1fa4-4c10-8b79-1a8b592c0b17,agt-1004,bwilliams,LT-BWILLIAMS,aggregator,bwilliams,http_after_hours,3,,{},2026-05-16 23:59:00+00,HIGH,,2026-05-16 23:59:00+00
150,pld-f3bf96f3-8c3b-42e6-8d17-31715ce1c2a2,agt-1005,cdavis,LT-CDAVIS,aggregator,cdavis,logon_count,2,,{},2026-05-16 23:59:00+00,HIGH,,2026-05-16 23:59:00+00
151,pld-f3bf96f3-8c3b-42e6-8d17-31715ce1c2a2,agt-1005,cdavis,LT-CDAVIS,aggregator,cdavis,logoff_count,3,,{},2026-05-16 23:59:00+00,HIGH,,2026-05-16 23:59:00+00
152,pld-f3bf96f3-8c3b-42e6-8d17-31715ce1c2a2,agt-1005,cdavis,LT-CDAVIS,aggregator,cdavis,file_access_count,25,,{},2026-05-16 23:59:00+00,HIGH,,2026-05-16 23:59:00+00
153,pld-f3bf96f3-8c3b-42e6-8d17-31715ce1c2a2,agt-1005,cdavis,LT-CDAVIS,aggregator,cdavis,file_open_count,66,,{},2026-05-16 23:59:00+00,HIGH,,2026-05-16 23:59:00+00
154,pld-f3bf96f3-8c3b-42e6-8d17-31715ce1c2a2,agt-1005,cdavis,LT-CDAVIS,aggregator,cdavis,file_copy_count,8,,{},2026-05-16 23:59:00+00,HIGH,,2026-05-16 23:59:00+00
155,pld-f3bf96f3-8c3b-42e6-8d17-31715ce1c2a2,agt-1005,cdavis,LT-CDAVIS,aggregator,cdavis,file_write_count,42,,{},2026-05-16 23:59:00+00,HIGH,,2026-05-16 23:59:00+00
156,pld-f3bf96f3-8c3b-42e6-8d17-31715ce1c2a2,agt-1005,cdavis,LT-CDAVIS,aggregator,cdavis,file_delete_count,4,,{},2026-05-16 23:59:00+00,HIGH,,2026-05-16 23:59:00+00
157,pld-f3bf96f3-8c3b-42e6-8d17-31715ce1c2a2,agt-1005,cdavis,LT-CDAVIS,aggregator,cdavis,file_access_after_hours,1,,{},2026-05-16 23:59:00+00,HIGH,,2026-05-16 23:59:00+00
158,pld-f3bf96f3-8c3b-42e6-8d17-31715ce1c2a2,agt-1005,cdavis,LT-CDAVIS,aggregator,cdavis,http_count,53,,{},2026-05-16 23:59:00+00,HIGH,,2026-05-16 23:59:00+00
159,pld-f3bf96f3-8c3b-42e6-8d17-31715ce1c2a2,agt-1005,cdavis,LT-CDAVIS,aggregator,cdavis,http_after_hours,17,,{},2026-05-16 23:59:00+00,HIGH,,2026-05-16 23:59:00+00
160,pld-c8fe4d15-4913-49a4-b4af-225cb65283b2,agt-1006,mscott,LT-MSCOTT,aggregator,mscott,logon_count,3,,{},2026-05-16 23:59:00+00,HIGH,,2026-05-16 23:59:00+00
161,pld-c8fe4d15-4913-49a4-b4af-225cb65283b2,agt-1006,mscott,LT-MSCOTT,aggregator,mscott,logoff_count,1,,{},2026-05-16 23:59:00+00,HIGH,,2026-05-16 23:59:00+00
162,pld-c8fe4d15-4913-49a4-b4af-225cb65283b2,agt-1006,mscott,LT-MSCOTT,aggregator,mscott,file_access_count,24,,{},2026-05-16 23:59:00+00,HIGH,,2026-05-16 23:59:00+00
163,pld-c8fe4d15-4913-49a4-b4af-225cb65283b2,agt-1006,mscott,LT-MSCOTT,aggregator,mscott,file_open_count,64,,{},2026-05-16 23:59:00+00,HIGH,,2026-05-16 23:59:00+00
164,pld-c8fe4d15-4913-49a4-b4af-225cb65283b2,agt-1006,mscott,LT-MSCOTT,aggregator,mscott,file_copy_count,8,,{},2026-05-16 23:59:00+00,HIGH,,2026-05-16 23:59:00+00
165,pld-c8fe4d15-4913-49a4-b4af-225cb65283b2,agt-1006,mscott,LT-MSCOTT,aggregator,mscott,file_write_count,26,,{},2026-05-16 23:59:00+00,HIGH,,2026-05-16 23:59:00+00
166,pld-c8fe4d15-4913-49a4-b4af-225cb65283b2,agt-1006,mscott,LT-MSCOTT,aggregator,mscott,file_delete_count,4,,{},2026-05-16 23:59:00+00,HIGH,,2026-05-16 23:59:00+00
167,pld-c8fe4d15-4913-49a4-b4af-225cb65283b2,agt-1006,mscott,LT-MSCOTT,aggregator,mscott,file_access_after_hours,3,,{},2026-05-16 23:59:00+00,HIGH,,2026-05-16 23:59:00+00
168,pld-c8fe4d15-4913-49a4-b4af-225cb65283b2,agt-1006,mscott,LT-MSCOTT,aggregator,mscott,http_count,11,,{},2026-05-16 23:59:00+00,HIGH,,2026-05-16 23:59:00+00
169,pld-c8fe4d15-4913-49a4-b4af-225cb65283b2,agt-1006,mscott,LT-MSCOTT,aggregator,mscott,download_count,3,,{},2026-05-16 23:59:00+00,HIGH,,2026-05-16 23:59:00+00
170,pld-c8fe4d15-4913-49a4-b4af-225cb65283b2,agt-1006,mscott,LT-MSCOTT,aggregator,mscott,http_after_hours,9,,{},2026-05-16 23:59:00+00,HIGH,,2026-05-16 23:59:00+00
171,pld-8c746bc6-1aef-4430-bc4d-4241ca78c2b1,agt-1007,tjones,LT-TJONES,aggregator,tjones,logon_count,3,,{},2026-05-16 23:59:00+00,HIGH,,2026-05-16 23:59:00+00
172,pld-8c746bc6-1aef-4430-bc4d-4241ca78c2b1,agt-1007,tjones,LT-TJONES,aggregator,tjones,logoff_count,2,,{},2026-05-16 23:59:00+00,HIGH,,2026-05-16 23:59:00+00
173,pld-8c746bc6-1aef-4430-bc4d-4241ca78c2b1,agt-1007,tjones,LT-TJONES,aggregator,tjones,file_access_count,47,,{},2026-05-16 23:59:00+00,HIGH,,2026-05-16 23:59:00+00
174,pld-8c746bc6-1aef-4430-bc4d-4241ca78c2b1,agt-1007,tjones,LT-TJONES,aggregator,tjones,file_open_count,143,,{},2026-05-16 23:59:00+00,HIGH,,2026-05-16 23:59:00+00
175,pld-8c746bc6-1aef-4430-bc4d-4241ca78c2b1,agt-1007,tjones,LT-TJONES,aggregator,tjones,file_copy_count,17,,{},2026-05-16 23:59:00+00,HIGH,,2026-05-16 23:59:00+00
176,pld-8c746bc6-1aef-4430-bc4d-4241ca78c2b1,agt-1007,tjones,LT-TJONES,aggregator,tjones,file_write_count,26,,{},2026-05-16 23:59:00+00,HIGH,,2026-05-16 23:59:00+00
177,pld-8c746bc6-1aef-4430-bc4d-4241ca78c2b1,agt-1007,tjones,LT-TJONES,aggregator,tjones,file_delete_count,2,,{},2026-05-16 23:59:00+00,HIGH,,2026-05-16 23:59:00+00
178,pld-8c746bc6-1aef-4430-bc4d-4241ca78c2b1,agt-1007,tjones,LT-TJONES,aggregator,tjones,file_access_after_hours,7,,{},2026-05-16 23:59:00+00,HIGH,,2026-05-16 23:59:00+00
179,pld-8c746bc6-1aef-4430-bc4d-4241ca78c2b1,agt-1007,tjones,LT-TJONES,aggregator,tjones,http_count,21,,{},2026-05-16 23:59:00+00,HIGH,,2026-05-16 23:59:00+00
180,pld-8c746bc6-1aef-4430-bc4d-4241ca78c2b1,agt-1007,tjones,LT-TJONES,aggregator,tjones,download_count,2,,{},2026-05-16 23:59:00+00,HIGH,,2026-05-16 23:59:00+00
181,pld-8c746bc6-1aef-4430-bc4d-4241ca78c2b1,agt-1007,tjones,LT-TJONES,aggregator,tjones,http_after_hours,7,,{},2026-05-16 23:59:00+00,HIGH,,2026-05-16 23:59:00+00
182,pld-61ac6447-5d5f-4d0d-8b5d-25cf24c21458,agt-1008,rwilson,LT-RWILSON,aggregator,rwilson,logon_count,2,,{},2026-05-16 23:59:00+00,HIGH,,2026-05-16 23:59:00+00
183,pld-61ac6447-5d5f-4d0d-8b5d-25cf24c21458,agt-1008,rwilson,LT-RWILSON,aggregator,rwilson,logoff_count,1,,{},2026-05-16 23:59:00+00,HIGH,,2026-05-16 23:59:00+00
184,pld-61ac6447-5d5f-4d0d-8b5d-25cf24c21458,agt-1008,rwilson,LT-RWILSON,aggregator,rwilson,file_access_count,35,,{},2026-05-16 23:59:00+00,HIGH,,2026-05-16 23:59:00+00
185,pld-61ac6447-5d5f-4d0d-8b5d-25cf24c21458,agt-1008,rwilson,LT-RWILSON,aggregator,rwilson,file_open_count,86,,{},2026-05-16 23:59:00+00,HIGH,,2026-05-16 23:59:00+00
186,pld-61ac6447-5d5f-4d0d-8b5d-25cf24c21458,agt-1008,rwilson,LT-RWILSON,aggregator,rwilson,file_copy_count,14,,{},2026-05-16 23:59:00+00,HIGH,,2026-05-16 23:59:00+00
187,pld-61ac6447-5d5f-4d0d-8b5d-25cf24c21458,agt-1008,rwilson,LT-RWILSON,aggregator,rwilson,file_write_count,17,,{},2026-05-16 23:59:00+00,HIGH,,2026-05-16 23:59:00+00
188,pld-61ac6447-5d5f-4d0d-8b5d-25cf24c21458,agt-1008,rwilson,LT-RWILSON,aggregator,rwilson,file_delete_count,3,,{},2026-05-16 23:59:00+00,HIGH,,2026-05-16 23:59:00+00
189,pld-61ac6447-5d5f-4d0d-8b5d-25cf24c21458,agt-1008,rwilson,LT-RWILSON,aggregator,rwilson,file_access_after_hours,3,,{},2026-05-16 23:59:00+00,HIGH,,2026-05-16 23:59:00+00
190,pld-61ac6447-5d5f-4d0d-8b5d-25cf24c21458,agt-1008,rwilson,LT-RWILSON,aggregator,rwilson,http_count,5,,{},2026-05-16 23:59:00+00,HIGH,,2026-05-16 23:59:00+00
191,pld-61ac6447-5d5f-4d0d-8b5d-25cf24c21458,agt-1008,rwilson,LT-RWILSON,aggregator,rwilson,download_count,3,,{},2026-05-16 23:59:00+00,HIGH,,2026-05-16 23:59:00+00
192,pld-61ac6447-5d5f-4d0d-8b5d-25cf24c21458,agt-1008,rwilson,LT-RWILSON,aggregator,rwilson,http_after_hours,3,,{},2026-05-16 23:59:00+00,HIGH,,2026-05-16 23:59:00+00
193,pld-abb216f6-89bf-45a7-b9df-5b4baf1ea48e,agt-1009,esnow,LT-ESNOW,aggregator,esnow,logon_count,2,,{},2026-05-16 23:59:00+00,HIGH,,2026-05-16 23:59:00+00
194,pld-abb216f6-89bf-45a7-b9df-5b4baf1ea48e,agt-1009,esnow,LT-ESNOW,aggregator,esnow,logoff_count,1,,{},2026-05-16 23:59:00+00,HIGH,,2026-05-16 23:59:00+00
195,pld-abb216f6-89bf-45a7-b9df-5b4baf1ea48e,agt-1009,esnow,LT-ESNOW,aggregator,esnow,file_access_count,44,,{},2026-05-16 23:59:00+00,HIGH,,2026-05-16 23:59:00+00
196,pld-abb216f6-89bf-45a7-b9df-5b4baf1ea48e,agt-1009,esnow,LT-ESNOW,aggregator,esnow,file_open_count,135,,{},2026-05-16 23:59:00+00,HIGH,,2026-05-16 23:59:00+00
197,pld-abb216f6-89bf-45a7-b9df-5b4baf1ea48e,agt-1009,esnow,LT-ESNOW,aggregator,esnow,file_copy_count,11,,{},2026-05-16 23:59:00+00,HIGH,,2026-05-16 23:59:00+00
198,pld-abb216f6-89bf-45a7-b9df-5b4baf1ea48e,agt-1009,esnow,LT-ESNOW,aggregator,esnow,file_write_count,32,,{},2026-05-16 23:59:00+00,HIGH,,2026-05-16 23:59:00+00
199,pld-abb216f6-89bf-45a7-b9df-5b4baf1ea48e,agt-1009,esnow,LT-ESNOW,aggregator,esnow,file_access_after_hours,10,,{},2026-05-16 23:59:00+00,HIGH,,2026-05-16 23:59:00+00
200,pld-abb216f6-89bf-45a7-b9df-5b4baf1ea48e,agt-1009,esnow,LT-ESNOW,aggregator,esnow,http_count,84,,{},2026-05-16 23:59:00+00,HIGH,,2026-05-16 23:59:00+00
201,pld-abb216f6-89bf-45a7-b9df-5b4baf1ea48e,agt-1009,esnow,LT-ESNOW,aggregator,esnow,download_count,1,,{},2026-05-16 23:59:00+00,HIGH,,2026-05-16 23:59:00+00
202,pld-abb216f6-89bf-45a7-b9df-5b4baf1ea48e,agt-1009,esnow,LT-ESNOW,aggregator,esnow,http_after_hours,9,,{},2026-05-16 23:59:00+00,HIGH,,2026-05-16 23:59:00+00
203,pld-0fff65fc-e362-4707-b287-30d8040fd0e6,agt-1010,badmin,LT-BADMIN,aggregator,badmin,logon_count,2,,{},2026-05-16 23:59:00+00,HIGH,,2026-05-16 23:59:00+00
204,pld-0fff65fc-e362-4707-b287-30d8040fd0e6,agt-1010,badmin,LT-BADMIN,aggregator,badmin,logoff_count,3,,{},2026-05-16 23:59:00+00,HIGH,,2026-05-16 23:59:00+00
205,pld-0fff65fc-e362-4707-b287-30d8040fd0e6,agt-1010,badmin,LT-BADMIN,aggregator,badmin,file_access_count,32,,{},2026-05-16 23:59:00+00,HIGH,,2026-05-16 23:59:00+00
206,pld-0fff65fc-e362-4707-b287-30d8040fd0e6,agt-1010,badmin,LT-BADMIN,aggregator,badmin,file_open_count,86,,{},2026-05-16 23:59:00+00,HIGH,,2026-05-16 23:59:00+00
207,pld-0fff65fc-e362-4707-b287-30d8040fd0e6,agt-1010,badmin,LT-BADMIN,aggregator,badmin,file_copy_count,10,,{},2026-05-16 23:59:00+00,HIGH,,2026-05-16 23:59:00+00
208,pld-0fff65fc-e362-4707-b287-30d8040fd0e6,agt-1010,badmin,LT-BADMIN,aggregator,badmin,file_write_count,39,,{},2026-05-16 23:59:00+00,HIGH,,2026-05-16 23:59:00+00
209,pld-0fff65fc-e362-4707-b287-30d8040fd0e6,agt-1010,badmin,LT-BADMIN,aggregator,badmin,file_delete_count,2,,{},2026-05-16 23:59:00+00,HIGH,,2026-05-16 23:59:00+00
210,pld-0fff65fc-e362-4707-b287-30d8040fd0e6,agt-1010,badmin,LT-BADMIN,aggregator,badmin,file_access_after_hours,7,,{},2026-05-16 23:59:00+00,HIGH,,2026-05-16 23:59:00+00
211,pld-0fff65fc-e362-4707-b287-30d8040fd0e6,agt-1010,badmin,LT-BADMIN,aggregator,badmin,http_count,69,,{},2026-05-16 23:59:00+00,HIGH,,2026-05-16 23:59:00+00
212,pld-0fff65fc-e362-4707-b287-30d8040fd0e6,agt-1010,badmin,LT-BADMIN,aggregator,badmin,download_count,2,,{},2026-05-16 23:59:00+00,HIGH,,2026-05-16 23:59:00+00
213,pld-0fff65fc-e362-4707-b287-30d8040fd0e6,agt-1010,badmin,LT-BADMIN,aggregator,badmin,http_after_hours,3,,{},2026-05-16 23:59:00+00,HIGH,,2026-05-16 23:59:00+00
214,pld-501fa149-fcea-4e9a-acd0-b1d60ef06747,agt-1001,jdoe,LT-JDOE,aggregator,jdoe,logon_count,3,,{},2026-05-17 23:59:00+00,HIGH,,2026-05-17 23:59:00+00
215,pld-501fa149-fcea-4e9a-acd0-b1d60ef06747,agt-1001,jdoe,LT-JDOE,aggregator,jdoe,logoff_count,2,,{},2026-05-17 23:59:00+00,HIGH,,2026-05-17 23:59:00+00
216,pld-501fa149-fcea-4e9a-acd0-b1d60ef06747,agt-1001,jdoe,LT-JDOE,aggregator,jdoe,file_access_count,24,,{},2026-05-17 23:59:00+00,HIGH,,2026-05-17 23:59:00+00
217,pld-501fa149-fcea-4e9a-acd0-b1d60ef06747,agt-1001,jdoe,LT-JDOE,aggregator,jdoe,file_open_count,120,,{},2026-05-17 23:59:00+00,HIGH,,2026-05-17 23:59:00+00
218,pld-501fa149-fcea-4e9a-acd0-b1d60ef06747,agt-1001,jdoe,LT-JDOE,aggregator,jdoe,file_copy_count,16,,{},2026-05-17 23:59:00+00,HIGH,,2026-05-17 23:59:00+00
219,pld-501fa149-fcea-4e9a-acd0-b1d60ef06747,agt-1001,jdoe,LT-JDOE,aggregator,jdoe,file_write_count,31,,{},2026-05-17 23:59:00+00,HIGH,,2026-05-17 23:59:00+00
220,pld-501fa149-fcea-4e9a-acd0-b1d60ef06747,agt-1001,jdoe,LT-JDOE,aggregator,jdoe,file_delete_count,3,,{},2026-05-17 23:59:00+00,HIGH,,2026-05-17 23:59:00+00
221,pld-501fa149-fcea-4e9a-acd0-b1d60ef06747,agt-1001,jdoe,LT-JDOE,aggregator,jdoe,file_access_after_hours,5,,{},2026-05-17 23:59:00+00,HIGH,,2026-05-17 23:59:00+00
222,pld-501fa149-fcea-4e9a-acd0-b1d60ef06747,agt-1001,jdoe,LT-JDOE,aggregator,jdoe,http_count,46,,{},2026-05-17 23:59:00+00,HIGH,,2026-05-17 23:59:00+00
223,pld-501fa149-fcea-4e9a-acd0-b1d60ef06747,agt-1001,jdoe,LT-JDOE,aggregator,jdoe,download_count,1,,{},2026-05-17 23:59:00+00,HIGH,,2026-05-17 23:59:00+00
224,pld-501fa149-fcea-4e9a-acd0-b1d60ef06747,agt-1001,jdoe,LT-JDOE,aggregator,jdoe,http_after_hours,19,,{},2026-05-17 23:59:00+00,HIGH,,2026-05-17 23:59:00+00
225,pld-fe1e4291-33b9-412a-ae88-60339397c9ea,agt-1002,asmith,LT-ASMITH,aggregator,asmith,logon_count,2,,{},2026-05-17 23:59:00+00,HIGH,,2026-05-17 23:59:00+00
226,pld-fe1e4291-33b9-412a-ae88-60339397c9ea,agt-1002,asmith,LT-ASMITH,aggregator,asmith,logoff_count,1,,{},2026-05-17 23:59:00+00,HIGH,,2026-05-17 23:59:00+00
227,pld-fe1e4291-33b9-412a-ae88-60339397c9ea,agt-1002,asmith,LT-ASMITH,aggregator,asmith,file_access_count,9,,{},2026-05-17 23:59:00+00,HIGH,,2026-05-17 23:59:00+00
228,pld-fe1e4291-33b9-412a-ae88-60339397c9ea,agt-1002,asmith,LT-ASMITH,aggregator,asmith,file_open_count,93,,{},2026-05-17 23:59:00+00,HIGH,,2026-05-17 23:59:00+00
229,pld-fe1e4291-33b9-412a-ae88-60339397c9ea,agt-1002,asmith,LT-ASMITH,aggregator,asmith,file_copy_count,12,,{},2026-05-17 23:59:00+00,HIGH,,2026-05-17 23:59:00+00
230,pld-fe1e4291-33b9-412a-ae88-60339397c9ea,agt-1002,asmith,LT-ASMITH,aggregator,asmith,file_write_count,24,,{},2026-05-17 23:59:00+00,HIGH,,2026-05-17 23:59:00+00
231,pld-fe1e4291-33b9-412a-ae88-60339397c9ea,agt-1002,asmith,LT-ASMITH,aggregator,asmith,file_delete_count,3,,{},2026-05-17 23:59:00+00,HIGH,,2026-05-17 23:59:00+00
232,pld-fe1e4291-33b9-412a-ae88-60339397c9ea,agt-1002,asmith,LT-ASMITH,aggregator,asmith,file_access_after_hours,5,,{},2026-05-17 23:59:00+00,HIGH,,2026-05-17 23:59:00+00
233,pld-fe1e4291-33b9-412a-ae88-60339397c9ea,agt-1002,asmith,LT-ASMITH,aggregator,asmith,http_count,87,,{},2026-05-17 23:59:00+00,HIGH,,2026-05-17 23:59:00+00
234,pld-fe1e4291-33b9-412a-ae88-60339397c9ea,agt-1002,asmith,LT-ASMITH,aggregator,asmith,download_count,5,,{},2026-05-17 23:59:00+00,HIGH,,2026-05-17 23:59:00+00
235,pld-fe1e4291-33b9-412a-ae88-60339397c9ea,agt-1002,asmith,LT-ASMITH,aggregator,asmith,http_after_hours,19,,{},2026-05-17 23:59:00+00,HIGH,,2026-05-17 23:59:00+00
236,pld-0ee9b6f0-888e-4e87-9a01-1cc48788029c,agt-1003,mjones,LT-MJONES,aggregator,mjones,logon_count,3,,{},2026-05-17 23:59:00+00,HIGH,,2026-05-17 23:59:00+00
237,pld-0ee9b6f0-888e-4e87-9a01-1cc48788029c,agt-1003,mjones,LT-MJONES,aggregator,mjones,logoff_count,3,,{},2026-05-17 23:59:00+00,HIGH,,2026-05-17 23:59:00+00
238,pld-0ee9b6f0-888e-4e87-9a01-1cc48788029c,agt-1003,mjones,LT-MJONES,aggregator,mjones,file_access_count,12,,{},2026-05-17 23:59:00+00,HIGH,,2026-05-17 23:59:00+00
239,pld-0ee9b6f0-888e-4e87-9a01-1cc48788029c,agt-1003,mjones,LT-MJONES,aggregator,mjones,file_open_count,160,,{},2026-05-17 23:59:00+00,HIGH,,2026-05-17 23:59:00+00
240,pld-0ee9b6f0-888e-4e87-9a01-1cc48788029c,agt-1003,mjones,LT-MJONES,aggregator,mjones,file_copy_count,16,,{},2026-05-17 23:59:00+00,HIGH,,2026-05-17 23:59:00+00
241,pld-0ee9b6f0-888e-4e87-9a01-1cc48788029c,agt-1003,mjones,LT-MJONES,aggregator,mjones,file_write_count,17,,{},2026-05-17 23:59:00+00,HIGH,,2026-05-17 23:59:00+00
242,pld-0ee9b6f0-888e-4e87-9a01-1cc48788029c,agt-1003,mjones,LT-MJONES,aggregator,mjones,file_delete_count,5,,{},2026-05-17 23:59:00+00,HIGH,,2026-05-17 23:59:00+00
243,pld-0ee9b6f0-888e-4e87-9a01-1cc48788029c,agt-1003,mjones,LT-MJONES,aggregator,mjones,file_access_after_hours,7,,{},2026-05-17 23:59:00+00,HIGH,,2026-05-17 23:59:00+00
244,pld-0ee9b6f0-888e-4e87-9a01-1cc48788029c,agt-1003,mjones,LT-MJONES,aggregator,mjones,http_count,83,,{},2026-05-17 23:59:00+00,HIGH,,2026-05-17 23:59:00+00
245,pld-0ee9b6f0-888e-4e87-9a01-1cc48788029c,agt-1003,mjones,LT-MJONES,aggregator,mjones,download_count,5,,{},2026-05-17 23:59:00+00,HIGH,,2026-05-17 23:59:00+00
246,pld-0ee9b6f0-888e-4e87-9a01-1cc48788029c,agt-1003,mjones,LT-MJONES,aggregator,mjones,http_after_hours,13,,{},2026-05-17 23:59:00+00,HIGH,,2026-05-17 23:59:00+00
247,pld-db4ba592-19aa-44a6-ba12-5881e4ca371c,agt-1004,bwilliams,LT-BWILLIAMS,aggregator,bwilliams,logon_count,2,,{},2026-05-17 23:59:00+00,HIGH,,2026-05-17 23:59:00+00
248,pld-db4ba592-19aa-44a6-ba12-5881e4ca371c,agt-1004,bwilliams,LT-BWILLIAMS,aggregator,bwilliams,logoff_count,3,,{},2026-05-17 23:59:00+00,HIGH,,2026-05-17 23:59:00+00
249,pld-db4ba592-19aa-44a6-ba12-5881e4ca371c,agt-1004,bwilliams,LT-BWILLIAMS,aggregator,bwilliams,file_access_count,43,,{},2026-05-17 23:59:00+00,HIGH,,2026-05-17 23:59:00+00
250,pld-db4ba592-19aa-44a6-ba12-5881e4ca371c,agt-1004,bwilliams,LT-BWILLIAMS,aggregator,bwilliams,file_open_count,53,,{},2026-05-17 23:59:00+00,HIGH,,2026-05-17 23:59:00+00
251,pld-db4ba592-19aa-44a6-ba12-5881e4ca371c,agt-1004,bwilliams,LT-BWILLIAMS,aggregator,bwilliams,file_copy_count,8,,{},2026-05-17 23:59:00+00,HIGH,,2026-05-17 23:59:00+00
252,pld-db4ba592-19aa-44a6-ba12-5881e4ca371c,agt-1004,bwilliams,LT-BWILLIAMS,aggregator,bwilliams,file_write_count,26,,{},2026-05-17 23:59:00+00,HIGH,,2026-05-17 23:59:00+00
253,pld-db4ba592-19aa-44a6-ba12-5881e4ca371c,agt-1004,bwilliams,LT-BWILLIAMS,aggregator,bwilliams,file_access_after_hours,5,,{},2026-05-17 23:59:00+00,HIGH,,2026-05-17 23:59:00+00
254,pld-db4ba592-19aa-44a6-ba12-5881e4ca371c,agt-1004,bwilliams,LT-BWILLIAMS,aggregator,bwilliams,http_count,48,,{},2026-05-17 23:59:00+00,HIGH,,2026-05-17 23:59:00+00
255,pld-db4ba592-19aa-44a6-ba12-5881e4ca371c,agt-1004,bwilliams,LT-BWILLIAMS,aggregator,bwilliams,http_after_hours,18,,{},2026-05-17 23:59:00+00,HIGH,,2026-05-17 23:59:00+00
256,pld-956dd17b-5fdf-4c25-bb31-e30eb5cfd63c,agt-1005,cdavis,LT-CDAVIS,aggregator,cdavis,logon_count,2,,{},2026-05-17 23:59:00+00,HIGH,,2026-05-17 23:59:00+00
257,pld-956dd17b-5fdf-4c25-bb31-e30eb5cfd63c,agt-1005,cdavis,LT-CDAVIS,aggregator,cdavis,logoff_count,1,,{},2026-05-17 23:59:00+00,HIGH,,2026-05-17 23:59:00+00
258,pld-956dd17b-5fdf-4c25-bb31-e30eb5cfd63c,agt-1005,cdavis,LT-CDAVIS,aggregator,cdavis,file_access_count,8,,{},2026-05-17 23:59:00+00,HIGH,,2026-05-17 23:59:00+00
259,pld-956dd17b-5fdf-4c25-bb31-e30eb5cfd63c,agt-1005,cdavis,LT-CDAVIS,aggregator,cdavis,file_open_count,76,,{},2026-05-17 23:59:00+00,HIGH,,2026-05-17 23:59:00+00
260,pld-956dd17b-5fdf-4c25-bb31-e30eb5cfd63c,agt-1005,cdavis,LT-CDAVIS,aggregator,cdavis,file_copy_count,14,,{},2026-05-17 23:59:00+00,HIGH,,2026-05-17 23:59:00+00
261,pld-956dd17b-5fdf-4c25-bb31-e30eb5cfd63c,agt-1005,cdavis,LT-CDAVIS,aggregator,cdavis,file_write_count,26,,{},2026-05-17 23:59:00+00,HIGH,,2026-05-17 23:59:00+00
262,pld-956dd17b-5fdf-4c25-bb31-e30eb5cfd63c,agt-1005,cdavis,LT-CDAVIS,aggregator,cdavis,file_delete_count,5,,{},2026-05-17 23:59:00+00,HIGH,,2026-05-17 23:59:00+00
263,pld-956dd17b-5fdf-4c25-bb31-e30eb5cfd63c,agt-1005,cdavis,LT-CDAVIS,aggregator,cdavis,file_access_after_hours,8,,{},2026-05-17 23:59:00+00,HIGH,,2026-05-17 23:59:00+00
264,pld-956dd17b-5fdf-4c25-bb31-e30eb5cfd63c,agt-1005,cdavis,LT-CDAVIS,aggregator,cdavis,http_count,88,,{},2026-05-17 23:59:00+00,HIGH,,2026-05-17 23:59:00+00
265,pld-956dd17b-5fdf-4c25-bb31-e30eb5cfd63c,agt-1005,cdavis,LT-CDAVIS,aggregator,cdavis,download_count,5,,{},2026-05-17 23:59:00+00,HIGH,,2026-05-17 23:59:00+00
266,pld-956dd17b-5fdf-4c25-bb31-e30eb5cfd63c,agt-1005,cdavis,LT-CDAVIS,aggregator,cdavis,http_after_hours,18,,{},2026-05-17 23:59:00+00,HIGH,,2026-05-17 23:59:00+00
267,pld-886090d6-7ff1-4366-b07f-371bb48ec1ab,agt-1006,mscott,LT-MSCOTT,aggregator,mscott,logon_count,3,,{},2026-05-17 23:59:00+00,HIGH,,2026-05-17 23:59:00+00
268,pld-886090d6-7ff1-4366-b07f-371bb48ec1ab,agt-1006,mscott,LT-MSCOTT,aggregator,mscott,logoff_count,1,,{},2026-05-17 23:59:00+00,HIGH,,2026-05-17 23:59:00+00
269,pld-886090d6-7ff1-4366-b07f-371bb48ec1ab,agt-1006,mscott,LT-MSCOTT,aggregator,mscott,file_access_count,47,,{},2026-05-17 23:59:00+00,HIGH,,2026-05-17 23:59:00+00
270,pld-886090d6-7ff1-4366-b07f-371bb48ec1ab,agt-1006,mscott,LT-MSCOTT,aggregator,mscott,file_open_count,69,,{},2026-05-17 23:59:00+00,HIGH,,2026-05-17 23:59:00+00
271,pld-886090d6-7ff1-4366-b07f-371bb48ec1ab,agt-1006,mscott,LT-MSCOTT,aggregator,mscott,file_copy_count,12,,{},2026-05-17 23:59:00+00,HIGH,,2026-05-17 23:59:00+00
272,pld-886090d6-7ff1-4366-b07f-371bb48ec1ab,agt-1006,mscott,LT-MSCOTT,aggregator,mscott,file_write_count,28,,{},2026-05-17 23:59:00+00,HIGH,,2026-05-17 23:59:00+00
273,pld-886090d6-7ff1-4366-b07f-371bb48ec1ab,agt-1006,mscott,LT-MSCOTT,aggregator,mscott,file_delete_count,5,,{},2026-05-17 23:59:00+00,HIGH,,2026-05-17 23:59:00+00
274,pld-886090d6-7ff1-4366-b07f-371bb48ec1ab,agt-1006,mscott,LT-MSCOTT,aggregator,mscott,file_access_after_hours,6,,{},2026-05-17 23:59:00+00,HIGH,,2026-05-17 23:59:00+00
275,pld-886090d6-7ff1-4366-b07f-371bb48ec1ab,agt-1006,mscott,LT-MSCOTT,aggregator,mscott,http_count,86,,{},2026-05-17 23:59:00+00,HIGH,,2026-05-17 23:59:00+00
276,pld-886090d6-7ff1-4366-b07f-371bb48ec1ab,agt-1006,mscott,LT-MSCOTT,aggregator,mscott,download_count,1,,{},2026-05-17 23:59:00+00,HIGH,,2026-05-17 23:59:00+00
277,pld-886090d6-7ff1-4366-b07f-371bb48ec1ab,agt-1006,mscott,LT-MSCOTT,aggregator,mscott,http_after_hours,15,,{},2026-05-17 23:59:00+00,HIGH,,2026-05-17 23:59:00+00
278,pld-0a6431b1-4351-4ce1-9e6c-abd14a467ecb,agt-1007,tjones,LT-TJONES,aggregator,tjones,logon_count,3,,{},2026-05-17 23:59:00+00,HIGH,,2026-05-17 23:59:00+00
279,pld-0a6431b1-4351-4ce1-9e6c-abd14a467ecb,agt-1007,tjones,LT-TJONES,aggregator,tjones,logoff_count,3,,{},2026-05-17 23:59:00+00,HIGH,,2026-05-17 23:59:00+00
280,pld-0a6431b1-4351-4ce1-9e6c-abd14a467ecb,agt-1007,tjones,LT-TJONES,aggregator,tjones,file_access_count,48,,{},2026-05-17 23:59:00+00,HIGH,,2026-05-17 23:59:00+00
281,pld-0a6431b1-4351-4ce1-9e6c-abd14a467ecb,agt-1007,tjones,LT-TJONES,aggregator,tjones,file_open_count,151,,{},2026-05-17 23:59:00+00,HIGH,,2026-05-17 23:59:00+00
282,pld-0a6431b1-4351-4ce1-9e6c-abd14a467ecb,agt-1007,tjones,LT-TJONES,aggregator,tjones,file_copy_count,14,,{},2026-05-17 23:59:00+00,HIGH,,2026-05-17 23:59:00+00
283,pld-0a6431b1-4351-4ce1-9e6c-abd14a467ecb,agt-1007,tjones,LT-TJONES,aggregator,tjones,file_write_count,28,,{},2026-05-17 23:59:00+00,HIGH,,2026-05-17 23:59:00+00
284,pld-0a6431b1-4351-4ce1-9e6c-abd14a467ecb,agt-1007,tjones,LT-TJONES,aggregator,tjones,file_delete_count,2,,{},2026-05-17 23:59:00+00,HIGH,,2026-05-17 23:59:00+00
285,pld-0a6431b1-4351-4ce1-9e6c-abd14a467ecb,agt-1007,tjones,LT-TJONES,aggregator,tjones,file_access_after_hours,4,,{},2026-05-17 23:59:00+00,HIGH,,2026-05-17 23:59:00+00
286,pld-0a6431b1-4351-4ce1-9e6c-abd14a467ecb,agt-1007,tjones,LT-TJONES,aggregator,tjones,http_count,30,,{},2026-05-17 23:59:00+00,HIGH,,2026-05-17 23:59:00+00
287,pld-0a6431b1-4351-4ce1-9e6c-abd14a467ecb,agt-1007,tjones,LT-TJONES,aggregator,tjones,http_after_hours,6,,{},2026-05-17 23:59:00+00,HIGH,,2026-05-17 23:59:00+00
288,pld-f5fc6660-0204-4de4-aaa0-43210539adff,agt-1008,rwilson,LT-RWILSON,aggregator,rwilson,logon_count,2,,{},2026-05-17 23:59:00+00,HIGH,,2026-05-17 23:59:00+00
289,pld-f5fc6660-0204-4de4-aaa0-43210539adff,agt-1008,rwilson,LT-RWILSON,aggregator,rwilson,logoff_count,1,,{},2026-05-17 23:59:00+00,HIGH,,2026-05-17 23:59:00+00
290,pld-f5fc6660-0204-4de4-aaa0-43210539adff,agt-1008,rwilson,LT-RWILSON,aggregator,rwilson,file_access_count,18,,{},2026-05-17 23:59:00+00,HIGH,,2026-05-17 23:59:00+00
291,pld-f5fc6660-0204-4de4-aaa0-43210539adff,agt-1008,rwilson,LT-RWILSON,aggregator,rwilson,file_open_count,190,,{},2026-05-17 23:59:00+00,HIGH,,2026-05-17 23:59:00+00
292,pld-f5fc6660-0204-4de4-aaa0-43210539adff,agt-1008,rwilson,LT-RWILSON,aggregator,rwilson,file_copy_count,19,,{},2026-05-17 23:59:00+00,HIGH,,2026-05-17 23:59:00+00
293,pld-f5fc6660-0204-4de4-aaa0-43210539adff,agt-1008,rwilson,LT-RWILSON,aggregator,rwilson,file_write_count,21,,{},2026-05-17 23:59:00+00,HIGH,,2026-05-17 23:59:00+00
294,pld-f5fc6660-0204-4de4-aaa0-43210539adff,agt-1008,rwilson,LT-RWILSON,aggregator,rwilson,file_delete_count,4,,{},2026-05-17 23:59:00+00,HIGH,,2026-05-17 23:59:00+00
295,pld-f5fc6660-0204-4de4-aaa0-43210539adff,agt-1008,rwilson,LT-RWILSON,aggregator,rwilson,file_access_after_hours,4,,{},2026-05-17 23:59:00+00,HIGH,,2026-05-17 23:59:00+00
296,pld-f5fc6660-0204-4de4-aaa0-43210539adff,agt-1008,rwilson,LT-RWILSON,aggregator,rwilson,http_count,26,,{},2026-05-17 23:59:00+00,HIGH,,2026-05-17 23:59:00+00
297,pld-f5fc6660-0204-4de4-aaa0-43210539adff,agt-1008,rwilson,LT-RWILSON,aggregator,rwilson,download_count,1,,{},2026-05-17 23:59:00+00,HIGH,,2026-05-17 23:59:00+00
298,pld-f5fc6660-0204-4de4-aaa0-43210539adff,agt-1008,rwilson,LT-RWILSON,aggregator,rwilson,http_after_hours,3,,{},2026-05-17 23:59:00+00,HIGH,,2026-05-17 23:59:00+00
299,pld-fdabd9a9-7839-4193-b245-bcade38fb1e4,agt-1009,esnow,LT-ESNOW,aggregator,esnow,logon_count,3,,{},2026-05-17 23:59:00+00,HIGH,,2026-05-17 23:59:00+00
300,pld-fdabd9a9-7839-4193-b245-bcade38fb1e4,agt-1009,esnow,LT-ESNOW,aggregator,esnow,logoff_count,1,,{},2026-05-17 23:59:00+00,HIGH,,2026-05-17 23:59:00+00
301,pld-fdabd9a9-7839-4193-b245-bcade38fb1e4,agt-1009,esnow,LT-ESNOW,aggregator,esnow,weekend_logon,1,,{},2026-05-17 23:59:00+00,HIGH,,2026-05-17 23:59:00+00
302,pld-fdabd9a9-7839-4193-b245-bcade38fb1e4,agt-1009,esnow,LT-ESNOW,aggregator,esnow,file_access_count,47,,{},2026-05-17 23:59:00+00,HIGH,,2026-05-17 23:59:00+00
303,pld-fdabd9a9-7839-4193-b245-bcade38fb1e4,agt-1009,esnow,LT-ESNOW,aggregator,esnow,file_open_count,173,,{},2026-05-17 23:59:00+00,HIGH,,2026-05-17 23:59:00+00
304,pld-fdabd9a9-7839-4193-b245-bcade38fb1e4,agt-1009,esnow,LT-ESNOW,aggregator,esnow,file_copy_count,9,,{},2026-05-17 23:59:00+00,HIGH,,2026-05-17 23:59:00+00
305,pld-fdabd9a9-7839-4193-b245-bcade38fb1e4,agt-1009,esnow,LT-ESNOW,aggregator,esnow,file_write_count,17,,{},2026-05-17 23:59:00+00,HIGH,,2026-05-17 23:59:00+00
306,pld-fdabd9a9-7839-4193-b245-bcade38fb1e4,agt-1009,esnow,LT-ESNOW,aggregator,esnow,file_delete_count,5,,{},2026-05-17 23:59:00+00,HIGH,,2026-05-17 23:59:00+00
307,pld-fdabd9a9-7839-4193-b245-bcade38fb1e4,agt-1009,esnow,LT-ESNOW,aggregator,esnow,file_access_after_hours,3,,{},2026-05-17 23:59:00+00,HIGH,,2026-05-17 23:59:00+00
308,pld-fdabd9a9-7839-4193-b245-bcade38fb1e4,agt-1009,esnow,LT-ESNOW,aggregator,esnow,http_count,92,,{},2026-05-17 23:59:00+00,HIGH,,2026-05-17 23:59:00+00
309,pld-fdabd9a9-7839-4193-b245-bcade38fb1e4,agt-1009,esnow,LT-ESNOW,aggregator,esnow,download_count,1,,{},2026-05-17 23:59:00+00,HIGH,,2026-05-17 23:59:00+00
310,pld-fdabd9a9-7839-4193-b245-bcade38fb1e4,agt-1009,esnow,LT-ESNOW,aggregator,esnow,http_after_hours,3,,{},2026-05-17 23:59:00+00,HIGH,,2026-05-17 23:59:00+00
311,pld-0d8025d3-d18a-40c5-9577-debfcd1b1835,agt-1010,badmin,LT-BADMIN,aggregator,badmin,logon_count,3,,{},2026-05-17 23:59:00+00,HIGH,,2026-05-17 23:59:00+00
312,pld-0d8025d3-d18a-40c5-9577-debfcd1b1835,agt-1010,badmin,LT-BADMIN,aggregator,badmin,logoff_count,1,,{},2026-05-17 23:59:00+00,HIGH,,2026-05-17 23:59:00+00
313,pld-0d8025d3-d18a-40c5-9577-debfcd1b1835,agt-1010,badmin,LT-BADMIN,aggregator,badmin,file_access_count,7,,{},2026-05-17 23:59:00+00,HIGH,,2026-05-17 23:59:00+00
314,pld-0d8025d3-d18a-40c5-9577-debfcd1b1835,agt-1010,badmin,LT-BADMIN,aggregator,badmin,file_open_count,113,,{},2026-05-17 23:59:00+00,HIGH,,2026-05-17 23:59:00+00
315,pld-0d8025d3-d18a-40c5-9577-debfcd1b1835,agt-1010,badmin,LT-BADMIN,aggregator,badmin,file_copy_count,13,,{},2026-05-17 23:59:00+00,HIGH,,2026-05-17 23:59:00+00
316,pld-0d8025d3-d18a-40c5-9577-debfcd1b1835,agt-1010,badmin,LT-BADMIN,aggregator,badmin,file_write_count,41,,{},2026-05-17 23:59:00+00,HIGH,,2026-05-17 23:59:00+00
317,pld-0d8025d3-d18a-40c5-9577-debfcd1b1835,agt-1010,badmin,LT-BADMIN,aggregator,badmin,file_delete_count,3,,{},2026-05-17 23:59:00+00,HIGH,,2026-05-17 23:59:00+00
318,pld-0d8025d3-d18a-40c5-9577-debfcd1b1835,agt-1010,badmin,LT-BADMIN,aggregator,badmin,file_access_after_hours,7,,{},2026-05-17 23:59:00+00,HIGH,,2026-05-17 23:59:00+00
319,pld-0d8025d3-d18a-40c5-9577-debfcd1b1835,agt-1010,badmin,LT-BADMIN,aggregator,badmin,http_count,86,,{},2026-05-17 23:59:00+00,HIGH,,2026-05-17 23:59:00+00
320,pld-0d8025d3-d18a-40c5-9577-debfcd1b1835,agt-1010,badmin,LT-BADMIN,aggregator,badmin,download_count,5,,{},2026-05-17 23:59:00+00,HIGH,,2026-05-17 23:59:00+00
321,pld-0d8025d3-d18a-40c5-9577-debfcd1b1835,agt-1010,badmin,LT-BADMIN,aggregator,badmin,http_after_hours,6,,{},2026-05-17 23:59:00+00,HIGH,,2026-05-17 23:59:00+00
322,pld-008bb450-0955-4d5e-a94a-179dd79dc8c3,agt-1001,jdoe,LT-JDOE,aggregator,jdoe,logon_count,3,,{},2026-05-18 23:59:00+00,HIGH,,2026-05-18 23:59:00+00
323,pld-008bb450-0955-4d5e-a94a-179dd79dc8c3,agt-1001,jdoe,LT-JDOE,aggregator,jdoe,logoff_count,1,,{},2026-05-18 23:59:00+00,HIGH,,2026-05-18 23:59:00+00
324,pld-008bb450-0955-4d5e-a94a-179dd79dc8c3,agt-1001,jdoe,LT-JDOE,aggregator,jdoe,file_access_count,385,,{},2026-05-18 23:59:00+00,HIGH,,2026-05-18 23:59:00+00
325,pld-008bb450-0955-4d5e-a94a-179dd79dc8c3,agt-1001,jdoe,LT-JDOE,aggregator,jdoe,file_open_count,199,,{},2026-05-18 23:59:00+00,HIGH,,2026-05-18 23:59:00+00
326,pld-008bb450-0955-4d5e-a94a-179dd79dc8c3,agt-1001,jdoe,LT-JDOE,aggregator,jdoe,file_copy_count,9,,{},2026-05-18 23:59:00+00,HIGH,,2026-05-18 23:59:00+00
327,pld-008bb450-0955-4d5e-a94a-179dd79dc8c3,agt-1001,jdoe,LT-JDOE,aggregator,jdoe,file_write_count,43,,{},2026-05-18 23:59:00+00,HIGH,,2026-05-18 23:59:00+00
328,pld-008bb450-0955-4d5e-a94a-179dd79dc8c3,agt-1001,jdoe,LT-JDOE,aggregator,jdoe,http_count,770,,{},2026-05-18 23:59:00+00,HIGH,,2026-05-18 23:59:00+00
329,pld-008bb450-0955-4d5e-a94a-179dd79dc8c3,agt-1001,jdoe,LT-JDOE,aggregator,jdoe,http_after_hours,15,,{},2026-05-18 23:59:00+00,HIGH,,2026-05-18 23:59:00+00
330,pld-0d30ffe0-ddbd-404a-98ce-131985e50237,agt-1002,asmith,LT-ASMITH,aggregator,asmith,logon_count,1,,{},2026-05-18 23:59:00+00,HIGH,,2026-05-18 23:59:00+00
331,pld-0d30ffe0-ddbd-404a-98ce-131985e50237,agt-1002,asmith,LT-ASMITH,aggregator,asmith,logoff_count,1,,{},2026-05-18 23:59:00+00,HIGH,,2026-05-18 23:59:00+00
332,pld-0d30ffe0-ddbd-404a-98ce-131985e50237,agt-1002,asmith,LT-ASMITH,aggregator,asmith,file_access_count,374,,{},2026-05-18 23:59:00+00,HIGH,,2026-05-18 23:59:00+00
333,pld-0d30ffe0-ddbd-404a-98ce-131985e50237,agt-1002,asmith,LT-ASMITH,aggregator,asmith,file_open_count,64,,{},2026-05-18 23:59:00+00,HIGH,,2026-05-18 23:59:00+00
334,pld-0d30ffe0-ddbd-404a-98ce-131985e50237,agt-1002,asmith,LT-ASMITH,aggregator,asmith,file_copy_count,20,,{},2026-05-18 23:59:00+00,HIGH,,2026-05-18 23:59:00+00
335,pld-0d30ffe0-ddbd-404a-98ce-131985e50237,agt-1002,asmith,LT-ASMITH,aggregator,asmith,file_write_count,28,,{},2026-05-18 23:59:00+00,HIGH,,2026-05-18 23:59:00+00
336,pld-0d30ffe0-ddbd-404a-98ce-131985e50237,agt-1002,asmith,LT-ASMITH,aggregator,asmith,file_delete_count,3,,{},2026-05-18 23:59:00+00,HIGH,,2026-05-18 23:59:00+00
337,pld-0d30ffe0-ddbd-404a-98ce-131985e50237,agt-1002,asmith,LT-ASMITH,aggregator,asmith,http_count,379,,{},2026-05-18 23:59:00+00,HIGH,,2026-05-18 23:59:00+00
338,pld-0d30ffe0-ddbd-404a-98ce-131985e50237,agt-1002,asmith,LT-ASMITH,aggregator,asmith,download_count,1,,{},2026-05-18 23:59:00+00,HIGH,,2026-05-18 23:59:00+00
339,pld-568f5797-8ab9-4c4e-989a-7d4a1a18dd76,agt-1003,mjones,LT-MJONES,aggregator,mjones,logon_count,3,,{},2026-05-18 23:59:00+00,HIGH,,2026-05-18 23:59:00+00
340,pld-568f5797-8ab9-4c4e-989a-7d4a1a18dd76,agt-1003,mjones,LT-MJONES,aggregator,mjones,logoff_count,3,,{},2026-05-18 23:59:00+00,HIGH,,2026-05-18 23:59:00+00
341,pld-568f5797-8ab9-4c4e-989a-7d4a1a18dd76,agt-1003,mjones,LT-MJONES,aggregator,mjones,file_access_count,477,,{},2026-05-18 23:59:00+00,HIGH,,2026-05-18 23:59:00+00
342,pld-568f5797-8ab9-4c4e-989a-7d4a1a18dd76,agt-1003,mjones,LT-MJONES,aggregator,mjones,file_open_count,132,,{},2026-05-18 23:59:00+00,HIGH,,2026-05-18 23:59:00+00
343,pld-568f5797-8ab9-4c4e-989a-7d4a1a18dd76,agt-1003,mjones,LT-MJONES,aggregator,mjones,file_copy_count,6,,{},2026-05-18 23:59:00+00,HIGH,,2026-05-18 23:59:00+00
344,pld-568f5797-8ab9-4c4e-989a-7d4a1a18dd76,agt-1003,mjones,LT-MJONES,aggregator,mjones,file_write_count,27,,{},2026-05-18 23:59:00+00,HIGH,,2026-05-18 23:59:00+00
345,pld-568f5797-8ab9-4c4e-989a-7d4a1a18dd76,agt-1003,mjones,LT-MJONES,aggregator,mjones,file_access_after_hours,5,,{},2026-05-18 23:59:00+00,HIGH,,2026-05-18 23:59:00+00
346,pld-568f5797-8ab9-4c4e-989a-7d4a1a18dd76,agt-1003,mjones,LT-MJONES,aggregator,mjones,http_count,397,,{},2026-05-18 23:59:00+00,HIGH,,2026-05-18 23:59:00+00
347,pld-568f5797-8ab9-4c4e-989a-7d4a1a18dd76,agt-1003,mjones,LT-MJONES,aggregator,mjones,download_count,3,,{},2026-05-18 23:59:00+00,HIGH,,2026-05-18 23:59:00+00
348,pld-568f5797-8ab9-4c4e-989a-7d4a1a18dd76,agt-1003,mjones,LT-MJONES,aggregator,mjones,http_after_hours,2,,{},2026-05-18 23:59:00+00,HIGH,,2026-05-18 23:59:00+00
349,pld-2d434f4f-15f0-462f-b8c5-80b5bdeee058,agt-1004,bwilliams,LT-BWILLIAMS,aggregator,bwilliams,logon_count,2,,{},2026-05-18 23:59:00+00,HIGH,,2026-05-18 23:59:00+00
350,pld-2d434f4f-15f0-462f-b8c5-80b5bdeee058,agt-1004,bwilliams,LT-BWILLIAMS,aggregator,bwilliams,logoff_count,3,,{},2026-05-18 23:59:00+00,HIGH,,2026-05-18 23:59:00+00
351,pld-2d434f4f-15f0-462f-b8c5-80b5bdeee058,agt-1004,bwilliams,LT-BWILLIAMS,aggregator,bwilliams,file_access_count,268,,{},2026-05-18 23:59:00+00,HIGH,,2026-05-18 23:59:00+00
352,pld-2d434f4f-15f0-462f-b8c5-80b5bdeee058,agt-1004,bwilliams,LT-BWILLIAMS,aggregator,bwilliams,file_open_count,188,,{},2026-05-18 23:59:00+00,HIGH,,2026-05-18 23:59:00+00
353,pld-2d434f4f-15f0-462f-b8c5-80b5bdeee058,agt-1004,bwilliams,LT-BWILLIAMS,aggregator,bwilliams,file_copy_count,8,,{},2026-05-18 23:59:00+00,HIGH,,2026-05-18 23:59:00+00
354,pld-2d434f4f-15f0-462f-b8c5-80b5bdeee058,agt-1004,bwilliams,LT-BWILLIAMS,aggregator,bwilliams,file_write_count,16,,{},2026-05-18 23:59:00+00,HIGH,,2026-05-18 23:59:00+00
355,pld-2d434f4f-15f0-462f-b8c5-80b5bdeee058,agt-1004,bwilliams,LT-BWILLIAMS,aggregator,bwilliams,file_delete_count,5,,{},2026-05-18 23:59:00+00,HIGH,,2026-05-18 23:59:00+00
356,pld-2d434f4f-15f0-462f-b8c5-80b5bdeee058,agt-1004,bwilliams,LT-BWILLIAMS,aggregator,bwilliams,file_access_after_hours,5,,{},2026-05-18 23:59:00+00,HIGH,,2026-05-18 23:59:00+00
357,pld-2d434f4f-15f0-462f-b8c5-80b5bdeee058,agt-1004,bwilliams,LT-BWILLIAMS,aggregator,bwilliams,http_count,238,,{},2026-05-18 23:59:00+00,HIGH,,2026-05-18 23:59:00+00
358,pld-2d434f4f-15f0-462f-b8c5-80b5bdeee058,agt-1004,bwilliams,LT-BWILLIAMS,aggregator,bwilliams,download_count,5,,{},2026-05-18 23:59:00+00,HIGH,,2026-05-18 23:59:00+00
359,pld-2d434f4f-15f0-462f-b8c5-80b5bdeee058,agt-1004,bwilliams,LT-BWILLIAMS,aggregator,bwilliams,http_after_hours,3,,{},2026-05-18 23:59:00+00,HIGH,,2026-05-18 23:59:00+00
360,pld-09601939-4fd1-4d53-af8a-3e5649dd6ecd,agt-1005,cdavis,LT-CDAVIS,aggregator,cdavis,logon_count,2,,{},2026-05-18 23:59:00+00,HIGH,,2026-05-18 23:59:00+00
361,pld-09601939-4fd1-4d53-af8a-3e5649dd6ecd,agt-1005,cdavis,LT-CDAVIS,aggregator,cdavis,logoff_count,3,,{},2026-05-18 23:59:00+00,HIGH,,2026-05-18 23:59:00+00
362,pld-09601939-4fd1-4d53-af8a-3e5649dd6ecd,agt-1005,cdavis,LT-CDAVIS,aggregator,cdavis,file_access_count,473,,{},2026-05-18 23:59:00+00,HIGH,,2026-05-18 23:59:00+00
363,pld-09601939-4fd1-4d53-af8a-3e5649dd6ecd,agt-1005,cdavis,LT-CDAVIS,aggregator,cdavis,file_open_count,107,,{},2026-05-18 23:59:00+00,HIGH,,2026-05-18 23:59:00+00
364,pld-09601939-4fd1-4d53-af8a-3e5649dd6ecd,agt-1005,cdavis,LT-CDAVIS,aggregator,cdavis,file_copy_count,9,,{},2026-05-18 23:59:00+00,HIGH,,2026-05-18 23:59:00+00
365,pld-09601939-4fd1-4d53-af8a-3e5649dd6ecd,agt-1005,cdavis,LT-CDAVIS,aggregator,cdavis,file_write_count,41,,{},2026-05-18 23:59:00+00,HIGH,,2026-05-18 23:59:00+00
366,pld-09601939-4fd1-4d53-af8a-3e5649dd6ecd,agt-1005,cdavis,LT-CDAVIS,aggregator,cdavis,file_delete_count,1,,{},2026-05-18 23:59:00+00,HIGH,,2026-05-18 23:59:00+00
367,pld-09601939-4fd1-4d53-af8a-3e5649dd6ecd,agt-1005,cdavis,LT-CDAVIS,aggregator,cdavis,file_access_after_hours,5,,{},2026-05-18 23:59:00+00,HIGH,,2026-05-18 23:59:00+00
368,pld-09601939-4fd1-4d53-af8a-3e5649dd6ecd,agt-1005,cdavis,LT-CDAVIS,aggregator,cdavis,http_count,437,,{},2026-05-18 23:59:00+00,HIGH,,2026-05-18 23:59:00+00
369,pld-09601939-4fd1-4d53-af8a-3e5649dd6ecd,agt-1005,cdavis,LT-CDAVIS,aggregator,cdavis,http_after_hours,3,,{},2026-05-18 23:59:00+00,HIGH,,2026-05-18 23:59:00+00
370,pld-031c8d47-e82a-4e99-9ce2-65e463b60857,agt-1006,mscott,LT-MSCOTT,aggregator,mscott,logon_count,1,,{},2026-05-18 23:59:00+00,HIGH,,2026-05-18 23:59:00+00
371,pld-031c8d47-e82a-4e99-9ce2-65e463b60857,agt-1006,mscott,LT-MSCOTT,aggregator,mscott,logoff_count,3,,{},2026-05-18 23:59:00+00,HIGH,,2026-05-18 23:59:00+00
372,pld-031c8d47-e82a-4e99-9ce2-65e463b60857,agt-1006,mscott,LT-MSCOTT,aggregator,mscott,file_access_count,398,,{},2026-05-18 23:59:00+00,HIGH,,2026-05-18 23:59:00+00
373,pld-031c8d47-e82a-4e99-9ce2-65e463b60857,agt-1006,mscott,LT-MSCOTT,aggregator,mscott,file_open_count,150,,{},2026-05-18 23:59:00+00,HIGH,,2026-05-18 23:59:00+00
374,pld-031c8d47-e82a-4e99-9ce2-65e463b60857,agt-1006,mscott,LT-MSCOTT,aggregator,mscott,file_copy_count,7,,{},2026-05-18 23:59:00+00,HIGH,,2026-05-18 23:59:00+00
375,pld-031c8d47-e82a-4e99-9ce2-65e463b60857,agt-1006,mscott,LT-MSCOTT,aggregator,mscott,file_write_count,46,,{},2026-05-18 23:59:00+00,HIGH,,2026-05-18 23:59:00+00
376,pld-031c8d47-e82a-4e99-9ce2-65e463b60857,agt-1006,mscott,LT-MSCOTT,aggregator,mscott,file_delete_count,4,,{},2026-05-18 23:59:00+00,HIGH,,2026-05-18 23:59:00+00
377,pld-031c8d47-e82a-4e99-9ce2-65e463b60857,agt-1006,mscott,LT-MSCOTT,aggregator,mscott,file_access_after_hours,9,,{},2026-05-18 23:59:00+00,HIGH,,2026-05-18 23:59:00+00
378,pld-031c8d47-e82a-4e99-9ce2-65e463b60857,agt-1006,mscott,LT-MSCOTT,aggregator,mscott,http_count,282,,{},2026-05-18 23:59:00+00,HIGH,,2026-05-18 23:59:00+00
379,pld-031c8d47-e82a-4e99-9ce2-65e463b60857,agt-1006,mscott,LT-MSCOTT,aggregator,mscott,http_after_hours,6,,{},2026-05-18 23:59:00+00,HIGH,,2026-05-18 23:59:00+00
380,pld-060e3cbb-860e-44fc-b46f-b0b01985654c,agt-1007,tjones,LT-TJONES,aggregator,tjones,logon_count,3,,{},2026-05-18 23:59:00+00,HIGH,,2026-05-18 23:59:00+00
381,pld-060e3cbb-860e-44fc-b46f-b0b01985654c,agt-1007,tjones,LT-TJONES,aggregator,tjones,logoff_count,2,,{},2026-05-18 23:59:00+00,HIGH,,2026-05-18 23:59:00+00
382,pld-060e3cbb-860e-44fc-b46f-b0b01985654c,agt-1007,tjones,LT-TJONES,aggregator,tjones,file_access_count,349,,{},2026-05-18 23:59:00+00,HIGH,,2026-05-18 23:59:00+00
383,pld-060e3cbb-860e-44fc-b46f-b0b01985654c,agt-1007,tjones,LT-TJONES,aggregator,tjones,file_open_count,123,,{},2026-05-18 23:59:00+00,HIGH,,2026-05-18 23:59:00+00
384,pld-060e3cbb-860e-44fc-b46f-b0b01985654c,agt-1007,tjones,LT-TJONES,aggregator,tjones,file_copy_count,19,,{},2026-05-18 23:59:00+00,HIGH,,2026-05-18 23:59:00+00
385,pld-060e3cbb-860e-44fc-b46f-b0b01985654c,agt-1007,tjones,LT-TJONES,aggregator,tjones,file_write_count,18,,{},2026-05-18 23:59:00+00,HIGH,,2026-05-18 23:59:00+00
386,pld-060e3cbb-860e-44fc-b46f-b0b01985654c,agt-1007,tjones,LT-TJONES,aggregator,tjones,file_delete_count,3,,{},2026-05-18 23:59:00+00,HIGH,,2026-05-18 23:59:00+00
387,pld-060e3cbb-860e-44fc-b46f-b0b01985654c,agt-1007,tjones,LT-TJONES,aggregator,tjones,file_access_after_hours,10,,{},2026-05-18 23:59:00+00,HIGH,,2026-05-18 23:59:00+00
388,pld-060e3cbb-860e-44fc-b46f-b0b01985654c,agt-1007,tjones,LT-TJONES,aggregator,tjones,http_count,836,,{},2026-05-18 23:59:00+00,HIGH,,2026-05-18 23:59:00+00
389,pld-060e3cbb-860e-44fc-b46f-b0b01985654c,agt-1007,tjones,LT-TJONES,aggregator,tjones,download_count,1,,{},2026-05-18 23:59:00+00,HIGH,,2026-05-18 23:59:00+00
390,pld-060e3cbb-860e-44fc-b46f-b0b01985654c,agt-1007,tjones,LT-TJONES,aggregator,tjones,http_after_hours,19,,{},2026-05-18 23:59:00+00,HIGH,,2026-05-18 23:59:00+00
391,pld-d15ac5b5-b673-4d24-ba72-541b4f192cba,agt-1008,rwilson,LT-RWILSON,aggregator,rwilson,logon_count,3,,{},2026-05-18 23:59:00+00,HIGH,,2026-05-18 23:59:00+00
392,pld-d15ac5b5-b673-4d24-ba72-541b4f192cba,agt-1008,rwilson,LT-RWILSON,aggregator,rwilson,logoff_count,3,,{},2026-05-18 23:59:00+00,HIGH,,2026-05-18 23:59:00+00
393,pld-d15ac5b5-b673-4d24-ba72-541b4f192cba,agt-1008,rwilson,LT-RWILSON,aggregator,rwilson,file_access_count,280,,{},2026-05-18 23:59:00+00,HIGH,,2026-05-18 23:59:00+00
394,pld-d15ac5b5-b673-4d24-ba72-541b4f192cba,agt-1008,rwilson,LT-RWILSON,aggregator,rwilson,file_open_count,69,,{},2026-05-18 23:59:00+00,HIGH,,2026-05-18 23:59:00+00
395,pld-d15ac5b5-b673-4d24-ba72-541b4f192cba,agt-1008,rwilson,LT-RWILSON,aggregator,rwilson,file_copy_count,18,,{},2026-05-18 23:59:00+00,HIGH,,2026-05-18 23:59:00+00
396,pld-d15ac5b5-b673-4d24-ba72-541b4f192cba,agt-1008,rwilson,LT-RWILSON,aggregator,rwilson,file_write_count,43,,{},2026-05-18 23:59:00+00,HIGH,,2026-05-18 23:59:00+00
397,pld-d15ac5b5-b673-4d24-ba72-541b4f192cba,agt-1008,rwilson,LT-RWILSON,aggregator,rwilson,file_delete_count,4,,{},2026-05-18 23:59:00+00,HIGH,,2026-05-18 23:59:00+00
398,pld-d15ac5b5-b673-4d24-ba72-541b4f192cba,agt-1008,rwilson,LT-RWILSON,aggregator,rwilson,file_access_after_hours,4,,{},2026-05-18 23:59:00+00,HIGH,,2026-05-18 23:59:00+00
399,pld-d15ac5b5-b673-4d24-ba72-541b4f192cba,agt-1008,rwilson,LT-RWILSON,aggregator,rwilson,http_count,675,,{},2026-05-18 23:59:00+00,HIGH,,2026-05-18 23:59:00+00
400,pld-d15ac5b5-b673-4d24-ba72-541b4f192cba,agt-1008,rwilson,LT-RWILSON,aggregator,rwilson,download_count,5,,{},2026-05-18 23:59:00+00,HIGH,,2026-05-18 23:59:00+00
401,pld-d15ac5b5-b673-4d24-ba72-541b4f192cba,agt-1008,rwilson,LT-RWILSON,aggregator,rwilson,http_after_hours,10,,{},2026-05-18 23:59:00+00,HIGH,,2026-05-18 23:59:00+00
402,pld-b941814b-9e38-4aa1-949b-32dbce5a6b2a,agt-1009,esnow,LT-ESNOW,aggregator,esnow,logon_count,2,,{},2026-05-18 23:59:00+00,HIGH,,2026-05-18 23:59:00+00
403,pld-b941814b-9e38-4aa1-949b-32dbce5a6b2a,agt-1009,esnow,LT-ESNOW,aggregator,esnow,logoff_count,2,,{},2026-05-18 23:59:00+00,HIGH,,2026-05-18 23:59:00+00
404,pld-b941814b-9e38-4aa1-949b-32dbce5a6b2a,agt-1009,esnow,LT-ESNOW,aggregator,esnow,file_access_count,381,,{},2026-05-18 23:59:00+00,HIGH,,2026-05-18 23:59:00+00
405,pld-b941814b-9e38-4aa1-949b-32dbce5a6b2a,agt-1009,esnow,LT-ESNOW,aggregator,esnow,file_open_count,123,,{},2026-05-18 23:59:00+00,HIGH,,2026-05-18 23:59:00+00
406,pld-b941814b-9e38-4aa1-949b-32dbce5a6b2a,agt-1009,esnow,LT-ESNOW,aggregator,esnow,file_copy_count,9,,{},2026-05-18 23:59:00+00,HIGH,,2026-05-18 23:59:00+00
407,pld-b941814b-9e38-4aa1-949b-32dbce5a6b2a,agt-1009,esnow,LT-ESNOW,aggregator,esnow,file_write_count,37,,{},2026-05-18 23:59:00+00,HIGH,,2026-05-18 23:59:00+00
408,pld-b941814b-9e38-4aa1-949b-32dbce5a6b2a,agt-1009,esnow,LT-ESNOW,aggregator,esnow,file_delete_count,3,,{},2026-05-18 23:59:00+00,HIGH,,2026-05-18 23:59:00+00
409,pld-b941814b-9e38-4aa1-949b-32dbce5a6b2a,agt-1009,esnow,LT-ESNOW,aggregator,esnow,file_access_after_hours,1,,{},2026-05-18 23:59:00+00,HIGH,,2026-05-18 23:59:00+00
410,pld-b941814b-9e38-4aa1-949b-32dbce5a6b2a,agt-1009,esnow,LT-ESNOW,aggregator,esnow,http_count,890,,{},2026-05-18 23:59:00+00,HIGH,,2026-05-18 23:59:00+00
411,pld-b941814b-9e38-4aa1-949b-32dbce5a6b2a,agt-1009,esnow,LT-ESNOW,aggregator,esnow,download_count,3,,{},2026-05-18 23:59:00+00,HIGH,,2026-05-18 23:59:00+00
412,pld-b941814b-9e38-4aa1-949b-32dbce5a6b2a,agt-1009,esnow,LT-ESNOW,aggregator,esnow,http_after_hours,20,,{},2026-05-18 23:59:00+00,HIGH,,2026-05-18 23:59:00+00
413,pld-8a4a6b48-d5b8-42a7-9a8c-a577bc349e47,agt-1010,badmin,LT-BADMIN,aggregator,badmin,logon_count,3,,{},2026-05-18 23:59:00+00,HIGH,,2026-05-18 23:59:00+00
414,pld-8a4a6b48-d5b8-42a7-9a8c-a577bc349e47,agt-1010,badmin,LT-BADMIN,aggregator,badmin,logoff_count,3,,{},2026-05-18 23:59:00+00,HIGH,,2026-05-18 23:59:00+00
415,pld-8a4a6b48-d5b8-42a7-9a8c-a577bc349e47,agt-1010,badmin,LT-BADMIN,aggregator,badmin,file_access_count,129,,{},2026-05-18 23:59:00+00,HIGH,,2026-05-18 23:59:00+00
416,pld-8a4a6b48-d5b8-42a7-9a8c-a577bc349e47,agt-1010,badmin,LT-BADMIN,aggregator,badmin,file_open_count,104,,{},2026-05-18 23:59:00+00,HIGH,,2026-05-18 23:59:00+00
417,pld-8a4a6b48-d5b8-42a7-9a8c-a577bc349e47,agt-1010,badmin,LT-BADMIN,aggregator,badmin,file_copy_count,16,,{},2026-05-18 23:59:00+00,HIGH,,2026-05-18 23:59:00+00
418,pld-8a4a6b48-d5b8-42a7-9a8c-a577bc349e47,agt-1010,badmin,LT-BADMIN,aggregator,badmin,file_write_count,30,,{},2026-05-18 23:59:00+00,HIGH,,2026-05-18 23:59:00+00
419,pld-8a4a6b48-d5b8-42a7-9a8c-a577bc349e47,agt-1010,badmin,LT-BADMIN,aggregator,badmin,file_delete_count,1,,{},2026-05-18 23:59:00+00,HIGH,,2026-05-18 23:59:00+00
420,pld-8a4a6b48-d5b8-42a7-9a8c-a577bc349e47,agt-1010,badmin,LT-BADMIN,aggregator,badmin,file_access_after_hours,4,,{},2026-05-18 23:59:00+00,HIGH,,2026-05-18 23:59:00+00
421,pld-8a4a6b48-d5b8-42a7-9a8c-a577bc349e47,agt-1010,badmin,LT-BADMIN,aggregator,badmin,http_count,301,,{},2026-05-18 23:59:00+00,HIGH,,2026-05-18 23:59:00+00
422,pld-8a4a6b48-d5b8-42a7-9a8c-a577bc349e47,agt-1010,badmin,LT-BADMIN,aggregator,badmin,download_count,3,,{},2026-05-18 23:59:00+00,HIGH,,2026-05-18 23:59:00+00
423,pld-8a4a6b48-d5b8-42a7-9a8c-a577bc349e47,agt-1010,badmin,LT-BADMIN,aggregator,badmin,http_after_hours,13,,{},2026-05-18 23:59:00+00,HIGH,,2026-05-18 23:59:00+00
424,pld-69862543-de95-4af8-ac86-8826254c2478,agt-1001,jdoe,LT-JDOE,aggregator,jdoe,logon_count,3,,{},2026-05-19 23:59:00+00,HIGH,,2026-05-19 23:59:00+00
425,pld-69862543-de95-4af8-ac86-8826254c2478,agt-1001,jdoe,LT-JDOE,aggregator,jdoe,logoff_count,3,,{},2026-05-19 23:59:00+00,HIGH,,2026-05-19 23:59:00+00
426,pld-69862543-de95-4af8-ac86-8826254c2478,agt-1001,jdoe,LT-JDOE,aggregator,jdoe,file_access_count,498,,{},2026-05-19 23:59:00+00,HIGH,,2026-05-19 23:59:00+00
427,pld-69862543-de95-4af8-ac86-8826254c2478,agt-1001,jdoe,LT-JDOE,aggregator,jdoe,file_open_count,62,,{},2026-05-19 23:59:00+00,HIGH,,2026-05-19 23:59:00+00
428,pld-69862543-de95-4af8-ac86-8826254c2478,agt-1001,jdoe,LT-JDOE,aggregator,jdoe,file_copy_count,12,,{},2026-05-19 23:59:00+00,HIGH,,2026-05-19 23:59:00+00
429,pld-69862543-de95-4af8-ac86-8826254c2478,agt-1001,jdoe,LT-JDOE,aggregator,jdoe,file_write_count,50,,{},2026-05-19 23:59:00+00,HIGH,,2026-05-19 23:59:00+00
430,pld-69862543-de95-4af8-ac86-8826254c2478,agt-1001,jdoe,LT-JDOE,aggregator,jdoe,file_access_after_hours,1,,{},2026-05-19 23:59:00+00,HIGH,,2026-05-19 23:59:00+00
431,pld-69862543-de95-4af8-ac86-8826254c2478,agt-1001,jdoe,LT-JDOE,aggregator,jdoe,http_count,885,,{},2026-05-19 23:59:00+00,HIGH,,2026-05-19 23:59:00+00
432,pld-69862543-de95-4af8-ac86-8826254c2478,agt-1001,jdoe,LT-JDOE,aggregator,jdoe,http_after_hours,15,,{},2026-05-19 23:59:00+00,HIGH,,2026-05-19 23:59:00+00
433,pld-7196e6bb-3ae7-45c0-949b-3681bb5884aa,agt-1002,asmith,LT-ASMITH,aggregator,asmith,logon_count,3,,{},2026-05-19 23:59:00+00,HIGH,,2026-05-19 23:59:00+00
434,pld-7196e6bb-3ae7-45c0-949b-3681bb5884aa,agt-1002,asmith,LT-ASMITH,aggregator,asmith,logoff_count,2,,{},2026-05-19 23:59:00+00,HIGH,,2026-05-19 23:59:00+00
435,pld-7196e6bb-3ae7-45c0-949b-3681bb5884aa,agt-1002,asmith,LT-ASMITH,aggregator,asmith,after_hours_logon,1,,{},2026-05-19 23:59:00+00,HIGH,,2026-05-19 23:59:00+00
436,pld-7196e6bb-3ae7-45c0-949b-3681bb5884aa,agt-1002,asmith,LT-ASMITH,aggregator,asmith,file_access_count,420,,{},2026-05-19 23:59:00+00,HIGH,,2026-05-19 23:59:00+00
437,pld-7196e6bb-3ae7-45c0-949b-3681bb5884aa,agt-1002,asmith,LT-ASMITH,aggregator,asmith,file_open_count,138,,{},2026-05-19 23:59:00+00,HIGH,,2026-05-19 23:59:00+00
438,pld-7196e6bb-3ae7-45c0-949b-3681bb5884aa,agt-1002,asmith,LT-ASMITH,aggregator,asmith,file_copy_count,14,,{},2026-05-19 23:59:00+00,HIGH,,2026-05-19 23:59:00+00
439,pld-7196e6bb-3ae7-45c0-949b-3681bb5884aa,agt-1002,asmith,LT-ASMITH,aggregator,asmith,file_write_count,48,,{},2026-05-19 23:59:00+00,HIGH,,2026-05-19 23:59:00+00
440,pld-7196e6bb-3ae7-45c0-949b-3681bb5884aa,agt-1002,asmith,LT-ASMITH,aggregator,asmith,file_access_after_hours,173,,{},2026-05-19 23:59:00+00,HIGH,,2026-05-19 23:59:00+00
441,pld-7196e6bb-3ae7-45c0-949b-3681bb5884aa,agt-1002,asmith,LT-ASMITH,aggregator,asmith,http_count,505,,{},2026-05-19 23:59:00+00,HIGH,,2026-05-19 23:59:00+00
442,pld-7196e6bb-3ae7-45c0-949b-3681bb5884aa,agt-1002,asmith,LT-ASMITH,aggregator,asmith,download_count,2,,{},2026-05-19 23:59:00+00,HIGH,,2026-05-19 23:59:00+00
443,pld-7196e6bb-3ae7-45c0-949b-3681bb5884aa,agt-1002,asmith,LT-ASMITH,aggregator,asmith,http_after_hours,99,,{},2026-05-19 23:59:00+00,HIGH,,2026-05-19 23:59:00+00
444,pld-7443dd8d-ae76-4838-8c58-1ee0dbfe29c3,agt-1003,mjones,LT-MJONES,aggregator,mjones,logon_count,1,,{},2026-05-19 23:59:00+00,HIGH,,2026-05-19 23:59:00+00
445,pld-7443dd8d-ae76-4838-8c58-1ee0dbfe29c3,agt-1003,mjones,LT-MJONES,aggregator,mjones,logoff_count,1,,{},2026-05-19 23:59:00+00,HIGH,,2026-05-19 23:59:00+00
446,pld-7443dd8d-ae76-4838-8c58-1ee0dbfe29c3,agt-1003,mjones,LT-MJONES,aggregator,mjones,file_access_count,332,,{},2026-05-19 23:59:00+00,HIGH,,2026-05-19 23:59:00+00
447,pld-7443dd8d-ae76-4838-8c58-1ee0dbfe29c3,agt-1003,mjones,LT-MJONES,aggregator,mjones,file_open_count,119,,{},2026-05-19 23:59:00+00,HIGH,,2026-05-19 23:59:00+00
448,pld-7443dd8d-ae76-4838-8c58-1ee0dbfe29c3,agt-1003,mjones,LT-MJONES,aggregator,mjones,file_copy_count,11,,{},2026-05-19 23:59:00+00,HIGH,,2026-05-19 23:59:00+00
449,pld-7443dd8d-ae76-4838-8c58-1ee0dbfe29c3,agt-1003,mjones,LT-MJONES,aggregator,mjones,file_write_count,50,,{},2026-05-19 23:59:00+00,HIGH,,2026-05-19 23:59:00+00
450,pld-7443dd8d-ae76-4838-8c58-1ee0dbfe29c3,agt-1003,mjones,LT-MJONES,aggregator,mjones,file_delete_count,4,,{},2026-05-19 23:59:00+00,HIGH,,2026-05-19 23:59:00+00
451,pld-7443dd8d-ae76-4838-8c58-1ee0dbfe29c3,agt-1003,mjones,LT-MJONES,aggregator,mjones,file_access_after_hours,1,,{},2026-05-19 23:59:00+00,HIGH,,2026-05-19 23:59:00+00
452,pld-7443dd8d-ae76-4838-8c58-1ee0dbfe29c3,agt-1003,mjones,LT-MJONES,aggregator,mjones,http_count,607,,{},2026-05-19 23:59:00+00,HIGH,,2026-05-19 23:59:00+00
453,pld-7443dd8d-ae76-4838-8c58-1ee0dbfe29c3,agt-1003,mjones,LT-MJONES,aggregator,mjones,download_count,1,,{},2026-05-19 23:59:00+00,HIGH,,2026-05-19 23:59:00+00
454,pld-7443dd8d-ae76-4838-8c58-1ee0dbfe29c3,agt-1003,mjones,LT-MJONES,aggregator,mjones,http_after_hours,15,,{},2026-05-19 23:59:00+00,HIGH,,2026-05-19 23:59:00+00
455,pld-03cdee88-52e3-478f-a340-b2b5719f6ef9,agt-1004,bwilliams,LT-BWILLIAMS,aggregator,bwilliams,logon_count,3,,{},2026-05-19 23:59:00+00,HIGH,,2026-05-19 23:59:00+00
456,pld-03cdee88-52e3-478f-a340-b2b5719f6ef9,agt-1004,bwilliams,LT-BWILLIAMS,aggregator,bwilliams,logoff_count,2,,{},2026-05-19 23:59:00+00,HIGH,,2026-05-19 23:59:00+00
457,pld-03cdee88-52e3-478f-a340-b2b5719f6ef9,agt-1004,bwilliams,LT-BWILLIAMS,aggregator,bwilliams,file_access_count,121,,{},2026-05-19 23:59:00+00,HIGH,,2026-05-19 23:59:00+00
458,pld-03cdee88-52e3-478f-a340-b2b5719f6ef9,agt-1004,bwilliams,LT-BWILLIAMS,aggregator,bwilliams,file_open_count,170,,{},2026-05-19 23:59:00+00,HIGH,,2026-05-19 23:59:00+00
459,pld-03cdee88-52e3-478f-a340-b2b5719f6ef9,agt-1004,bwilliams,LT-BWILLIAMS,aggregator,bwilliams,file_copy_count,8,,{},2026-05-19 23:59:00+00,HIGH,,2026-05-19 23:59:00+00
460,pld-03cdee88-52e3-478f-a340-b2b5719f6ef9,agt-1004,bwilliams,LT-BWILLIAMS,aggregator,bwilliams,file_write_count,50,,{},2026-05-19 23:59:00+00,HIGH,,2026-05-19 23:59:00+00
461,pld-03cdee88-52e3-478f-a340-b2b5719f6ef9,agt-1004,bwilliams,LT-BWILLIAMS,aggregator,bwilliams,file_access_after_hours,6,,{},2026-05-19 23:59:00+00,HIGH,,2026-05-19 23:59:00+00
462,pld-03cdee88-52e3-478f-a340-b2b5719f6ef9,agt-1004,bwilliams,LT-BWILLIAMS,aggregator,bwilliams,http_count,844,,{},2026-05-19 23:59:00+00,HIGH,,2026-05-19 23:59:00+00
463,pld-03cdee88-52e3-478f-a340-b2b5719f6ef9,agt-1004,bwilliams,LT-BWILLIAMS,aggregator,bwilliams,download_count,2,,{},2026-05-19 23:59:00+00,HIGH,,2026-05-19 23:59:00+00
464,pld-03cdee88-52e3-478f-a340-b2b5719f6ef9,agt-1004,bwilliams,LT-BWILLIAMS,aggregator,bwilliams,http_after_hours,9,,{},2026-05-19 23:59:00+00,HIGH,,2026-05-19 23:59:00+00
465,pld-8dab57bb-6ee3-4d43-846b-1a55a109cfa1,agt-1005,cdavis,LT-CDAVIS,aggregator,cdavis,logon_count,2,,{},2026-05-19 23:59:00+00,HIGH,,2026-05-19 23:59:00+00
466,pld-8dab57bb-6ee3-4d43-846b-1a55a109cfa1,agt-1005,cdavis,LT-CDAVIS,aggregator,cdavis,logoff_count,2,,{},2026-05-19 23:59:00+00,HIGH,,2026-05-19 23:59:00+00
467,pld-8dab57bb-6ee3-4d43-846b-1a55a109cfa1,agt-1005,cdavis,LT-CDAVIS,aggregator,cdavis,file_access_count,129,,{},2026-05-19 23:59:00+00,HIGH,,2026-05-19 23:59:00+00
468,pld-8dab57bb-6ee3-4d43-846b-1a55a109cfa1,agt-1005,cdavis,LT-CDAVIS,aggregator,cdavis,file_open_count,122,,{},2026-05-19 23:59:00+00,HIGH,,2026-05-19 23:59:00+00
469,pld-8dab57bb-6ee3-4d43-846b-1a55a109cfa1,agt-1005,cdavis,LT-CDAVIS,aggregator,cdavis,file_copy_count,10,,{},2026-05-19 23:59:00+00,HIGH,,2026-05-19 23:59:00+00
470,pld-8dab57bb-6ee3-4d43-846b-1a55a109cfa1,agt-1005,cdavis,LT-CDAVIS,aggregator,cdavis,file_write_count,20,,{},2026-05-19 23:59:00+00,HIGH,,2026-05-19 23:59:00+00
471,pld-8dab57bb-6ee3-4d43-846b-1a55a109cfa1,agt-1005,cdavis,LT-CDAVIS,aggregator,cdavis,file_delete_count,3,,{},2026-05-19 23:59:00+00,HIGH,,2026-05-19 23:59:00+00
472,pld-8dab57bb-6ee3-4d43-846b-1a55a109cfa1,agt-1005,cdavis,LT-CDAVIS,aggregator,cdavis,file_access_after_hours,1,,{},2026-05-19 23:59:00+00,HIGH,,2026-05-19 23:59:00+00
473,pld-8dab57bb-6ee3-4d43-846b-1a55a109cfa1,agt-1005,cdavis,LT-CDAVIS,aggregator,cdavis,http_count,508,,{},2026-05-19 23:59:00+00,HIGH,,2026-05-19 23:59:00+00
474,pld-8dab57bb-6ee3-4d43-846b-1a55a109cfa1,agt-1005,cdavis,LT-CDAVIS,aggregator,cdavis,download_count,2,,{},2026-05-19 23:59:00+00,HIGH,,2026-05-19 23:59:00+00
475,pld-8dab57bb-6ee3-4d43-846b-1a55a109cfa1,agt-1005,cdavis,LT-CDAVIS,aggregator,cdavis,http_after_hours,17,,{},2026-05-19 23:59:00+00,HIGH,,2026-05-19 23:59:00+00
476,pld-c65b2dd0-341f-4d53-b057-f5255cdc8db4,agt-1006,mscott,LT-MSCOTT,aggregator,mscott,logon_count,2,,{},2026-05-19 23:59:00+00,HIGH,,2026-05-19 23:59:00+00
477,pld-c65b2dd0-341f-4d53-b057-f5255cdc8db4,agt-1006,mscott,LT-MSCOTT,aggregator,mscott,logoff_count,1,,{},2026-05-19 23:59:00+00,HIGH,,2026-05-19 23:59:00+00
478,pld-c65b2dd0-341f-4d53-b057-f5255cdc8db4,agt-1006,mscott,LT-MSCOTT,aggregator,mscott,file_access_count,136,,{},2026-05-19 23:59:00+00,HIGH,,2026-05-19 23:59:00+00
479,pld-c65b2dd0-341f-4d53-b057-f5255cdc8db4,agt-1006,mscott,LT-MSCOTT,aggregator,mscott,file_open_count,97,,{},2026-05-19 23:59:00+00,HIGH,,2026-05-19 23:59:00+00
480,pld-c65b2dd0-341f-4d53-b057-f5255cdc8db4,agt-1006,mscott,LT-MSCOTT,aggregator,mscott,file_copy_count,18,,{},2026-05-19 23:59:00+00,HIGH,,2026-05-19 23:59:00+00
481,pld-c65b2dd0-341f-4d53-b057-f5255cdc8db4,agt-1006,mscott,LT-MSCOTT,aggregator,mscott,file_write_count,44,,{},2026-05-19 23:59:00+00,HIGH,,2026-05-19 23:59:00+00
482,pld-c65b2dd0-341f-4d53-b057-f5255cdc8db4,agt-1006,mscott,LT-MSCOTT,aggregator,mscott,file_delete_count,3,,{},2026-05-19 23:59:00+00,HIGH,,2026-05-19 23:59:00+00
483,pld-c65b2dd0-341f-4d53-b057-f5255cdc8db4,agt-1006,mscott,LT-MSCOTT,aggregator,mscott,file_access_after_hours,7,,{},2026-05-19 23:59:00+00,HIGH,,2026-05-19 23:59:00+00
484,pld-c65b2dd0-341f-4d53-b057-f5255cdc8db4,agt-1006,mscott,LT-MSCOTT,aggregator,mscott,http_count,903,,{},2026-05-19 23:59:00+00,HIGH,,2026-05-19 23:59:00+00
485,pld-c65b2dd0-341f-4d53-b057-f5255cdc8db4,agt-1006,mscott,LT-MSCOTT,aggregator,mscott,download_count,3,,{},2026-05-19 23:59:00+00,HIGH,,2026-05-19 23:59:00+00
486,pld-c65b2dd0-341f-4d53-b057-f5255cdc8db4,agt-1006,mscott,LT-MSCOTT,aggregator,mscott,http_after_hours,18,,{},2026-05-19 23:59:00+00,HIGH,,2026-05-19 23:59:00+00
487,pld-004511cf-f326-4b70-9d2f-beea66ce2003,agt-1007,tjones,LT-TJONES,aggregator,tjones,logon_count,1,,{},2026-05-19 23:59:00+00,HIGH,,2026-05-19 23:59:00+00
488,pld-004511cf-f326-4b70-9d2f-beea66ce2003,agt-1007,tjones,LT-TJONES,aggregator,tjones,logoff_count,2,,{},2026-05-19 23:59:00+00,HIGH,,2026-05-19 23:59:00+00
489,pld-004511cf-f326-4b70-9d2f-beea66ce2003,agt-1007,tjones,LT-TJONES,aggregator,tjones,file_access_count,489,,{},2026-05-19 23:59:00+00,HIGH,,2026-05-19 23:59:00+00
490,pld-004511cf-f326-4b70-9d2f-beea66ce2003,agt-1007,tjones,LT-TJONES,aggregator,tjones,file_open_count,158,,{},2026-05-19 23:59:00+00,HIGH,,2026-05-19 23:59:00+00
491,pld-004511cf-f326-4b70-9d2f-beea66ce2003,agt-1007,tjones,LT-TJONES,aggregator,tjones,file_copy_count,8,,{},2026-05-19 23:59:00+00,HIGH,,2026-05-19 23:59:00+00
492,pld-004511cf-f326-4b70-9d2f-beea66ce2003,agt-1007,tjones,LT-TJONES,aggregator,tjones,file_write_count,35,,{},2026-05-19 23:59:00+00,HIGH,,2026-05-19 23:59:00+00
493,pld-004511cf-f326-4b70-9d2f-beea66ce2003,agt-1007,tjones,LT-TJONES,aggregator,tjones,file_delete_count,3,,{},2026-05-19 23:59:00+00,HIGH,,2026-05-19 23:59:00+00
494,pld-004511cf-f326-4b70-9d2f-beea66ce2003,agt-1007,tjones,LT-TJONES,aggregator,tjones,file_access_after_hours,1,,{},2026-05-19 23:59:00+00,HIGH,,2026-05-19 23:59:00+00
495,pld-004511cf-f326-4b70-9d2f-beea66ce2003,agt-1007,tjones,LT-TJONES,aggregator,tjones,http_count,462,,{},2026-05-19 23:59:00+00,HIGH,,2026-05-19 23:59:00+00
496,pld-004511cf-f326-4b70-9d2f-beea66ce2003,agt-1007,tjones,LT-TJONES,aggregator,tjones,download_count,1,,{},2026-05-19 23:59:00+00,HIGH,,2026-05-19 23:59:00+00
497,pld-004511cf-f326-4b70-9d2f-beea66ce2003,agt-1007,tjones,LT-TJONES,aggregator,tjones,http_after_hours,3,,{},2026-05-19 23:59:00+00,HIGH,,2026-05-19 23:59:00+00
498,pld-60ba1815-3703-4552-8b11-24162bc66ba3,agt-1008,rwilson,LT-RWILSON,aggregator,rwilson,logon_count,3,,{},2026-05-19 23:59:00+00,HIGH,,2026-05-19 23:59:00+00
499,pld-60ba1815-3703-4552-8b11-24162bc66ba3,agt-1008,rwilson,LT-RWILSON,aggregator,rwilson,logoff_count,1,,{},2026-05-19 23:59:00+00,HIGH,,2026-05-19 23:59:00+00
500,pld-60ba1815-3703-4552-8b11-24162bc66ba3,agt-1008,rwilson,LT-RWILSON,aggregator,rwilson,file_access_count,260,,{},2026-05-19 23:59:00+00,HIGH,,2026-05-19 23:59:00+00
501,pld-60ba1815-3703-4552-8b11-24162bc66ba3,agt-1008,rwilson,LT-RWILSON,aggregator,rwilson,file_open_count,199,,{},2026-05-19 23:59:00+00,HIGH,,2026-05-19 23:59:00+00
502,pld-60ba1815-3703-4552-8b11-24162bc66ba3,agt-1008,rwilson,LT-RWILSON,aggregator,rwilson,file_copy_count,12,,{},2026-05-19 23:59:00+00,HIGH,,2026-05-19 23:59:00+00
503,pld-60ba1815-3703-4552-8b11-24162bc66ba3,agt-1008,rwilson,LT-RWILSON,aggregator,rwilson,file_write_count,36,,{},2026-05-19 23:59:00+00,HIGH,,2026-05-19 23:59:00+00
504,pld-60ba1815-3703-4552-8b11-24162bc66ba3,agt-1008,rwilson,LT-RWILSON,aggregator,rwilson,file_access_after_hours,1,,{},2026-05-19 23:59:00+00,HIGH,,2026-05-19 23:59:00+00
505,pld-60ba1815-3703-4552-8b11-24162bc66ba3,agt-1008,rwilson,LT-RWILSON,aggregator,rwilson,http_count,223,,{},2026-05-19 23:59:00+00,HIGH,,2026-05-19 23:59:00+00
506,pld-60ba1815-3703-4552-8b11-24162bc66ba3,agt-1008,rwilson,LT-RWILSON,aggregator,rwilson,download_count,2,,{},2026-05-19 23:59:00+00,HIGH,,2026-05-19 23:59:00+00
507,pld-60ba1815-3703-4552-8b11-24162bc66ba3,agt-1008,rwilson,LT-RWILSON,aggregator,rwilson,http_after_hours,6,,{},2026-05-19 23:59:00+00,HIGH,,2026-05-19 23:59:00+00
508,pld-2df7816d-0276-42fb-ba08-70c6fc01c059,agt-1009,esnow,LT-ESNOW,aggregator,esnow,logon_count,1,,{},2026-05-19 23:59:00+00,HIGH,,2026-05-19 23:59:00+00
509,pld-2df7816d-0276-42fb-ba08-70c6fc01c059,agt-1009,esnow,LT-ESNOW,aggregator,esnow,logoff_count,3,,{},2026-05-19 23:59:00+00,HIGH,,2026-05-19 23:59:00+00
510,pld-2df7816d-0276-42fb-ba08-70c6fc01c059,agt-1009,esnow,LT-ESNOW,aggregator,esnow,file_access_count,194,,{},2026-05-19 23:59:00+00,HIGH,,2026-05-19 23:59:00+00
511,pld-2df7816d-0276-42fb-ba08-70c6fc01c059,agt-1009,esnow,LT-ESNOW,aggregator,esnow,file_open_count,104,,{},2026-05-19 23:59:00+00,HIGH,,2026-05-19 23:59:00+00
512,pld-2df7816d-0276-42fb-ba08-70c6fc01c059,agt-1009,esnow,LT-ESNOW,aggregator,esnow,file_copy_count,16,,{},2026-05-19 23:59:00+00,HIGH,,2026-05-19 23:59:00+00
513,pld-2df7816d-0276-42fb-ba08-70c6fc01c059,agt-1009,esnow,LT-ESNOW,aggregator,esnow,file_write_count,36,,{},2026-05-19 23:59:00+00,HIGH,,2026-05-19 23:59:00+00
514,pld-2df7816d-0276-42fb-ba08-70c6fc01c059,agt-1009,esnow,LT-ESNOW,aggregator,esnow,file_delete_count,5,,{},2026-05-19 23:59:00+00,HIGH,,2026-05-19 23:59:00+00
515,pld-2df7816d-0276-42fb-ba08-70c6fc01c059,agt-1009,esnow,LT-ESNOW,aggregator,esnow,http_count,342,,{},2026-05-19 23:59:00+00,HIGH,,2026-05-19 23:59:00+00
516,pld-2df7816d-0276-42fb-ba08-70c6fc01c059,agt-1009,esnow,LT-ESNOW,aggregator,esnow,http_after_hours,12,,{},2026-05-19 23:59:00+00,HIGH,,2026-05-19 23:59:00+00
517,pld-f7d5ff1b-6878-4b7a-88e3-c744006497a9,agt-1010,badmin,LT-BADMIN,aggregator,badmin,logon_count,1,,{},2026-05-19 23:59:00+00,HIGH,,2026-05-19 23:59:00+00
518,pld-f7d5ff1b-6878-4b7a-88e3-c744006497a9,agt-1010,badmin,LT-BADMIN,aggregator,badmin,logoff_count,1,,{},2026-05-19 23:59:00+00,HIGH,,2026-05-19 23:59:00+00
519,pld-f7d5ff1b-6878-4b7a-88e3-c744006497a9,agt-1010,badmin,LT-BADMIN,aggregator,badmin,file_access_count,417,,{},2026-05-19 23:59:00+00,HIGH,,2026-05-19 23:59:00+00
520,pld-f7d5ff1b-6878-4b7a-88e3-c744006497a9,agt-1010,badmin,LT-BADMIN,aggregator,badmin,file_open_count,175,,{},2026-05-19 23:59:00+00,HIGH,,2026-05-19 23:59:00+00
521,pld-f7d5ff1b-6878-4b7a-88e3-c744006497a9,agt-1010,badmin,LT-BADMIN,aggregator,badmin,file_copy_count,9,,{},2026-05-19 23:59:00+00,HIGH,,2026-05-19 23:59:00+00
522,pld-f7d5ff1b-6878-4b7a-88e3-c744006497a9,agt-1010,badmin,LT-BADMIN,aggregator,badmin,file_write_count,23,,{},2026-05-19 23:59:00+00,HIGH,,2026-05-19 23:59:00+00
523,pld-f7d5ff1b-6878-4b7a-88e3-c744006497a9,agt-1010,badmin,LT-BADMIN,aggregator,badmin,file_delete_count,1,,{},2026-05-19 23:59:00+00,HIGH,,2026-05-19 23:59:00+00
524,pld-f7d5ff1b-6878-4b7a-88e3-c744006497a9,agt-1010,badmin,LT-BADMIN,aggregator,badmin,file_access_after_hours,4,,{},2026-05-19 23:59:00+00,HIGH,,2026-05-19 23:59:00+00
525,pld-f7d5ff1b-6878-4b7a-88e3-c744006497a9,agt-1010,badmin,LT-BADMIN,aggregator,badmin,http_count,768,,{},2026-05-19 23:59:00+00,HIGH,,2026-05-19 23:59:00+00
526,pld-f7d5ff1b-6878-4b7a-88e3-c744006497a9,agt-1010,badmin,LT-BADMIN,aggregator,badmin,download_count,4,,{},2026-05-19 23:59:00+00,HIGH,,2026-05-19 23:59:00+00
527,pld-f7d5ff1b-6878-4b7a-88e3-c744006497a9,agt-1010,badmin,LT-BADMIN,aggregator,badmin,http_after_hours,7,,{},2026-05-19 23:59:00+00,HIGH,,2026-05-19 23:59:00+00
528,pld-55778c9e-9101-4d51-ad61-fdc8b0e6271d,agt-1001,jdoe,LT-JDOE,aggregator,jdoe,logon_count,3,,{},2026-05-20 23:59:00+00,HIGH,,2026-05-20 23:59:00+00
529,pld-55778c9e-9101-4d51-ad61-fdc8b0e6271d,agt-1001,jdoe,LT-JDOE,aggregator,jdoe,logoff_count,3,,{},2026-05-20 23:59:00+00,HIGH,,2026-05-20 23:59:00+00
530,pld-55778c9e-9101-4d51-ad61-fdc8b0e6271d,agt-1001,jdoe,LT-JDOE,aggregator,jdoe,after_hours_logon,1,,{},2026-05-20 23:59:00+00,HIGH,,2026-05-20 23:59:00+00
531,pld-55778c9e-9101-4d51-ad61-fdc8b0e6271d,agt-1001,jdoe,LT-JDOE,aggregator,jdoe,file_access_count,238,,{},2026-05-20 23:59:00+00,HIGH,,2026-05-20 23:59:00+00
532,pld-55778c9e-9101-4d51-ad61-fdc8b0e6271d,agt-1001,jdoe,LT-JDOE,aggregator,jdoe,file_open_count,52,,{},2026-05-20 23:59:00+00,HIGH,,2026-05-20 23:59:00+00
533,pld-55778c9e-9101-4d51-ad61-fdc8b0e6271d,agt-1001,jdoe,LT-JDOE,aggregator,jdoe,file_copy_count,15,,{},2026-05-20 23:59:00+00,HIGH,,2026-05-20 23:59:00+00
534,pld-55778c9e-9101-4d51-ad61-fdc8b0e6271d,agt-1001,jdoe,LT-JDOE,aggregator,jdoe,file_write_count,23,,{},2026-05-20 23:59:00+00,HIGH,,2026-05-20 23:59:00+00
535,pld-55778c9e-9101-4d51-ad61-fdc8b0e6271d,agt-1001,jdoe,LT-JDOE,aggregator,jdoe,file_access_after_hours,114,,{},2026-05-20 23:59:00+00,HIGH,,2026-05-20 23:59:00+00
536,pld-55778c9e-9101-4d51-ad61-fdc8b0e6271d,agt-1001,jdoe,LT-JDOE,aggregator,jdoe,http_count,488,,{},2026-05-20 23:59:00+00,HIGH,,2026-05-20 23:59:00+00
537,pld-55778c9e-9101-4d51-ad61-fdc8b0e6271d,agt-1001,jdoe,LT-JDOE,aggregator,jdoe,download_count,2,,{},2026-05-20 23:59:00+00,HIGH,,2026-05-20 23:59:00+00
538,pld-55778c9e-9101-4d51-ad61-fdc8b0e6271d,agt-1001,jdoe,LT-JDOE,aggregator,jdoe,http_after_hours,60,,{},2026-05-20 23:59:00+00,HIGH,,2026-05-20 23:59:00+00
539,pld-02e70277-6cb4-4b32-88b8-02e447eaa7d3,agt-1002,asmith,LT-ASMITH,aggregator,asmith,logon_count,3,,{},2026-05-20 23:59:00+00,HIGH,,2026-05-20 23:59:00+00
540,pld-02e70277-6cb4-4b32-88b8-02e447eaa7d3,agt-1002,asmith,LT-ASMITH,aggregator,asmith,logoff_count,1,,{},2026-05-20 23:59:00+00,HIGH,,2026-05-20 23:59:00+00
541,pld-02e70277-6cb4-4b32-88b8-02e447eaa7d3,agt-1002,asmith,LT-ASMITH,aggregator,asmith,file_access_count,355,,{},2026-05-20 23:59:00+00,HIGH,,2026-05-20 23:59:00+00
542,pld-02e70277-6cb4-4b32-88b8-02e447eaa7d3,agt-1002,asmith,LT-ASMITH,aggregator,asmith,file_open_count,103,,{},2026-05-20 23:59:00+00,HIGH,,2026-05-20 23:59:00+00
543,pld-02e70277-6cb4-4b32-88b8-02e447eaa7d3,agt-1002,asmith,LT-ASMITH,aggregator,asmith,file_copy_count,17,,{},2026-05-20 23:59:00+00,HIGH,,2026-05-20 23:59:00+00
544,pld-02e70277-6cb4-4b32-88b8-02e447eaa7d3,agt-1002,asmith,LT-ASMITH,aggregator,asmith,file_write_count,25,,{},2026-05-20 23:59:00+00,HIGH,,2026-05-20 23:59:00+00
545,pld-02e70277-6cb4-4b32-88b8-02e447eaa7d3,agt-1002,asmith,LT-ASMITH,aggregator,asmith,file_delete_count,3,,{},2026-05-20 23:59:00+00,HIGH,,2026-05-20 23:59:00+00
546,pld-02e70277-6cb4-4b32-88b8-02e447eaa7d3,agt-1002,asmith,LT-ASMITH,aggregator,asmith,file_access_after_hours,5,,{},2026-05-20 23:59:00+00,HIGH,,2026-05-20 23:59:00+00
547,pld-02e70277-6cb4-4b32-88b8-02e447eaa7d3,agt-1002,asmith,LT-ASMITH,aggregator,asmith,http_count,721,,{},2026-05-20 23:59:00+00,HIGH,,2026-05-20 23:59:00+00
548,pld-02e70277-6cb4-4b32-88b8-02e447eaa7d3,agt-1002,asmith,LT-ASMITH,aggregator,asmith,download_count,1,,{},2026-05-20 23:59:00+00,HIGH,,2026-05-20 23:59:00+00
549,pld-02e70277-6cb4-4b32-88b8-02e447eaa7d3,agt-1002,asmith,LT-ASMITH,aggregator,asmith,http_after_hours,8,,{},2026-05-20 23:59:00+00,HIGH,,2026-05-20 23:59:00+00
550,pld-56cde917-b153-4a80-8cdf-0964a12fbbae,agt-1003,mjones,LT-MJONES,aggregator,mjones,logon_count,3,,{},2026-05-20 23:59:00+00,HIGH,,2026-05-20 23:59:00+00
551,pld-56cde917-b153-4a80-8cdf-0964a12fbbae,agt-1003,mjones,LT-MJONES,aggregator,mjones,logoff_count,3,,{},2026-05-20 23:59:00+00,HIGH,,2026-05-20 23:59:00+00
552,pld-56cde917-b153-4a80-8cdf-0964a12fbbae,agt-1003,mjones,LT-MJONES,aggregator,mjones,file_access_count,445,,{},2026-05-20 23:59:00+00,HIGH,,2026-05-20 23:59:00+00
553,pld-56cde917-b153-4a80-8cdf-0964a12fbbae,agt-1003,mjones,LT-MJONES,aggregator,mjones,file_open_count,94,,{},2026-05-20 23:59:00+00,HIGH,,2026-05-20 23:59:00+00
554,pld-56cde917-b153-4a80-8cdf-0964a12fbbae,agt-1003,mjones,LT-MJONES,aggregator,mjones,file_copy_count,20,,{},2026-05-20 23:59:00+00,HIGH,,2026-05-20 23:59:00+00
555,pld-56cde917-b153-4a80-8cdf-0964a12fbbae,agt-1003,mjones,LT-MJONES,aggregator,mjones,file_write_count,41,,{},2026-05-20 23:59:00+00,HIGH,,2026-05-20 23:59:00+00
556,pld-56cde917-b153-4a80-8cdf-0964a12fbbae,agt-1003,mjones,LT-MJONES,aggregator,mjones,file_delete_count,2,,{},2026-05-20 23:59:00+00,HIGH,,2026-05-20 23:59:00+00
557,pld-56cde917-b153-4a80-8cdf-0964a12fbbae,agt-1003,mjones,LT-MJONES,aggregator,mjones,file_access_after_hours,2,,{},2026-05-20 23:59:00+00,HIGH,,2026-05-20 23:59:00+00
558,pld-56cde917-b153-4a80-8cdf-0964a12fbbae,agt-1003,mjones,LT-MJONES,aggregator,mjones,http_count,699,,{},2026-05-20 23:59:00+00,HIGH,,2026-05-20 23:59:00+00
559,pld-56cde917-b153-4a80-8cdf-0964a12fbbae,agt-1003,mjones,LT-MJONES,aggregator,mjones,http_after_hours,13,,{},2026-05-20 23:59:00+00,HIGH,,2026-05-20 23:59:00+00
560,pld-7370dc23-8e27-4718-a763-df0a78f4c5d8,agt-1004,bwilliams,LT-BWILLIAMS,aggregator,bwilliams,logon_count,3,,{},2026-05-20 23:59:00+00,HIGH,,2026-05-20 23:59:00+00
561,pld-7370dc23-8e27-4718-a763-df0a78f4c5d8,agt-1004,bwilliams,LT-BWILLIAMS,aggregator,bwilliams,logoff_count,3,,{},2026-05-20 23:59:00+00,HIGH,,2026-05-20 23:59:00+00
562,pld-7370dc23-8e27-4718-a763-df0a78f4c5d8,agt-1004,bwilliams,LT-BWILLIAMS,aggregator,bwilliams,file_access_count,100,,{},2026-05-20 23:59:00+00,HIGH,,2026-05-20 23:59:00+00
563,pld-7370dc23-8e27-4718-a763-df0a78f4c5d8,agt-1004,bwilliams,LT-BWILLIAMS,aggregator,bwilliams,file_open_count,88,,{},2026-05-20 23:59:00+00,HIGH,,2026-05-20 23:59:00+00
564,pld-7370dc23-8e27-4718-a763-df0a78f4c5d8,agt-1004,bwilliams,LT-BWILLIAMS,aggregator,bwilliams,file_copy_count,17,,{},2026-05-20 23:59:00+00,HIGH,,2026-05-20 23:59:00+00
565,pld-7370dc23-8e27-4718-a763-df0a78f4c5d8,agt-1004,bwilliams,LT-BWILLIAMS,aggregator,bwilliams,file_write_count,38,,{},2026-05-20 23:59:00+00,HIGH,,2026-05-20 23:59:00+00
566,pld-7370dc23-8e27-4718-a763-df0a78f4c5d8,agt-1004,bwilliams,LT-BWILLIAMS,aggregator,bwilliams,file_delete_count,2,,{},2026-05-20 23:59:00+00,HIGH,,2026-05-20 23:59:00+00
567,pld-7370dc23-8e27-4718-a763-df0a78f4c5d8,agt-1004,bwilliams,LT-BWILLIAMS,aggregator,bwilliams,file_access_after_hours,1,,{},2026-05-20 23:59:00+00,HIGH,,2026-05-20 23:59:00+00
568,pld-7370dc23-8e27-4718-a763-df0a78f4c5d8,agt-1004,bwilliams,LT-BWILLIAMS,aggregator,bwilliams,http_count,757,,{},2026-05-20 23:59:00+00,HIGH,,2026-05-20 23:59:00+00
569,pld-7370dc23-8e27-4718-a763-df0a78f4c5d8,agt-1004,bwilliams,LT-BWILLIAMS,aggregator,bwilliams,download_count,1,,{},2026-05-20 23:59:00+00,HIGH,,2026-05-20 23:59:00+00
570,pld-7370dc23-8e27-4718-a763-df0a78f4c5d8,agt-1004,bwilliams,LT-BWILLIAMS,aggregator,bwilliams,http_after_hours,5,,{},2026-05-20 23:59:00+00,HIGH,,2026-05-20 23:59:00+00
571,pld-712da93f-f059-4e1b-8192-92159d7a83a9,agt-1005,cdavis,LT-CDAVIS,aggregator,cdavis,logon_count,3,,{},2026-05-20 23:59:00+00,HIGH,,2026-05-20 23:59:00+00
572,pld-712da93f-f059-4e1b-8192-92159d7a83a9,agt-1005,cdavis,LT-CDAVIS,aggregator,cdavis,logoff_count,3,,{},2026-05-20 23:59:00+00,HIGH,,2026-05-20 23:59:00+00
573,pld-712da93f-f059-4e1b-8192-92159d7a83a9,agt-1005,cdavis,LT-CDAVIS,aggregator,cdavis,file_access_count,432,,{},2026-05-20 23:59:00+00,HIGH,,2026-05-20 23:59:00+00
574,pld-712da93f-f059-4e1b-8192-92159d7a83a9,agt-1005,cdavis,LT-CDAVIS,aggregator,cdavis,file_open_count,76,,{},2026-05-20 23:59:00+00,HIGH,,2026-05-20 23:59:00+00
575,pld-712da93f-f059-4e1b-8192-92159d7a83a9,agt-1005,cdavis,LT-CDAVIS,aggregator,cdavis,file_copy_count,14,,{},2026-05-20 23:59:00+00,HIGH,,2026-05-20 23:59:00+00
576,pld-712da93f-f059-4e1b-8192-92159d7a83a9,agt-1005,cdavis,LT-CDAVIS,aggregator,cdavis,file_write_count,24,,{},2026-05-20 23:59:00+00,HIGH,,2026-05-20 23:59:00+00
577,pld-712da93f-f059-4e1b-8192-92159d7a83a9,agt-1005,cdavis,LT-CDAVIS,aggregator,cdavis,file_delete_count,5,,{},2026-05-20 23:59:00+00,HIGH,,2026-05-20 23:59:00+00
578,pld-712da93f-f059-4e1b-8192-92159d7a83a9,agt-1005,cdavis,LT-CDAVIS,aggregator,cdavis,file_access_after_hours,9,,{},2026-05-20 23:59:00+00,HIGH,,2026-05-20 23:59:00+00
579,pld-712da93f-f059-4e1b-8192-92159d7a83a9,agt-1005,cdavis,LT-CDAVIS,aggregator,cdavis,http_count,413,,{},2026-05-20 23:59:00+00,HIGH,,2026-05-20 23:59:00+00
580,pld-712da93f-f059-4e1b-8192-92159d7a83a9,agt-1005,cdavis,LT-CDAVIS,aggregator,cdavis,download_count,2,,{},2026-05-20 23:59:00+00,HIGH,,2026-05-20 23:59:00+00
581,pld-fe6f8e43-be2f-49b3-8544-284d21ccaabe,agt-1006,mscott,LT-MSCOTT,aggregator,mscott,logon_count,2,,{},2026-05-20 23:59:00+00,HIGH,,2026-05-20 23:59:00+00
582,pld-fe6f8e43-be2f-49b3-8544-284d21ccaabe,agt-1006,mscott,LT-MSCOTT,aggregator,mscott,logoff_count,2,,{},2026-05-20 23:59:00+00,HIGH,,2026-05-20 23:59:00+00
583,pld-fe6f8e43-be2f-49b3-8544-284d21ccaabe,agt-1006,mscott,LT-MSCOTT,aggregator,mscott,file_access_count,355,,{},2026-05-20 23:59:00+00,HIGH,,2026-05-20 23:59:00+00
584,pld-fe6f8e43-be2f-49b3-8544-284d21ccaabe,agt-1006,mscott,LT-MSCOTT,aggregator,mscott,file_open_count,57,,{},2026-05-20 23:59:00+00,HIGH,,2026-05-20 23:59:00+00
585,pld-fe6f8e43-be2f-49b3-8544-284d21ccaabe,agt-1006,mscott,LT-MSCOTT,aggregator,mscott,file_copy_count,7,,{},2026-05-20 23:59:00+00,HIGH,,2026-05-20 23:59:00+00
586,pld-fe6f8e43-be2f-49b3-8544-284d21ccaabe,agt-1006,mscott,LT-MSCOTT,aggregator,mscott,file_write_count,43,,{},2026-05-20 23:59:00+00,HIGH,,2026-05-20 23:59:00+00
587,pld-fe6f8e43-be2f-49b3-8544-284d21ccaabe,agt-1006,mscott,LT-MSCOTT,aggregator,mscott,file_access_after_hours,3,,{},2026-05-20 23:59:00+00,HIGH,,2026-05-20 23:59:00+00
588,pld-fe6f8e43-be2f-49b3-8544-284d21ccaabe,agt-1006,mscott,LT-MSCOTT,aggregator,mscott,http_count,572,,{},2026-05-20 23:59:00+00,HIGH,,2026-05-20 23:59:00+00
589,pld-fe6f8e43-be2f-49b3-8544-284d21ccaabe,agt-1006,mscott,LT-MSCOTT,aggregator,mscott,download_count,3,,{},2026-05-20 23:59:00+00,HIGH,,2026-05-20 23:59:00+00
590,pld-fe6f8e43-be2f-49b3-8544-284d21ccaabe,agt-1006,mscott,LT-MSCOTT,aggregator,mscott,http_after_hours,2,,{},2026-05-20 23:59:00+00,HIGH,,2026-05-20 23:59:00+00
591,pld-e4a71e6e-1df3-4c8c-b9f2-745f5ea9f7b2,agt-1007,tjones,LT-TJONES,aggregator,tjones,logon_count,2,,{},2026-05-20 23:59:00+00,HIGH,,2026-05-20 23:59:00+00
592,pld-e4a71e6e-1df3-4c8c-b9f2-745f5ea9f7b2,agt-1007,tjones,LT-TJONES,aggregator,tjones,logoff_count,1,,{},2026-05-20 23:59:00+00,HIGH,,2026-05-20 23:59:00+00
593,pld-e4a71e6e-1df3-4c8c-b9f2-745f5ea9f7b2,agt-1007,tjones,LT-TJONES,aggregator,tjones,file_access_count,313,,{},2026-05-20 23:59:00+00,HIGH,,2026-05-20 23:59:00+00
594,pld-e4a71e6e-1df3-4c8c-b9f2-745f5ea9f7b2,agt-1007,tjones,LT-TJONES,aggregator,tjones,file_open_count,65,,{},2026-05-20 23:59:00+00,HIGH,,2026-05-20 23:59:00+00
595,pld-e4a71e6e-1df3-4c8c-b9f2-745f5ea9f7b2,agt-1007,tjones,LT-TJONES,aggregator,tjones,file_copy_count,13,,{},2026-05-20 23:59:00+00,HIGH,,2026-05-20 23:59:00+00
596,pld-e4a71e6e-1df3-4c8c-b9f2-745f5ea9f7b2,agt-1007,tjones,LT-TJONES,aggregator,tjones,file_write_count,17,,{},2026-05-20 23:59:00+00,HIGH,,2026-05-20 23:59:00+00
597,pld-e4a71e6e-1df3-4c8c-b9f2-745f5ea9f7b2,agt-1007,tjones,LT-TJONES,aggregator,tjones,file_delete_count,2,,{},2026-05-20 23:59:00+00,HIGH,,2026-05-20 23:59:00+00
598,pld-e4a71e6e-1df3-4c8c-b9f2-745f5ea9f7b2,agt-1007,tjones,LT-TJONES,aggregator,tjones,file_access_after_hours,5,,{},2026-05-20 23:59:00+00,HIGH,,2026-05-20 23:59:00+00
599,pld-e4a71e6e-1df3-4c8c-b9f2-745f5ea9f7b2,agt-1007,tjones,LT-TJONES,aggregator,tjones,usb_connect_count,1,,{},2026-05-20 23:59:00+00,HIGH,,2026-05-20 23:59:00+00
600,pld-e4a71e6e-1df3-4c8c-b9f2-745f5ea9f7b2,agt-1007,tjones,LT-TJONES,aggregator,tjones,usb_disconnect_count,1,,{},2026-05-20 23:59:00+00,HIGH,,2026-05-20 23:59:00+00
601,pld-e4a71e6e-1df3-4c8c-b9f2-745f5ea9f7b2,agt-1007,tjones,LT-TJONES,aggregator,tjones,usb_file_transfer_count,4,,{},2026-05-20 23:59:00+00,HIGH,,2026-05-20 23:59:00+00
602,pld-e4a71e6e-1df3-4c8c-b9f2-745f5ea9f7b2,agt-1007,tjones,LT-TJONES,aggregator,tjones,http_count,309,,{},2026-05-20 23:59:00+00,HIGH,,2026-05-20 23:59:00+00
603,pld-e4a71e6e-1df3-4c8c-b9f2-745f5ea9f7b2,agt-1007,tjones,LT-TJONES,aggregator,tjones,download_count,2,,{},2026-05-20 23:59:00+00,HIGH,,2026-05-20 23:59:00+00
604,pld-e4a71e6e-1df3-4c8c-b9f2-745f5ea9f7b2,agt-1007,tjones,LT-TJONES,aggregator,tjones,http_after_hours,2,,{},2026-05-20 23:59:00+00,HIGH,,2026-05-20 23:59:00+00
605,pld-ec733b9e-c0cc-4453-b1de-1b2d5a90edc2,agt-1008,rwilson,LT-RWILSON,aggregator,rwilson,logon_count,3,,{},2026-05-20 23:59:00+00,HIGH,,2026-05-20 23:59:00+00
606,pld-ec733b9e-c0cc-4453-b1de-1b2d5a90edc2,agt-1008,rwilson,LT-RWILSON,aggregator,rwilson,logoff_count,2,,{},2026-05-20 23:59:00+00,HIGH,,2026-05-20 23:59:00+00
607,pld-ec733b9e-c0cc-4453-b1de-1b2d5a90edc2,agt-1008,rwilson,LT-RWILSON,aggregator,rwilson,file_access_count,356,,{},2026-05-20 23:59:00+00,HIGH,,2026-05-20 23:59:00+00
608,pld-ec733b9e-c0cc-4453-b1de-1b2d5a90edc2,agt-1008,rwilson,LT-RWILSON,aggregator,rwilson,file_open_count,98,,{},2026-05-20 23:59:00+00,HIGH,,2026-05-20 23:59:00+00
609,pld-ec733b9e-c0cc-4453-b1de-1b2d5a90edc2,agt-1008,rwilson,LT-RWILSON,aggregator,rwilson,file_copy_count,8,,{},2026-05-20 23:59:00+00,HIGH,,2026-05-20 23:59:00+00
610,pld-ec733b9e-c0cc-4453-b1de-1b2d5a90edc2,agt-1008,rwilson,LT-RWILSON,aggregator,rwilson,file_write_count,36,,{},2026-05-20 23:59:00+00,HIGH,,2026-05-20 23:59:00+00
611,pld-ec733b9e-c0cc-4453-b1de-1b2d5a90edc2,agt-1008,rwilson,LT-RWILSON,aggregator,rwilson,file_delete_count,4,,{},2026-05-20 23:59:00+00,HIGH,,2026-05-20 23:59:00+00
612,pld-ec733b9e-c0cc-4453-b1de-1b2d5a90edc2,agt-1008,rwilson,LT-RWILSON,aggregator,rwilson,file_access_after_hours,5,,{},2026-05-20 23:59:00+00,HIGH,,2026-05-20 23:59:00+00
613,pld-ec733b9e-c0cc-4453-b1de-1b2d5a90edc2,agt-1008,rwilson,LT-RWILSON,aggregator,rwilson,http_count,491,,{},2026-05-20 23:59:00+00,HIGH,,2026-05-20 23:59:00+00
614,pld-ec733b9e-c0cc-4453-b1de-1b2d5a90edc2,agt-1008,rwilson,LT-RWILSON,aggregator,rwilson,download_count,1,,{},2026-05-20 23:59:00+00,HIGH,,2026-05-20 23:59:00+00
615,pld-ec733b9e-c0cc-4453-b1de-1b2d5a90edc2,agt-1008,rwilson,LT-RWILSON,aggregator,rwilson,http_after_hours,12,,{},2026-05-20 23:59:00+00,HIGH,,2026-05-20 23:59:00+00
616,pld-23074a97-34b1-4f86-a542-a925e51ddc8a,agt-1009,esnow,LT-ESNOW,aggregator,esnow,logon_count,2,,{},2026-05-20 23:59:00+00,HIGH,,2026-05-20 23:59:00+00
617,pld-23074a97-34b1-4f86-a542-a925e51ddc8a,agt-1009,esnow,LT-ESNOW,aggregator,esnow,logoff_count,3,,{},2026-05-20 23:59:00+00,HIGH,,2026-05-20 23:59:00+00
618,pld-23074a97-34b1-4f86-a542-a925e51ddc8a,agt-1009,esnow,LT-ESNOW,aggregator,esnow,file_access_count,443,,{},2026-05-20 23:59:00+00,HIGH,,2026-05-20 23:59:00+00
619,pld-23074a97-34b1-4f86-a542-a925e51ddc8a,agt-1009,esnow,LT-ESNOW,aggregator,esnow,file_open_count,100,,{},2026-05-20 23:59:00+00,HIGH,,2026-05-20 23:59:00+00
620,pld-23074a97-34b1-4f86-a542-a925e51ddc8a,agt-1009,esnow,LT-ESNOW,aggregator,esnow,file_copy_count,12,,{},2026-05-20 23:59:00+00,HIGH,,2026-05-20 23:59:00+00
621,pld-23074a97-34b1-4f86-a542-a925e51ddc8a,agt-1009,esnow,LT-ESNOW,aggregator,esnow,file_write_count,15,,{},2026-05-20 23:59:00+00,HIGH,,2026-05-20 23:59:00+00
622,pld-23074a97-34b1-4f86-a542-a925e51ddc8a,agt-1009,esnow,LT-ESNOW,aggregator,esnow,file_access_after_hours,9,,{},2026-05-20 23:59:00+00,HIGH,,2026-05-20 23:59:00+00
623,pld-23074a97-34b1-4f86-a542-a925e51ddc8a,agt-1009,esnow,LT-ESNOW,aggregator,esnow,http_count,791,,{},2026-05-20 23:59:00+00,HIGH,,2026-05-20 23:59:00+00
624,pld-23074a97-34b1-4f86-a542-a925e51ddc8a,agt-1009,esnow,LT-ESNOW,aggregator,esnow,download_count,4,,{},2026-05-20 23:59:00+00,HIGH,,2026-05-20 23:59:00+00
625,pld-23074a97-34b1-4f86-a542-a925e51ddc8a,agt-1009,esnow,LT-ESNOW,aggregator,esnow,http_after_hours,11,,{},2026-05-20 23:59:00+00,HIGH,,2026-05-20 23:59:00+00
626,pld-2c83d2f9-56b0-4ebb-aed0-6a6db936768b,agt-1010,badmin,LT-BADMIN,aggregator,badmin,logon_count,1,,{},2026-05-20 23:59:00+00,HIGH,,2026-05-20 23:59:00+00
627,pld-2c83d2f9-56b0-4ebb-aed0-6a6db936768b,agt-1010,badmin,LT-BADMIN,aggregator,badmin,logoff_count,1,,{},2026-05-20 23:59:00+00,HIGH,,2026-05-20 23:59:00+00
628,pld-2c83d2f9-56b0-4ebb-aed0-6a6db936768b,agt-1010,badmin,LT-BADMIN,aggregator,badmin,file_access_count,257,,{},2026-05-20 23:59:00+00,HIGH,,2026-05-20 23:59:00+00
629,pld-2c83d2f9-56b0-4ebb-aed0-6a6db936768b,agt-1010,badmin,LT-BADMIN,aggregator,badmin,file_open_count,126,,{},2026-05-20 23:59:00+00,HIGH,,2026-05-20 23:59:00+00
630,pld-2c83d2f9-56b0-4ebb-aed0-6a6db936768b,agt-1010,badmin,LT-BADMIN,aggregator,badmin,file_copy_count,14,,{},2026-05-20 23:59:00+00,HIGH,,2026-05-20 23:59:00+00
631,pld-2c83d2f9-56b0-4ebb-aed0-6a6db936768b,agt-1010,badmin,LT-BADMIN,aggregator,badmin,file_write_count,35,,{},2026-05-20 23:59:00+00,HIGH,,2026-05-20 23:59:00+00
632,pld-2c83d2f9-56b0-4ebb-aed0-6a6db936768b,agt-1010,badmin,LT-BADMIN,aggregator,badmin,file_access_after_hours,8,,{},2026-05-20 23:59:00+00,HIGH,,2026-05-20 23:59:00+00
633,pld-2c83d2f9-56b0-4ebb-aed0-6a6db936768b,agt-1010,badmin,LT-BADMIN,aggregator,badmin,http_count,317,,{},2026-05-20 23:59:00+00,HIGH,,2026-05-20 23:59:00+00
634,pld-2c83d2f9-56b0-4ebb-aed0-6a6db936768b,agt-1010,badmin,LT-BADMIN,aggregator,badmin,download_count,1,,{},2026-05-20 23:59:00+00,HIGH,,2026-05-20 23:59:00+00
635,pld-2c83d2f9-56b0-4ebb-aed0-6a6db936768b,agt-1010,badmin,LT-BADMIN,aggregator,badmin,http_after_hours,2,,{},2026-05-20 23:59:00+00,HIGH,,2026-05-20 23:59:00+00
636,pld-cf926ef4-5a82-4819-9304-30e896819b05,agt-1001,jdoe,LT-JDOE,aggregator,jdoe,logon_count,1,,{},2026-05-21 23:59:00+00,HIGH,,2026-05-21 23:59:00+00
637,pld-cf926ef4-5a82-4819-9304-30e896819b05,agt-1001,jdoe,LT-JDOE,aggregator,jdoe,logoff_count,2,,{},2026-05-21 23:59:00+00,HIGH,,2026-05-21 23:59:00+00
638,pld-cf926ef4-5a82-4819-9304-30e896819b05,agt-1001,jdoe,LT-JDOE,aggregator,jdoe,file_access_count,230,,{},2026-05-21 23:59:00+00,HIGH,,2026-05-21 23:59:00+00
639,pld-cf926ef4-5a82-4819-9304-30e896819b05,agt-1001,jdoe,LT-JDOE,aggregator,jdoe,file_open_count,126,,{},2026-05-21 23:59:00+00,HIGH,,2026-05-21 23:59:00+00
640,pld-cf926ef4-5a82-4819-9304-30e896819b05,agt-1001,jdoe,LT-JDOE,aggregator,jdoe,file_copy_count,19,,{},2026-05-21 23:59:00+00,HIGH,,2026-05-21 23:59:00+00
641,pld-cf926ef4-5a82-4819-9304-30e896819b05,agt-1001,jdoe,LT-JDOE,aggregator,jdoe,file_write_count,21,,{},2026-05-21 23:59:00+00,HIGH,,2026-05-21 23:59:00+00
642,pld-cf926ef4-5a82-4819-9304-30e896819b05,agt-1001,jdoe,LT-JDOE,aggregator,jdoe,file_access_after_hours,8,,{},2026-05-21 23:59:00+00,HIGH,,2026-05-21 23:59:00+00
643,pld-cf926ef4-5a82-4819-9304-30e896819b05,agt-1001,jdoe,LT-JDOE,aggregator,jdoe,http_count,684,,{},2026-05-21 23:59:00+00,HIGH,,2026-05-21 23:59:00+00
644,pld-cf926ef4-5a82-4819-9304-30e896819b05,agt-1001,jdoe,LT-JDOE,aggregator,jdoe,download_count,5,,{},2026-05-21 23:59:00+00,HIGH,,2026-05-21 23:59:00+00
645,pld-cf926ef4-5a82-4819-9304-30e896819b05,agt-1001,jdoe,LT-JDOE,aggregator,jdoe,http_after_hours,2,,{},2026-05-21 23:59:00+00,HIGH,,2026-05-21 23:59:00+00
646,pld-0843369e-3266-4e7b-9e09-88e00f819253,agt-1002,asmith,LT-ASMITH,aggregator,asmith,logon_count,1,,{},2026-05-21 23:59:00+00,HIGH,,2026-05-21 23:59:00+00
647,pld-0843369e-3266-4e7b-9e09-88e00f819253,agt-1002,asmith,LT-ASMITH,aggregator,asmith,logoff_count,2,,{},2026-05-21 23:59:00+00,HIGH,,2026-05-21 23:59:00+00
648,pld-0843369e-3266-4e7b-9e09-88e00f819253,agt-1002,asmith,LT-ASMITH,aggregator,asmith,file_access_count,225,,{},2026-05-21 23:59:00+00,HIGH,,2026-05-21 23:59:00+00
649,pld-0843369e-3266-4e7b-9e09-88e00f819253,agt-1002,asmith,LT-ASMITH,aggregator,asmith,file_open_count,114,,{},2026-05-21 23:59:00+00,HIGH,,2026-05-21 23:59:00+00
650,pld-0843369e-3266-4e7b-9e09-88e00f819253,agt-1002,asmith,LT-ASMITH,aggregator,asmith,file_copy_count,7,,{},2026-05-21 23:59:00+00,HIGH,,2026-05-21 23:59:00+00
651,pld-0843369e-3266-4e7b-9e09-88e00f819253,agt-1002,asmith,LT-ASMITH,aggregator,asmith,file_write_count,13,,{},2026-05-21 23:59:00+00,HIGH,,2026-05-21 23:59:00+00
652,pld-0843369e-3266-4e7b-9e09-88e00f819253,agt-1002,asmith,LT-ASMITH,aggregator,asmith,file_delete_count,5,,{},2026-05-21 23:59:00+00,HIGH,,2026-05-21 23:59:00+00
653,pld-0843369e-3266-4e7b-9e09-88e00f819253,agt-1002,asmith,LT-ASMITH,aggregator,asmith,file_access_after_hours,10,,{},2026-05-21 23:59:00+00,HIGH,,2026-05-21 23:59:00+00
654,pld-0843369e-3266-4e7b-9e09-88e00f819253,agt-1002,asmith,LT-ASMITH,aggregator,asmith,http_count,545,,{},2026-05-21 23:59:00+00,HIGH,,2026-05-21 23:59:00+00
655,pld-0843369e-3266-4e7b-9e09-88e00f819253,agt-1002,asmith,LT-ASMITH,aggregator,asmith,download_count,3,,{},2026-05-21 23:59:00+00,HIGH,,2026-05-21 23:59:00+00
656,pld-0843369e-3266-4e7b-9e09-88e00f819253,agt-1002,asmith,LT-ASMITH,aggregator,asmith,http_after_hours,14,,{},2026-05-21 23:59:00+00,HIGH,,2026-05-21 23:59:00+00
657,pld-c223887c-3967-4ba1-887a-36647af82be7,agt-1003,mjones,LT-MJONES,aggregator,mjones,logon_count,3,,{},2026-05-21 23:59:00+00,HIGH,,2026-05-21 23:59:00+00
658,pld-c223887c-3967-4ba1-887a-36647af82be7,agt-1003,mjones,LT-MJONES,aggregator,mjones,logoff_count,2,,{},2026-05-21 23:59:00+00,HIGH,,2026-05-21 23:59:00+00
659,pld-c223887c-3967-4ba1-887a-36647af82be7,agt-1003,mjones,LT-MJONES,aggregator,mjones,file_access_count,426,,{},2026-05-21 23:59:00+00,HIGH,,2026-05-21 23:59:00+00
660,pld-c223887c-3967-4ba1-887a-36647af82be7,agt-1003,mjones,LT-MJONES,aggregator,mjones,file_open_count,70,,{},2026-05-21 23:59:00+00,HIGH,,2026-05-21 23:59:00+00
661,pld-c223887c-3967-4ba1-887a-36647af82be7,agt-1003,mjones,LT-MJONES,aggregator,mjones,file_copy_count,20,,{},2026-05-21 23:59:00+00,HIGH,,2026-05-21 23:59:00+00
662,pld-c223887c-3967-4ba1-887a-36647af82be7,agt-1003,mjones,LT-MJONES,aggregator,mjones,file_write_count,18,,{},2026-05-21 23:59:00+00,HIGH,,2026-05-21 23:59:00+00
663,pld-c223887c-3967-4ba1-887a-36647af82be7,agt-1003,mjones,LT-MJONES,aggregator,mjones,file_delete_count,4,,{},2026-05-21 23:59:00+00,HIGH,,2026-05-21 23:59:00+00
664,pld-c223887c-3967-4ba1-887a-36647af82be7,agt-1003,mjones,LT-MJONES,aggregator,mjones,file_access_after_hours,2,,{},2026-05-21 23:59:00+00,HIGH,,2026-05-21 23:59:00+00
665,pld-c223887c-3967-4ba1-887a-36647af82be7,agt-1003,mjones,LT-MJONES,aggregator,mjones,http_count,671,,{},2026-05-21 23:59:00+00,HIGH,,2026-05-21 23:59:00+00
666,pld-c223887c-3967-4ba1-887a-36647af82be7,agt-1003,mjones,LT-MJONES,aggregator,mjones,download_count,3,,{},2026-05-21 23:59:00+00,HIGH,,2026-05-21 23:59:00+00
667,pld-c223887c-3967-4ba1-887a-36647af82be7,agt-1003,mjones,LT-MJONES,aggregator,mjones,http_after_hours,19,,{},2026-05-21 23:59:00+00,HIGH,,2026-05-21 23:59:00+00
668,pld-3e0d4549-078a-4827-a1a1-d9b0cf4f0cc3,agt-1004,bwilliams,LT-BWILLIAMS,aggregator,bwilliams,logon_count,1,,{},2026-05-21 23:59:00+00,HIGH,,2026-05-21 23:59:00+00
669,pld-3e0d4549-078a-4827-a1a1-d9b0cf4f0cc3,agt-1004,bwilliams,LT-BWILLIAMS,aggregator,bwilliams,logoff_count,1,,{},2026-05-21 23:59:00+00,HIGH,,2026-05-21 23:59:00+00
670,pld-3e0d4549-078a-4827-a1a1-d9b0cf4f0cc3,agt-1004,bwilliams,LT-BWILLIAMS,aggregator,bwilliams,file_access_count,455,,{},2026-05-21 23:59:00+00,HIGH,,2026-05-21 23:59:00+00
671,pld-3e0d4549-078a-4827-a1a1-d9b0cf4f0cc3,agt-1004,bwilliams,LT-BWILLIAMS,aggregator,bwilliams,file_open_count,125,,{},2026-05-21 23:59:00+00,HIGH,,2026-05-21 23:59:00+00
672,pld-3e0d4549-078a-4827-a1a1-d9b0cf4f0cc3,agt-1004,bwilliams,LT-BWILLIAMS,aggregator,bwilliams,file_copy_count,9,,{},2026-05-21 23:59:00+00,HIGH,,2026-05-21 23:59:00+00
673,pld-3e0d4549-078a-4827-a1a1-d9b0cf4f0cc3,agt-1004,bwilliams,LT-BWILLIAMS,aggregator,bwilliams,file_write_count,45,,{},2026-05-21 23:59:00+00,HIGH,,2026-05-21 23:59:00+00
674,pld-3e0d4549-078a-4827-a1a1-d9b0cf4f0cc3,agt-1004,bwilliams,LT-BWILLIAMS,aggregator,bwilliams,file_delete_count,1,,{},2026-05-21 23:59:00+00,HIGH,,2026-05-21 23:59:00+00
675,pld-3e0d4549-078a-4827-a1a1-d9b0cf4f0cc3,agt-1004,bwilliams,LT-BWILLIAMS,aggregator,bwilliams,file_access_after_hours,7,,{},2026-05-21 23:59:00+00,HIGH,,2026-05-21 23:59:00+00
676,pld-3e0d4549-078a-4827-a1a1-d9b0cf4f0cc3,agt-1004,bwilliams,LT-BWILLIAMS,aggregator,bwilliams,http_count,820,,{},2026-05-21 23:59:00+00,HIGH,,2026-05-21 23:59:00+00
677,pld-3e0d4549-078a-4827-a1a1-d9b0cf4f0cc3,agt-1004,bwilliams,LT-BWILLIAMS,aggregator,bwilliams,download_count,5,,{},2026-05-21 23:59:00+00,HIGH,,2026-05-21 23:59:00+00
678,pld-3e0d4549-078a-4827-a1a1-d9b0cf4f0cc3,agt-1004,bwilliams,LT-BWILLIAMS,aggregator,bwilliams,http_after_hours,11,,{},2026-05-21 23:59:00+00,HIGH,,2026-05-21 23:59:00+00
679,pld-a5978603-7c90-4266-8a2e-370641efd432,agt-1005,cdavis,LT-CDAVIS,aggregator,cdavis,logon_count,1,,{},2026-05-21 23:59:00+00,HIGH,,2026-05-21 23:59:00+00
680,pld-a5978603-7c90-4266-8a2e-370641efd432,agt-1005,cdavis,LT-CDAVIS,aggregator,cdavis,logoff_count,2,,{},2026-05-21 23:59:00+00,HIGH,,2026-05-21 23:59:00+00
681,pld-a5978603-7c90-4266-8a2e-370641efd432,agt-1005,cdavis,LT-CDAVIS,aggregator,cdavis,after_hours_logon,1,,{},2026-05-21 23:59:00+00,HIGH,,2026-05-21 23:59:00+00
682,pld-a5978603-7c90-4266-8a2e-370641efd432,agt-1005,cdavis,LT-CDAVIS,aggregator,cdavis,file_access_count,219,,{},2026-05-21 23:59:00+00,HIGH,,2026-05-21 23:59:00+00
683,pld-a5978603-7c90-4266-8a2e-370641efd432,agt-1005,cdavis,LT-CDAVIS,aggregator,cdavis,file_open_count,180,,{},2026-05-21 23:59:00+00,HIGH,,2026-05-21 23:59:00+00
684,pld-a5978603-7c90-4266-8a2e-370641efd432,agt-1005,cdavis,LT-CDAVIS,aggregator,cdavis,file_copy_count,17,,{},2026-05-21 23:59:00+00,HIGH,,2026-05-21 23:59:00+00
685,pld-a5978603-7c90-4266-8a2e-370641efd432,agt-1005,cdavis,LT-CDAVIS,aggregator,cdavis,file_write_count,21,,{},2026-05-21 23:59:00+00,HIGH,,2026-05-21 23:59:00+00
686,pld-a5978603-7c90-4266-8a2e-370641efd432,agt-1005,cdavis,LT-CDAVIS,aggregator,cdavis,file_delete_count,2,,{},2026-05-21 23:59:00+00,HIGH,,2026-05-21 23:59:00+00
687,pld-a5978603-7c90-4266-8a2e-370641efd432,agt-1005,cdavis,LT-CDAVIS,aggregator,cdavis,file_access_after_hours,138,,{},2026-05-21 23:59:00+00,HIGH,,2026-05-21 23:59:00+00
688,pld-a5978603-7c90-4266-8a2e-370641efd432,agt-1005,cdavis,LT-CDAVIS,aggregator,cdavis,http_count,472,,{},2026-05-21 23:59:00+00,HIGH,,2026-05-21 23:59:00+00
689,pld-a5978603-7c90-4266-8a2e-370641efd432,agt-1005,cdavis,LT-CDAVIS,aggregator,cdavis,download_count,4,,{},2026-05-21 23:59:00+00,HIGH,,2026-05-21 23:59:00+00
690,pld-a5978603-7c90-4266-8a2e-370641efd432,agt-1005,cdavis,LT-CDAVIS,aggregator,cdavis,http_after_hours,151,,{},2026-05-21 23:59:00+00,HIGH,,2026-05-21 23:59:00+00
691,pld-ee2e792c-b15b-4776-b87f-14f7c00e33ef,agt-1006,mscott,LT-MSCOTT,aggregator,mscott,logon_count,1,,{},2026-05-21 23:59:00+00,HIGH,,2026-05-21 23:59:00+00
692,pld-ee2e792c-b15b-4776-b87f-14f7c00e33ef,agt-1006,mscott,LT-MSCOTT,aggregator,mscott,logoff_count,2,,{},2026-05-21 23:59:00+00,HIGH,,2026-05-21 23:59:00+00
693,pld-ee2e792c-b15b-4776-b87f-14f7c00e33ef,agt-1006,mscott,LT-MSCOTT,aggregator,mscott,file_access_count,270,,{},2026-05-21 23:59:00+00,HIGH,,2026-05-21 23:59:00+00
694,pld-ee2e792c-b15b-4776-b87f-14f7c00e33ef,agt-1006,mscott,LT-MSCOTT,aggregator,mscott,file_open_count,96,,{},2026-05-21 23:59:00+00,HIGH,,2026-05-21 23:59:00+00
695,pld-ee2e792c-b15b-4776-b87f-14f7c00e33ef,agt-1006,mscott,LT-MSCOTT,aggregator,mscott,file_copy_count,16,,{},2026-05-21 23:59:00+00,HIGH,,2026-05-21 23:59:00+00
696,pld-ee2e792c-b15b-4776-b87f-14f7c00e33ef,agt-1006,mscott,LT-MSCOTT,aggregator,mscott,file_write_count,27,,{},2026-05-21 23:59:00+00,HIGH,,2026-05-21 23:59:00+00
697,pld-ee2e792c-b15b-4776-b87f-14f7c00e33ef,agt-1006,mscott,LT-MSCOTT,aggregator,mscott,file_delete_count,3,,{},2026-05-21 23:59:00+00,HIGH,,2026-05-21 23:59:00+00
698,pld-ee2e792c-b15b-4776-b87f-14f7c00e33ef,agt-1006,mscott,LT-MSCOTT,aggregator,mscott,file_access_after_hours,6,,{},2026-05-21 23:59:00+00,HIGH,,2026-05-21 23:59:00+00
699,pld-ee2e792c-b15b-4776-b87f-14f7c00e33ef,agt-1006,mscott,LT-MSCOTT,aggregator,mscott,http_count,403,,{},2026-05-21 23:59:00+00,HIGH,,2026-05-21 23:59:00+00
700,pld-ee2e792c-b15b-4776-b87f-14f7c00e33ef,agt-1006,mscott,LT-MSCOTT,aggregator,mscott,download_count,4,,{},2026-05-21 23:59:00+00,HIGH,,2026-05-21 23:59:00+00
701,pld-ee2e792c-b15b-4776-b87f-14f7c00e33ef,agt-1006,mscott,LT-MSCOTT,aggregator,mscott,http_after_hours,19,,{},2026-05-21 23:59:00+00,HIGH,,2026-05-21 23:59:00+00
702,pld-9e4bbed2-6cfd-47a4-a0e6-bc020f7587c7,agt-1007,tjones,LT-TJONES,aggregator,tjones,logon_count,3,,{},2026-05-21 23:59:00+00,HIGH,,2026-05-21 23:59:00+00
703,pld-9e4bbed2-6cfd-47a4-a0e6-bc020f7587c7,agt-1007,tjones,LT-TJONES,aggregator,tjones,logoff_count,2,,{},2026-05-21 23:59:00+00,HIGH,,2026-05-21 23:59:00+00
704,pld-9e4bbed2-6cfd-47a4-a0e6-bc020f7587c7,agt-1007,tjones,LT-TJONES,aggregator,tjones,file_access_count,455,,{},2026-05-21 23:59:00+00,HIGH,,2026-05-21 23:59:00+00
705,pld-9e4bbed2-6cfd-47a4-a0e6-bc020f7587c7,agt-1007,tjones,LT-TJONES,aggregator,tjones,file_open_count,200,,{},2026-05-21 23:59:00+00,HIGH,,2026-05-21 23:59:00+00
706,pld-9e4bbed2-6cfd-47a4-a0e6-bc020f7587c7,agt-1007,tjones,LT-TJONES,aggregator,tjones,file_copy_count,7,,{},2026-05-21 23:59:00+00,HIGH,,2026-05-21 23:59:00+00
707,pld-9e4bbed2-6cfd-47a4-a0e6-bc020f7587c7,agt-1007,tjones,LT-TJONES,aggregator,tjones,file_write_count,38,,{},2026-05-21 23:59:00+00,HIGH,,2026-05-21 23:59:00+00
708,pld-9e4bbed2-6cfd-47a4-a0e6-bc020f7587c7,agt-1007,tjones,LT-TJONES,aggregator,tjones,file_delete_count,5,,{},2026-05-21 23:59:00+00,HIGH,,2026-05-21 23:59:00+00
709,pld-9e4bbed2-6cfd-47a4-a0e6-bc020f7587c7,agt-1007,tjones,LT-TJONES,aggregator,tjones,file_access_after_hours,4,,{},2026-05-21 23:59:00+00,HIGH,,2026-05-21 23:59:00+00
710,pld-9e4bbed2-6cfd-47a4-a0e6-bc020f7587c7,agt-1007,tjones,LT-TJONES,aggregator,tjones,http_count,663,,{},2026-05-21 23:59:00+00,HIGH,,2026-05-21 23:59:00+00
711,pld-9e4bbed2-6cfd-47a4-a0e6-bc020f7587c7,agt-1007,tjones,LT-TJONES,aggregator,tjones,download_count,4,,{},2026-05-21 23:59:00+00,HIGH,,2026-05-21 23:59:00+00
712,pld-9e4bbed2-6cfd-47a4-a0e6-bc020f7587c7,agt-1007,tjones,LT-TJONES,aggregator,tjones,http_after_hours,13,,{},2026-05-21 23:59:00+00,HIGH,,2026-05-21 23:59:00+00
713,pld-c1a5adbc-b902-45a9-bf31-1a4f24b20dea,agt-1008,rwilson,LT-RWILSON,aggregator,rwilson,logon_count,3,,{},2026-05-21 23:59:00+00,HIGH,,2026-05-21 23:59:00+00
714,pld-c1a5adbc-b902-45a9-bf31-1a4f24b20dea,agt-1008,rwilson,LT-RWILSON,aggregator,rwilson,logoff_count,2,,{},2026-05-21 23:59:00+00,HIGH,,2026-05-21 23:59:00+00
715,pld-c1a5adbc-b902-45a9-bf31-1a4f24b20dea,agt-1008,rwilson,LT-RWILSON,aggregator,rwilson,file_access_count,132,,{},2026-05-21 23:59:00+00,HIGH,,2026-05-21 23:59:00+00
716,pld-c1a5adbc-b902-45a9-bf31-1a4f24b20dea,agt-1008,rwilson,LT-RWILSON,aggregator,rwilson,file_open_count,140,,{},2026-05-21 23:59:00+00,HIGH,,2026-05-21 23:59:00+00
717,pld-c1a5adbc-b902-45a9-bf31-1a4f24b20dea,agt-1008,rwilson,LT-RWILSON,aggregator,rwilson,file_copy_count,19,,{},2026-05-21 23:59:00+00,HIGH,,2026-05-21 23:59:00+00
718,pld-c1a5adbc-b902-45a9-bf31-1a4f24b20dea,agt-1008,rwilson,LT-RWILSON,aggregator,rwilson,file_write_count,23,,{},2026-05-21 23:59:00+00,HIGH,,2026-05-21 23:59:00+00
719,pld-c1a5adbc-b902-45a9-bf31-1a4f24b20dea,agt-1008,rwilson,LT-RWILSON,aggregator,rwilson,file_delete_count,4,,{},2026-05-21 23:59:00+00,HIGH,,2026-05-21 23:59:00+00
720,pld-c1a5adbc-b902-45a9-bf31-1a4f24b20dea,agt-1008,rwilson,LT-RWILSON,aggregator,rwilson,file_access_after_hours,1,,{},2026-05-21 23:59:00+00,HIGH,,2026-05-21 23:59:00+00
721,pld-c1a5adbc-b902-45a9-bf31-1a4f24b20dea,agt-1008,rwilson,LT-RWILSON,aggregator,rwilson,http_count,974,,{},2026-05-21 23:59:00+00,HIGH,,2026-05-21 23:59:00+00
722,pld-c1a5adbc-b902-45a9-bf31-1a4f24b20dea,agt-1008,rwilson,LT-RWILSON,aggregator,rwilson,download_count,1,,{},2026-05-21 23:59:00+00,HIGH,,2026-05-21 23:59:00+00
723,pld-c1a5adbc-b902-45a9-bf31-1a4f24b20dea,agt-1008,rwilson,LT-RWILSON,aggregator,rwilson,http_after_hours,8,,{},2026-05-21 23:59:00+00,HIGH,,2026-05-21 23:59:00+00
724,pld-fd3b15a6-cf70-42ba-b38d-bb551f576b16,agt-1009,esnow,LT-ESNOW,aggregator,esnow,logon_count,2,,{},2026-05-21 23:59:00+00,HIGH,,2026-05-21 23:59:00+00
725,pld-fd3b15a6-cf70-42ba-b38d-bb551f576b16,agt-1009,esnow,LT-ESNOW,aggregator,esnow,logoff_count,3,,{},2026-05-21 23:59:00+00,HIGH,,2026-05-21 23:59:00+00
726,pld-fd3b15a6-cf70-42ba-b38d-bb551f576b16,agt-1009,esnow,LT-ESNOW,aggregator,esnow,file_access_count,168,,{},2026-05-21 23:59:00+00,HIGH,,2026-05-21 23:59:00+00
727,pld-fd3b15a6-cf70-42ba-b38d-bb551f576b16,agt-1009,esnow,LT-ESNOW,aggregator,esnow,file_open_count,109,,{},2026-05-21 23:59:00+00,HIGH,,2026-05-21 23:59:00+00
728,pld-fd3b15a6-cf70-42ba-b38d-bb551f576b16,agt-1009,esnow,LT-ESNOW,aggregator,esnow,file_copy_count,14,,{},2026-05-21 23:59:00+00,HIGH,,2026-05-21 23:59:00+00
729,pld-fd3b15a6-cf70-42ba-b38d-bb551f576b16,agt-1009,esnow,LT-ESNOW,aggregator,esnow,file_write_count,36,,{},2026-05-21 23:59:00+00,HIGH,,2026-05-21 23:59:00+00
730,pld-fd3b15a6-cf70-42ba-b38d-bb551f576b16,agt-1009,esnow,LT-ESNOW,aggregator,esnow,file_access_after_hours,8,,{},2026-05-21 23:59:00+00,HIGH,,2026-05-21 23:59:00+00
731,pld-fd3b15a6-cf70-42ba-b38d-bb551f576b16,agt-1009,esnow,LT-ESNOW,aggregator,esnow,http_count,203,,{},2026-05-21 23:59:00+00,HIGH,,2026-05-21 23:59:00+00
732,pld-fd3b15a6-cf70-42ba-b38d-bb551f576b16,agt-1009,esnow,LT-ESNOW,aggregator,esnow,download_count,2,,{},2026-05-21 23:59:00+00,HIGH,,2026-05-21 23:59:00+00
733,pld-fd3b15a6-cf70-42ba-b38d-bb551f576b16,agt-1009,esnow,LT-ESNOW,aggregator,esnow,http_after_hours,10,,{},2026-05-21 23:59:00+00,HIGH,,2026-05-21 23:59:00+00
734,pld-2804dab8-8f26-4199-8fa2-dca1ed1fc1ad,agt-1010,badmin,LT-BADMIN,aggregator,badmin,logon_count,2,,{},2026-05-21 23:59:00+00,HIGH,,2026-05-21 23:59:00+00
735,pld-2804dab8-8f26-4199-8fa2-dca1ed1fc1ad,agt-1010,badmin,LT-BADMIN,aggregator,badmin,logoff_count,2,,{},2026-05-21 23:59:00+00,HIGH,,2026-05-21 23:59:00+00
736,pld-2804dab8-8f26-4199-8fa2-dca1ed1fc1ad,agt-1010,badmin,LT-BADMIN,aggregator,badmin,file_access_count,210,,{},2026-05-21 23:59:00+00,HIGH,,2026-05-21 23:59:00+00
737,pld-2804dab8-8f26-4199-8fa2-dca1ed1fc1ad,agt-1010,badmin,LT-BADMIN,aggregator,badmin,file_open_count,197,,{},2026-05-21 23:59:00+00,HIGH,,2026-05-21 23:59:00+00
738,pld-2804dab8-8f26-4199-8fa2-dca1ed1fc1ad,agt-1010,badmin,LT-BADMIN,aggregator,badmin,file_copy_count,13,,{},2026-05-21 23:59:00+00,HIGH,,2026-05-21 23:59:00+00
739,pld-2804dab8-8f26-4199-8fa2-dca1ed1fc1ad,agt-1010,badmin,LT-BADMIN,aggregator,badmin,file_write_count,27,,{},2026-05-21 23:59:00+00,HIGH,,2026-05-21 23:59:00+00
740,pld-2804dab8-8f26-4199-8fa2-dca1ed1fc1ad,agt-1010,badmin,LT-BADMIN,aggregator,badmin,file_delete_count,4,,{},2026-05-21 23:59:00+00,HIGH,,2026-05-21 23:59:00+00
741,pld-2804dab8-8f26-4199-8fa2-dca1ed1fc1ad,agt-1010,badmin,LT-BADMIN,aggregator,badmin,file_access_after_hours,5,,{},2026-05-21 23:59:00+00,HIGH,,2026-05-21 23:59:00+00
742,pld-2804dab8-8f26-4199-8fa2-dca1ed1fc1ad,agt-1010,badmin,LT-BADMIN,aggregator,badmin,http_count,352,,{},2026-05-21 23:59:00+00,HIGH,,2026-05-21 23:59:00+00
743,pld-2804dab8-8f26-4199-8fa2-dca1ed1fc1ad,agt-1010,badmin,LT-BADMIN,aggregator,badmin,http_after_hours,11,,{},2026-05-21 23:59:00+00,HIGH,,2026-05-21 23:59:00+00
744,pld-7dd03ef5-41d7-4a2e-833e-a2953dd86448,agt-1001,jdoe,LT-JDOE,aggregator,jdoe,logon_count,1,,{},2026-05-22 23:59:00+00,HIGH,,2026-05-22 23:59:00+00
745,pld-7dd03ef5-41d7-4a2e-833e-a2953dd86448,agt-1001,jdoe,LT-JDOE,aggregator,jdoe,logoff_count,3,,{},2026-05-22 23:59:00+00,HIGH,,2026-05-22 23:59:00+00
746,pld-7dd03ef5-41d7-4a2e-833e-a2953dd86448,agt-1001,jdoe,LT-JDOE,aggregator,jdoe,file_access_count,259,,{},2026-05-22 23:59:00+00,HIGH,,2026-05-22 23:59:00+00
747,pld-7dd03ef5-41d7-4a2e-833e-a2953dd86448,agt-1001,jdoe,LT-JDOE,aggregator,jdoe,file_open_count,110,,{},2026-05-22 23:59:00+00,HIGH,,2026-05-22 23:59:00+00
748,pld-7dd03ef5-41d7-4a2e-833e-a2953dd86448,agt-1001,jdoe,LT-JDOE,aggregator,jdoe,file_copy_count,14,,{},2026-05-22 23:59:00+00,HIGH,,2026-05-22 23:59:00+00
749,pld-7dd03ef5-41d7-4a2e-833e-a2953dd86448,agt-1001,jdoe,LT-JDOE,aggregator,jdoe,file_write_count,25,,{},2026-05-22 23:59:00+00,HIGH,,2026-05-22 23:59:00+00
750,pld-7dd03ef5-41d7-4a2e-833e-a2953dd86448,agt-1001,jdoe,LT-JDOE,aggregator,jdoe,file_access_after_hours,4,,{},2026-05-22 23:59:00+00,HIGH,,2026-05-22 23:59:00+00
751,pld-7dd03ef5-41d7-4a2e-833e-a2953dd86448,agt-1001,jdoe,LT-JDOE,aggregator,jdoe,http_count,847,,{},2026-05-22 23:59:00+00,HIGH,,2026-05-22 23:59:00+00
752,pld-7dd03ef5-41d7-4a2e-833e-a2953dd86448,agt-1001,jdoe,LT-JDOE,aggregator,jdoe,download_count,2,,{},2026-05-22 23:59:00+00,HIGH,,2026-05-22 23:59:00+00
753,pld-7dd03ef5-41d7-4a2e-833e-a2953dd86448,agt-1001,jdoe,LT-JDOE,aggregator,jdoe,http_after_hours,19,,{},2026-05-22 23:59:00+00,HIGH,,2026-05-22 23:59:00+00
754,pld-e434496e-ea9e-410f-94d0-a191ecabd7c1,agt-1002,asmith,LT-ASMITH,aggregator,asmith,logon_count,3,,{},2026-05-22 23:59:00+00,HIGH,,2026-05-22 23:59:00+00
755,pld-e434496e-ea9e-410f-94d0-a191ecabd7c1,agt-1002,asmith,LT-ASMITH,aggregator,asmith,logoff_count,3,,{},2026-05-22 23:59:00+00,HIGH,,2026-05-22 23:59:00+00
756,pld-e434496e-ea9e-410f-94d0-a191ecabd7c1,agt-1002,asmith,LT-ASMITH,aggregator,asmith,file_access_count,479,,{},2026-05-22 23:59:00+00,HIGH,,2026-05-22 23:59:00+00
757,pld-e434496e-ea9e-410f-94d0-a191ecabd7c1,agt-1002,asmith,LT-ASMITH,aggregator,asmith,file_open_count,167,,{},2026-05-22 23:59:00+00,HIGH,,2026-05-22 23:59:00+00
758,pld-e434496e-ea9e-410f-94d0-a191ecabd7c1,agt-1002,asmith,LT-ASMITH,aggregator,asmith,file_copy_count,7,,{},2026-05-22 23:59:00+00,HIGH,,2026-05-22 23:59:00+00
759,pld-e434496e-ea9e-410f-94d0-a191ecabd7c1,agt-1002,asmith,LT-ASMITH,aggregator,asmith,file_write_count,11,,{},2026-05-22 23:59:00+00,HIGH,,2026-05-22 23:59:00+00
760,pld-e434496e-ea9e-410f-94d0-a191ecabd7c1,agt-1002,asmith,LT-ASMITH,aggregator,asmith,file_delete_count,5,,{},2026-05-22 23:59:00+00,HIGH,,2026-05-22 23:59:00+00
761,pld-e434496e-ea9e-410f-94d0-a191ecabd7c1,agt-1002,asmith,LT-ASMITH,aggregator,asmith,file_access_after_hours,1,,{},2026-05-22 23:59:00+00,HIGH,,2026-05-22 23:59:00+00
762,pld-e434496e-ea9e-410f-94d0-a191ecabd7c1,agt-1002,asmith,LT-ASMITH,aggregator,asmith,http_count,576,,{},2026-05-22 23:59:00+00,HIGH,,2026-05-22 23:59:00+00
763,pld-e434496e-ea9e-410f-94d0-a191ecabd7c1,agt-1002,asmith,LT-ASMITH,aggregator,asmith,download_count,3,,{},2026-05-22 23:59:00+00,HIGH,,2026-05-22 23:59:00+00
764,pld-94c7c94c-78e6-41dc-a179-604de6d3099c,agt-1003,mjones,LT-MJONES,aggregator,mjones,logon_count,3,,{},2026-05-22 23:59:00+00,HIGH,,2026-05-22 23:59:00+00
765,pld-94c7c94c-78e6-41dc-a179-604de6d3099c,agt-1003,mjones,LT-MJONES,aggregator,mjones,logoff_count,1,,{},2026-05-22 23:59:00+00,HIGH,,2026-05-22 23:59:00+00
766,pld-94c7c94c-78e6-41dc-a179-604de6d3099c,agt-1003,mjones,LT-MJONES,aggregator,mjones,after_hours_logon,1,,{},2026-05-22 23:59:00+00,HIGH,,2026-05-22 23:59:00+00
767,pld-94c7c94c-78e6-41dc-a179-604de6d3099c,agt-1003,mjones,LT-MJONES,aggregator,mjones,file_access_count,498,,{},2026-05-22 23:59:00+00,HIGH,,2026-05-22 23:59:00+00
768,pld-94c7c94c-78e6-41dc-a179-604de6d3099c,agt-1003,mjones,LT-MJONES,aggregator,mjones,file_open_count,133,,{},2026-05-22 23:59:00+00,HIGH,,2026-05-22 23:59:00+00
769,pld-94c7c94c-78e6-41dc-a179-604de6d3099c,agt-1003,mjones,LT-MJONES,aggregator,mjones,file_copy_count,16,,{},2026-05-22 23:59:00+00,HIGH,,2026-05-22 23:59:00+00
770,pld-94c7c94c-78e6-41dc-a179-604de6d3099c,agt-1003,mjones,LT-MJONES,aggregator,mjones,file_write_count,45,,{},2026-05-22 23:59:00+00,HIGH,,2026-05-22 23:59:00+00
771,pld-94c7c94c-78e6-41dc-a179-604de6d3099c,agt-1003,mjones,LT-MJONES,aggregator,mjones,file_delete_count,3,,{},2026-05-22 23:59:00+00,HIGH,,2026-05-22 23:59:00+00
772,pld-94c7c94c-78e6-41dc-a179-604de6d3099c,agt-1003,mjones,LT-MJONES,aggregator,mjones,file_access_after_hours,181,,{},2026-05-22 23:59:00+00,HIGH,,2026-05-22 23:59:00+00
773,pld-94c7c94c-78e6-41dc-a179-604de6d3099c,agt-1003,mjones,LT-MJONES,aggregator,mjones,http_count,972,,{},2026-05-22 23:59:00+00,HIGH,,2026-05-22 23:59:00+00
774,pld-94c7c94c-78e6-41dc-a179-604de6d3099c,agt-1003,mjones,LT-MJONES,aggregator,mjones,download_count,1,,{},2026-05-22 23:59:00+00,HIGH,,2026-05-22 23:59:00+00
775,pld-94c7c94c-78e6-41dc-a179-604de6d3099c,agt-1003,mjones,LT-MJONES,aggregator,mjones,http_after_hours,174,,{},2026-05-22 23:59:00+00,HIGH,,2026-05-22 23:59:00+00
776,pld-a05a11c2-75dc-4169-a660-ef3fae7eef2c,agt-1004,bwilliams,LT-BWILLIAMS,aggregator,bwilliams,logon_count,2,,{},2026-05-22 23:59:00+00,HIGH,,2026-05-22 23:59:00+00
777,pld-a05a11c2-75dc-4169-a660-ef3fae7eef2c,agt-1004,bwilliams,LT-BWILLIAMS,aggregator,bwilliams,logoff_count,3,,{},2026-05-22 23:59:00+00,HIGH,,2026-05-22 23:59:00+00
778,pld-a05a11c2-75dc-4169-a660-ef3fae7eef2c,agt-1004,bwilliams,LT-BWILLIAMS,aggregator,bwilliams,file_access_count,397,,{},2026-05-22 23:59:00+00,HIGH,,2026-05-22 23:59:00+00
779,pld-a05a11c2-75dc-4169-a660-ef3fae7eef2c,agt-1004,bwilliams,LT-BWILLIAMS,aggregator,bwilliams,file_open_count,67,,{},2026-05-22 23:59:00+00,HIGH,,2026-05-22 23:59:00+00
780,pld-a05a11c2-75dc-4169-a660-ef3fae7eef2c,agt-1004,bwilliams,LT-BWILLIAMS,aggregator,bwilliams,file_copy_count,16,,{},2026-05-22 23:59:00+00,HIGH,,2026-05-22 23:59:00+00
781,pld-a05a11c2-75dc-4169-a660-ef3fae7eef2c,agt-1004,bwilliams,LT-BWILLIAMS,aggregator,bwilliams,file_write_count,33,,{},2026-05-22 23:59:00+00,HIGH,,2026-05-22 23:59:00+00
782,pld-a05a11c2-75dc-4169-a660-ef3fae7eef2c,agt-1004,bwilliams,LT-BWILLIAMS,aggregator,bwilliams,http_count,918,,{},2026-05-22 23:59:00+00,HIGH,,2026-05-22 23:59:00+00
783,pld-a05a11c2-75dc-4169-a660-ef3fae7eef2c,agt-1004,bwilliams,LT-BWILLIAMS,aggregator,bwilliams,download_count,1,,{},2026-05-22 23:59:00+00,HIGH,,2026-05-22 23:59:00+00
784,pld-a05a11c2-75dc-4169-a660-ef3fae7eef2c,agt-1004,bwilliams,LT-BWILLIAMS,aggregator,bwilliams,http_after_hours,8,,{},2026-05-22 23:59:00+00,HIGH,,2026-05-22 23:59:00+00
785,pld-2d5881b0-f65c-4303-b205-e20aa3ee85b2,agt-1005,cdavis,LT-CDAVIS,aggregator,cdavis,logon_count,1,,{},2026-05-22 23:59:00+00,HIGH,,2026-05-22 23:59:00+00
786,pld-2d5881b0-f65c-4303-b205-e20aa3ee85b2,agt-1005,cdavis,LT-CDAVIS,aggregator,cdavis,logoff_count,2,,{},2026-05-22 23:59:00+00,HIGH,,2026-05-22 23:59:00+00
787,pld-2d5881b0-f65c-4303-b205-e20aa3ee85b2,agt-1005,cdavis,LT-CDAVIS,aggregator,cdavis,file_access_count,434,,{},2026-05-22 23:59:00+00,HIGH,,2026-05-22 23:59:00+00
788,pld-2d5881b0-f65c-4303-b205-e20aa3ee85b2,agt-1005,cdavis,LT-CDAVIS,aggregator,cdavis,file_open_count,197,,{},2026-05-22 23:59:00+00,HIGH,,2026-05-22 23:59:00+00
789,pld-2d5881b0-f65c-4303-b205-e20aa3ee85b2,agt-1005,cdavis,LT-CDAVIS,aggregator,cdavis,file_copy_count,13,,{},2026-05-22 23:59:00+00,HIGH,,2026-05-22 23:59:00+00
790,pld-2d5881b0-f65c-4303-b205-e20aa3ee85b2,agt-1005,cdavis,LT-CDAVIS,aggregator,cdavis,file_write_count,34,,{},2026-05-22 23:59:00+00,HIGH,,2026-05-22 23:59:00+00
791,pld-2d5881b0-f65c-4303-b205-e20aa3ee85b2,agt-1005,cdavis,LT-CDAVIS,aggregator,cdavis,file_delete_count,2,,{},2026-05-22 23:59:00+00,HIGH,,2026-05-22 23:59:00+00
792,pld-2d5881b0-f65c-4303-b205-e20aa3ee85b2,agt-1005,cdavis,LT-CDAVIS,aggregator,cdavis,file_access_after_hours,8,,{},2026-05-22 23:59:00+00,HIGH,,2026-05-22 23:59:00+00
793,pld-2d5881b0-f65c-4303-b205-e20aa3ee85b2,agt-1005,cdavis,LT-CDAVIS,aggregator,cdavis,http_count,829,,{},2026-05-22 23:59:00+00,HIGH,,2026-05-22 23:59:00+00
794,pld-2d5881b0-f65c-4303-b205-e20aa3ee85b2,agt-1005,cdavis,LT-CDAVIS,aggregator,cdavis,download_count,3,,{},2026-05-22 23:59:00+00,HIGH,,2026-05-22 23:59:00+00
795,pld-2d5881b0-f65c-4303-b205-e20aa3ee85b2,agt-1005,cdavis,LT-CDAVIS,aggregator,cdavis,http_after_hours,13,,{},2026-05-22 23:59:00+00,HIGH,,2026-05-22 23:59:00+00
796,pld-0e760826-e473-465c-9009-a1178eebb6fb,agt-1006,mscott,LT-MSCOTT,aggregator,mscott,logon_count,3,,{},2026-05-22 23:59:00+00,HIGH,,2026-05-22 23:59:00+00
797,pld-0e760826-e473-465c-9009-a1178eebb6fb,agt-1006,mscott,LT-MSCOTT,aggregator,mscott,logoff_count,1,,{},2026-05-22 23:59:00+00,HIGH,,2026-05-22 23:59:00+00
798,pld-0e760826-e473-465c-9009-a1178eebb6fb,agt-1006,mscott,LT-MSCOTT,aggregator,mscott,file_access_count,360,,{},2026-05-22 23:59:00+00,HIGH,,2026-05-22 23:59:00+00
799,pld-0e760826-e473-465c-9009-a1178eebb6fb,agt-1006,mscott,LT-MSCOTT,aggregator,mscott,file_open_count,169,,{},2026-05-22 23:59:00+00,HIGH,,2026-05-22 23:59:00+00
800,pld-0e760826-e473-465c-9009-a1178eebb6fb,agt-1006,mscott,LT-MSCOTT,aggregator,mscott,file_copy_count,11,,{},2026-05-22 23:59:00+00,HIGH,,2026-05-22 23:59:00+00
801,pld-0e760826-e473-465c-9009-a1178eebb6fb,agt-1006,mscott,LT-MSCOTT,aggregator,mscott,file_write_count,10,,{},2026-05-22 23:59:00+00,HIGH,,2026-05-22 23:59:00+00
802,pld-0e760826-e473-465c-9009-a1178eebb6fb,agt-1006,mscott,LT-MSCOTT,aggregator,mscott,file_delete_count,3,,{},2026-05-22 23:59:00+00,HIGH,,2026-05-22 23:59:00+00
803,pld-0e760826-e473-465c-9009-a1178eebb6fb,agt-1006,mscott,LT-MSCOTT,aggregator,mscott,file_access_after_hours,6,,{},2026-05-22 23:59:00+00,HIGH,,2026-05-22 23:59:00+00
804,pld-0e760826-e473-465c-9009-a1178eebb6fb,agt-1006,mscott,LT-MSCOTT,aggregator,mscott,http_count,750,,{},2026-05-22 23:59:00+00,HIGH,,2026-05-22 23:59:00+00
805,pld-0e760826-e473-465c-9009-a1178eebb6fb,agt-1006,mscott,LT-MSCOTT,aggregator,mscott,http_after_hours,12,,{},2026-05-22 23:59:00+00,HIGH,,2026-05-22 23:59:00+00
806,pld-77d277b8-c1b5-4e01-ad2c-87b0795c4ad8,agt-1007,tjones,LT-TJONES,aggregator,tjones,logon_count,3,,{},2026-05-22 23:59:00+00,HIGH,,2026-05-22 23:59:00+00
807,pld-77d277b8-c1b5-4e01-ad2c-87b0795c4ad8,agt-1007,tjones,LT-TJONES,aggregator,tjones,logoff_count,2,,{},2026-05-22 23:59:00+00,HIGH,,2026-05-22 23:59:00+00
808,pld-77d277b8-c1b5-4e01-ad2c-87b0795c4ad8,agt-1007,tjones,LT-TJONES,aggregator,tjones,file_access_count,210,,{},2026-05-22 23:59:00+00,HIGH,,2026-05-22 23:59:00+00
809,pld-77d277b8-c1b5-4e01-ad2c-87b0795c4ad8,agt-1007,tjones,LT-TJONES,aggregator,tjones,file_open_count,189,,{},2026-05-22 23:59:00+00,HIGH,,2026-05-22 23:59:00+00
810,pld-77d277b8-c1b5-4e01-ad2c-87b0795c4ad8,agt-1007,tjones,LT-TJONES,aggregator,tjones,file_copy_count,9,,{},2026-05-22 23:59:00+00,HIGH,,2026-05-22 23:59:00+00
811,pld-77d277b8-c1b5-4e01-ad2c-87b0795c4ad8,agt-1007,tjones,LT-TJONES,aggregator,tjones,file_write_count,45,,{},2026-05-22 23:59:00+00,HIGH,,2026-05-22 23:59:00+00
812,pld-77d277b8-c1b5-4e01-ad2c-87b0795c4ad8,agt-1007,tjones,LT-TJONES,aggregator,tjones,file_delete_count,2,,{},2026-05-22 23:59:00+00,HIGH,,2026-05-22 23:59:00+00
813,pld-77d277b8-c1b5-4e01-ad2c-87b0795c4ad8,agt-1007,tjones,LT-TJONES,aggregator,tjones,file_access_after_hours,4,,{},2026-05-22 23:59:00+00,HIGH,,2026-05-22 23:59:00+00
814,pld-77d277b8-c1b5-4e01-ad2c-87b0795c4ad8,agt-1007,tjones,LT-TJONES,aggregator,tjones,http_count,835,,{},2026-05-22 23:59:00+00,HIGH,,2026-05-22 23:59:00+00
815,pld-77d277b8-c1b5-4e01-ad2c-87b0795c4ad8,agt-1007,tjones,LT-TJONES,aggregator,tjones,http_after_hours,13,,{},2026-05-22 23:59:00+00,HIGH,,2026-05-22 23:59:00+00
816,pld-6e5ff88f-a882-4634-bcf5-f50b034b1e27,agt-1008,rwilson,LT-RWILSON,aggregator,rwilson,logon_count,2,,{},2026-05-22 23:59:00+00,HIGH,,2026-05-22 23:59:00+00
817,pld-6e5ff88f-a882-4634-bcf5-f50b034b1e27,agt-1008,rwilson,LT-RWILSON,aggregator,rwilson,logoff_count,1,,{},2026-05-22 23:59:00+00,HIGH,,2026-05-22 23:59:00+00
818,pld-6e5ff88f-a882-4634-bcf5-f50b034b1e27,agt-1008,rwilson,LT-RWILSON,aggregator,rwilson,file_access_count,233,,{},2026-05-22 23:59:00+00,HIGH,,2026-05-22 23:59:00+00
819,pld-6e5ff88f-a882-4634-bcf5-f50b034b1e27,agt-1008,rwilson,LT-RWILSON,aggregator,rwilson,file_open_count,51,,{},2026-05-22 23:59:00+00,HIGH,,2026-05-22 23:59:00+00
820,pld-6e5ff88f-a882-4634-bcf5-f50b034b1e27,agt-1008,rwilson,LT-RWILSON,aggregator,rwilson,file_copy_count,20,,{},2026-05-22 23:59:00+00,HIGH,,2026-05-22 23:59:00+00
821,pld-6e5ff88f-a882-4634-bcf5-f50b034b1e27,agt-1008,rwilson,LT-RWILSON,aggregator,rwilson,file_write_count,36,,{},2026-05-22 23:59:00+00,HIGH,,2026-05-22 23:59:00+00
822,pld-6e5ff88f-a882-4634-bcf5-f50b034b1e27,agt-1008,rwilson,LT-RWILSON,aggregator,rwilson,file_delete_count,2,,{},2026-05-22 23:59:00+00,HIGH,,2026-05-22 23:59:00+00
823,pld-6e5ff88f-a882-4634-bcf5-f50b034b1e27,agt-1008,rwilson,LT-RWILSON,aggregator,rwilson,file_access_after_hours,7,,{},2026-05-22 23:59:00+00,HIGH,,2026-05-22 23:59:00+00
824,pld-6e5ff88f-a882-4634-bcf5-f50b034b1e27,agt-1008,rwilson,LT-RWILSON,aggregator,rwilson,http_count,615,,{},2026-05-22 23:59:00+00,HIGH,,2026-05-22 23:59:00+00
825,pld-6e5ff88f-a882-4634-bcf5-f50b034b1e27,agt-1008,rwilson,LT-RWILSON,aggregator,rwilson,download_count,1,,{},2026-05-22 23:59:00+00,HIGH,,2026-05-22 23:59:00+00
826,pld-b267b0b4-a622-4086-ba99-1e635511cd2d,agt-1009,esnow,LT-ESNOW,aggregator,esnow,logon_count,1,,{},2026-05-22 23:59:00+00,HIGH,,2026-05-22 23:59:00+00
827,pld-b267b0b4-a622-4086-ba99-1e635511cd2d,agt-1009,esnow,LT-ESNOW,aggregator,esnow,logoff_count,1,,{},2026-05-22 23:59:00+00,HIGH,,2026-05-22 23:59:00+00
828,pld-b267b0b4-a622-4086-ba99-1e635511cd2d,agt-1009,esnow,LT-ESNOW,aggregator,esnow,file_access_count,348,,{},2026-05-22 23:59:00+00,HIGH,,2026-05-22 23:59:00+00
829,pld-b267b0b4-a622-4086-ba99-1e635511cd2d,agt-1009,esnow,LT-ESNOW,aggregator,esnow,file_open_count,108,,{},2026-05-22 23:59:00+00,HIGH,,2026-05-22 23:59:00+00
830,pld-b267b0b4-a622-4086-ba99-1e635511cd2d,agt-1009,esnow,LT-ESNOW,aggregator,esnow,file_copy_count,6,,{},2026-05-22 23:59:00+00,HIGH,,2026-05-22 23:59:00+00
831,pld-b267b0b4-a622-4086-ba99-1e635511cd2d,agt-1009,esnow,LT-ESNOW,aggregator,esnow,file_write_count,44,,{},2026-05-22 23:59:00+00,HIGH,,2026-05-22 23:59:00+00
832,pld-b267b0b4-a622-4086-ba99-1e635511cd2d,agt-1009,esnow,LT-ESNOW,aggregator,esnow,file_delete_count,1,,{},2026-05-22 23:59:00+00,HIGH,,2026-05-22 23:59:00+00
833,pld-b267b0b4-a622-4086-ba99-1e635511cd2d,agt-1009,esnow,LT-ESNOW,aggregator,esnow,file_access_after_hours,7,,{},2026-05-22 23:59:00+00,HIGH,,2026-05-22 23:59:00+00
834,pld-b267b0b4-a622-4086-ba99-1e635511cd2d,agt-1009,esnow,LT-ESNOW,aggregator,esnow,http_count,950,,{},2026-05-22 23:59:00+00,HIGH,,2026-05-22 23:59:00+00
835,pld-b267b0b4-a622-4086-ba99-1e635511cd2d,agt-1009,esnow,LT-ESNOW,aggregator,esnow,download_count,1,,{},2026-05-22 23:59:00+00,HIGH,,2026-05-22 23:59:00+00
836,pld-b267b0b4-a622-4086-ba99-1e635511cd2d,agt-1009,esnow,LT-ESNOW,aggregator,esnow,http_after_hours,4,,{},2026-05-22 23:59:00+00,HIGH,,2026-05-22 23:59:00+00
837,pld-bb8e0316-4ae5-435a-9645-ad83edb2617c,agt-1010,badmin,LT-BADMIN,aggregator,badmin,logon_count,2,,{},2026-05-22 23:59:00+00,HIGH,,2026-05-22 23:59:00+00
838,pld-bb8e0316-4ae5-435a-9645-ad83edb2617c,agt-1010,badmin,LT-BADMIN,aggregator,badmin,logoff_count,3,,{},2026-05-22 23:59:00+00,HIGH,,2026-05-22 23:59:00+00
839,pld-bb8e0316-4ae5-435a-9645-ad83edb2617c,agt-1010,badmin,LT-BADMIN,aggregator,badmin,file_access_count,322,,{},2026-05-22 23:59:00+00,HIGH,,2026-05-22 23:59:00+00
840,pld-bb8e0316-4ae5-435a-9645-ad83edb2617c,agt-1010,badmin,LT-BADMIN,aggregator,badmin,file_open_count,56,,{},2026-05-22 23:59:00+00,HIGH,,2026-05-22 23:59:00+00
841,pld-bb8e0316-4ae5-435a-9645-ad83edb2617c,agt-1010,badmin,LT-BADMIN,aggregator,badmin,file_copy_count,17,,{},2026-05-22 23:59:00+00,HIGH,,2026-05-22 23:59:00+00
842,pld-bb8e0316-4ae5-435a-9645-ad83edb2617c,agt-1010,badmin,LT-BADMIN,aggregator,badmin,file_write_count,39,,{},2026-05-22 23:59:00+00,HIGH,,2026-05-22 23:59:00+00
843,pld-bb8e0316-4ae5-435a-9645-ad83edb2617c,agt-1010,badmin,LT-BADMIN,aggregator,badmin,file_delete_count,2,,{},2026-05-22 23:59:00+00,HIGH,,2026-05-22 23:59:00+00
844,pld-bb8e0316-4ae5-435a-9645-ad83edb2617c,agt-1010,badmin,LT-BADMIN,aggregator,badmin,file_access_after_hours,5,,{},2026-05-22 23:59:00+00,HIGH,,2026-05-22 23:59:00+00
845,pld-bb8e0316-4ae5-435a-9645-ad83edb2617c,agt-1010,badmin,LT-BADMIN,aggregator,badmin,http_count,360,,{},2026-05-22 23:59:00+00,HIGH,,2026-05-22 23:59:00+00
846,pld-bb8e0316-4ae5-435a-9645-ad83edb2617c,agt-1010,badmin,LT-BADMIN,aggregator,badmin,download_count,5,,{},2026-05-22 23:59:00+00,HIGH,,2026-05-22 23:59:00+00
847,pld-bb8e0316-4ae5-435a-9645-ad83edb2617c,agt-1010,badmin,LT-BADMIN,aggregator,badmin,http_after_hours,19,,{},2026-05-22 23:59:00+00,HIGH,,2026-05-22 23:59:00+00
848,pld-3f4dc3d7-3280-46ec-bce4-1e085340afa3,agt-1001,jdoe,LT-JDOE,aggregator,jdoe,logon_count,3,,{},2026-05-23 23:59:00+00,HIGH,,2026-05-23 23:59:00+00
849,pld-3f4dc3d7-3280-46ec-bce4-1e085340afa3,agt-1001,jdoe,LT-JDOE,aggregator,jdoe,logoff_count,1,,{},2026-05-23 23:59:00+00,HIGH,,2026-05-23 23:59:00+00
850,pld-3f4dc3d7-3280-46ec-bce4-1e085340afa3,agt-1001,jdoe,LT-JDOE,aggregator,jdoe,weekend_logon,1,,{},2026-05-23 23:59:00+00,HIGH,,2026-05-23 23:59:00+00
851,pld-3f4dc3d7-3280-46ec-bce4-1e085340afa3,agt-1001,jdoe,LT-JDOE,aggregator,jdoe,file_access_count,43,,{},2026-05-23 23:59:00+00,HIGH,,2026-05-23 23:59:00+00
852,pld-3f4dc3d7-3280-46ec-bce4-1e085340afa3,agt-1001,jdoe,LT-JDOE,aggregator,jdoe,file_open_count,50,,{},2026-05-23 23:59:00+00,HIGH,,2026-05-23 23:59:00+00
853,pld-3f4dc3d7-3280-46ec-bce4-1e085340afa3,agt-1001,jdoe,LT-JDOE,aggregator,jdoe,file_copy_count,6,,{},2026-05-23 23:59:00+00,HIGH,,2026-05-23 23:59:00+00
854,pld-3f4dc3d7-3280-46ec-bce4-1e085340afa3,agt-1001,jdoe,LT-JDOE,aggregator,jdoe,file_write_count,14,,{},2026-05-23 23:59:00+00,HIGH,,2026-05-23 23:59:00+00
855,pld-3f4dc3d7-3280-46ec-bce4-1e085340afa3,agt-1001,jdoe,LT-JDOE,aggregator,jdoe,file_delete_count,5,,{},2026-05-23 23:59:00+00,HIGH,,2026-05-23 23:59:00+00
856,pld-3f4dc3d7-3280-46ec-bce4-1e085340afa3,agt-1001,jdoe,LT-JDOE,aggregator,jdoe,http_count,98,,{},2026-05-23 23:59:00+00,HIGH,,2026-05-23 23:59:00+00
857,pld-3f4dc3d7-3280-46ec-bce4-1e085340afa3,agt-1001,jdoe,LT-JDOE,aggregator,jdoe,download_count,2,,{},2026-05-23 23:59:00+00,HIGH,,2026-05-23 23:59:00+00
858,pld-3f4dc3d7-3280-46ec-bce4-1e085340afa3,agt-1001,jdoe,LT-JDOE,aggregator,jdoe,http_after_hours,17,,{},2026-05-23 23:59:00+00,HIGH,,2026-05-23 23:59:00+00
859,pld-d0ead6eb-361b-4937-9070-d5c76763c9ac,agt-1002,asmith,LT-ASMITH,aggregator,asmith,logon_count,2,,{},2026-05-23 23:59:00+00,HIGH,,2026-05-23 23:59:00+00
860,pld-d0ead6eb-361b-4937-9070-d5c76763c9ac,agt-1002,asmith,LT-ASMITH,aggregator,asmith,logoff_count,3,,{},2026-05-23 23:59:00+00,HIGH,,2026-05-23 23:59:00+00
861,pld-d0ead6eb-361b-4937-9070-d5c76763c9ac,agt-1002,asmith,LT-ASMITH,aggregator,asmith,file_access_count,23,,{},2026-05-23 23:59:00+00,HIGH,,2026-05-23 23:59:00+00
862,pld-d0ead6eb-361b-4937-9070-d5c76763c9ac,agt-1002,asmith,LT-ASMITH,aggregator,asmith,file_open_count,66,,{},2026-05-23 23:59:00+00,HIGH,,2026-05-23 23:59:00+00
863,pld-d0ead6eb-361b-4937-9070-d5c76763c9ac,agt-1002,asmith,LT-ASMITH,aggregator,asmith,file_copy_count,6,,{},2026-05-23 23:59:00+00,HIGH,,2026-05-23 23:59:00+00
864,pld-d0ead6eb-361b-4937-9070-d5c76763c9ac,agt-1002,asmith,LT-ASMITH,aggregator,asmith,file_write_count,49,,{},2026-05-23 23:59:00+00,HIGH,,2026-05-23 23:59:00+00
865,pld-d0ead6eb-361b-4937-9070-d5c76763c9ac,agt-1002,asmith,LT-ASMITH,aggregator,asmith,file_delete_count,5,,{},2026-05-23 23:59:00+00,HIGH,,2026-05-23 23:59:00+00
866,pld-d0ead6eb-361b-4937-9070-d5c76763c9ac,agt-1002,asmith,LT-ASMITH,aggregator,asmith,file_access_after_hours,6,,{},2026-05-23 23:59:00+00,HIGH,,2026-05-23 23:59:00+00
867,pld-d0ead6eb-361b-4937-9070-d5c76763c9ac,agt-1002,asmith,LT-ASMITH,aggregator,asmith,http_count,37,,{},2026-05-23 23:59:00+00,HIGH,,2026-05-23 23:59:00+00
868,pld-d0ead6eb-361b-4937-9070-d5c76763c9ac,agt-1002,asmith,LT-ASMITH,aggregator,asmith,download_count,1,,{},2026-05-23 23:59:00+00,HIGH,,2026-05-23 23:59:00+00
869,pld-d0ead6eb-361b-4937-9070-d5c76763c9ac,agt-1002,asmith,LT-ASMITH,aggregator,asmith,http_after_hours,13,,{},2026-05-23 23:59:00+00,HIGH,,2026-05-23 23:59:00+00
870,pld-e187fcc1-eca9-47c8-b0c9-fe8c93845df6,agt-1003,mjones,LT-MJONES,aggregator,mjones,logon_count,2,,{},2026-05-23 23:59:00+00,HIGH,,2026-05-23 23:59:00+00
871,pld-e187fcc1-eca9-47c8-b0c9-fe8c93845df6,agt-1003,mjones,LT-MJONES,aggregator,mjones,logoff_count,1,,{},2026-05-23 23:59:00+00,HIGH,,2026-05-23 23:59:00+00
872,pld-e187fcc1-eca9-47c8-b0c9-fe8c93845df6,agt-1003,mjones,LT-MJONES,aggregator,mjones,file_access_count,18,,{},2026-05-23 23:59:00+00,HIGH,,2026-05-23 23:59:00+00
873,pld-e187fcc1-eca9-47c8-b0c9-fe8c93845df6,agt-1003,mjones,LT-MJONES,aggregator,mjones,file_open_count,117,,{},2026-05-23 23:59:00+00,HIGH,,2026-05-23 23:59:00+00
874,pld-e187fcc1-eca9-47c8-b0c9-fe8c93845df6,agt-1003,mjones,LT-MJONES,aggregator,mjones,file_copy_count,10,,{},2026-05-23 23:59:00+00,HIGH,,2026-05-23 23:59:00+00
875,pld-e187fcc1-eca9-47c8-b0c9-fe8c93845df6,agt-1003,mjones,LT-MJONES,aggregator,mjones,file_write_count,33,,{},2026-05-23 23:59:00+00,HIGH,,2026-05-23 23:59:00+00
876,pld-e187fcc1-eca9-47c8-b0c9-fe8c93845df6,agt-1003,mjones,LT-MJONES,aggregator,mjones,file_delete_count,4,,{},2026-05-23 23:59:00+00,HIGH,,2026-05-23 23:59:00+00
877,pld-e187fcc1-eca9-47c8-b0c9-fe8c93845df6,agt-1003,mjones,LT-MJONES,aggregator,mjones,file_access_after_hours,1,,{},2026-05-23 23:59:00+00,HIGH,,2026-05-23 23:59:00+00
878,pld-e187fcc1-eca9-47c8-b0c9-fe8c93845df6,agt-1003,mjones,LT-MJONES,aggregator,mjones,http_count,36,,{},2026-05-23 23:59:00+00,HIGH,,2026-05-23 23:59:00+00
879,pld-e187fcc1-eca9-47c8-b0c9-fe8c93845df6,agt-1003,mjones,LT-MJONES,aggregator,mjones,http_after_hours,8,,{},2026-05-23 23:59:00+00,HIGH,,2026-05-23 23:59:00+00
880,pld-0b7fc4c4-38e2-45b1-903e-1986947c0de4,agt-1004,bwilliams,LT-BWILLIAMS,aggregator,bwilliams,logon_count,2,,{},2026-05-23 23:59:00+00,HIGH,,2026-05-23 23:59:00+00
881,pld-0b7fc4c4-38e2-45b1-903e-1986947c0de4,agt-1004,bwilliams,LT-BWILLIAMS,aggregator,bwilliams,logoff_count,1,,{},2026-05-23 23:59:00+00,HIGH,,2026-05-23 23:59:00+00
882,pld-0b7fc4c4-38e2-45b1-903e-1986947c0de4,agt-1004,bwilliams,LT-BWILLIAMS,aggregator,bwilliams,file_access_count,13,,{},2026-05-23 23:59:00+00,HIGH,,2026-05-23 23:59:00+00
883,pld-0b7fc4c4-38e2-45b1-903e-1986947c0de4,agt-1004,bwilliams,LT-BWILLIAMS,aggregator,bwilliams,file_open_count,76,,{},2026-05-23 23:59:00+00,HIGH,,2026-05-23 23:59:00+00
884,pld-0b7fc4c4-38e2-45b1-903e-1986947c0de4,agt-1004,bwilliams,LT-BWILLIAMS,aggregator,bwilliams,file_copy_count,5,,{},2026-05-23 23:59:00+00,HIGH,,2026-05-23 23:59:00+00
885,pld-0b7fc4c4-38e2-45b1-903e-1986947c0de4,agt-1004,bwilliams,LT-BWILLIAMS,aggregator,bwilliams,file_write_count,28,,{},2026-05-23 23:59:00+00,HIGH,,2026-05-23 23:59:00+00
886,pld-0b7fc4c4-38e2-45b1-903e-1986947c0de4,agt-1004,bwilliams,LT-BWILLIAMS,aggregator,bwilliams,file_delete_count,3,,{},2026-05-23 23:59:00+00,HIGH,,2026-05-23 23:59:00+00
887,pld-0b7fc4c4-38e2-45b1-903e-1986947c0de4,agt-1004,bwilliams,LT-BWILLIAMS,aggregator,bwilliams,file_access_after_hours,2,,{},2026-05-23 23:59:00+00,HIGH,,2026-05-23 23:59:00+00
888,pld-0b7fc4c4-38e2-45b1-903e-1986947c0de4,agt-1004,bwilliams,LT-BWILLIAMS,aggregator,bwilliams,http_count,6,,{},2026-05-23 23:59:00+00,HIGH,,2026-05-23 23:59:00+00
889,pld-0b7fc4c4-38e2-45b1-903e-1986947c0de4,agt-1004,bwilliams,LT-BWILLIAMS,aggregator,bwilliams,download_count,4,,{},2026-05-23 23:59:00+00,HIGH,,2026-05-23 23:59:00+00
890,pld-0b7fc4c4-38e2-45b1-903e-1986947c0de4,agt-1004,bwilliams,LT-BWILLIAMS,aggregator,bwilliams,http_after_hours,13,,{},2026-05-23 23:59:00+00,HIGH,,2026-05-23 23:59:00+00
891,pld-c78b88db-ec8a-4ecf-824c-9086b0d71e6e,agt-1005,cdavis,LT-CDAVIS,aggregator,cdavis,logon_count,2,,{},2026-05-23 23:59:00+00,HIGH,,2026-05-23 23:59:00+00
892,pld-c78b88db-ec8a-4ecf-824c-9086b0d71e6e,agt-1005,cdavis,LT-CDAVIS,aggregator,cdavis,logoff_count,2,,{},2026-05-23 23:59:00+00,HIGH,,2026-05-23 23:59:00+00
893,pld-c78b88db-ec8a-4ecf-824c-9086b0d71e6e,agt-1005,cdavis,LT-CDAVIS,aggregator,cdavis,file_access_count,9,,{},2026-05-23 23:59:00+00,HIGH,,2026-05-23 23:59:00+00
894,pld-c78b88db-ec8a-4ecf-824c-9086b0d71e6e,agt-1005,cdavis,LT-CDAVIS,aggregator,cdavis,file_open_count,194,,{},2026-05-23 23:59:00+00,HIGH,,2026-05-23 23:59:00+00
895,pld-c78b88db-ec8a-4ecf-824c-9086b0d71e6e,agt-1005,cdavis,LT-CDAVIS,aggregator,cdavis,file_copy_count,6,,{},2026-05-23 23:59:00+00,HIGH,,2026-05-23 23:59:00+00
896,pld-c78b88db-ec8a-4ecf-824c-9086b0d71e6e,agt-1005,cdavis,LT-CDAVIS,aggregator,cdavis,file_write_count,33,,{},2026-05-23 23:59:00+00,HIGH,,2026-05-23 23:59:00+00
897,pld-c78b88db-ec8a-4ecf-824c-9086b0d71e6e,agt-1005,cdavis,LT-CDAVIS,aggregator,cdavis,file_delete_count,2,,{},2026-05-23 23:59:00+00,HIGH,,2026-05-23 23:59:00+00
898,pld-c78b88db-ec8a-4ecf-824c-9086b0d71e6e,agt-1005,cdavis,LT-CDAVIS,aggregator,cdavis,file_access_after_hours,1,,{},2026-05-23 23:59:00+00,HIGH,,2026-05-23 23:59:00+00
899,pld-c78b88db-ec8a-4ecf-824c-9086b0d71e6e,agt-1005,cdavis,LT-CDAVIS,aggregator,cdavis,http_count,70,,{},2026-05-23 23:59:00+00,HIGH,,2026-05-23 23:59:00+00
900,pld-c78b88db-ec8a-4ecf-824c-9086b0d71e6e,agt-1005,cdavis,LT-CDAVIS,aggregator,cdavis,download_count,4,,{},2026-05-23 23:59:00+00,HIGH,,2026-05-23 23:59:00+00
901,pld-c78b88db-ec8a-4ecf-824c-9086b0d71e6e,agt-1005,cdavis,LT-CDAVIS,aggregator,cdavis,http_after_hours,13,,{},2026-05-23 23:59:00+00,HIGH,,2026-05-23 23:59:00+00
902,pld-5d72d8b8-46a2-4188-856a-80f3dffad2bc,agt-1006,mscott,LT-MSCOTT,aggregator,mscott,logon_count,3,,{},2026-05-23 23:59:00+00,HIGH,,2026-05-23 23:59:00+00
903,pld-5d72d8b8-46a2-4188-856a-80f3dffad2bc,agt-1006,mscott,LT-MSCOTT,aggregator,mscott,logoff_count,2,,{},2026-05-23 23:59:00+00,HIGH,,2026-05-23 23:59:00+00
904,pld-5d72d8b8-46a2-4188-856a-80f3dffad2bc,agt-1006,mscott,LT-MSCOTT,aggregator,mscott,weekend_logon,1,,{},2026-05-23 23:59:00+00,HIGH,,2026-05-23 23:59:00+00
905,pld-5d72d8b8-46a2-4188-856a-80f3dffad2bc,agt-1006,mscott,LT-MSCOTT,aggregator,mscott,file_access_count,13,,{},2026-05-23 23:59:00+00,HIGH,,2026-05-23 23:59:00+00
906,pld-5d72d8b8-46a2-4188-856a-80f3dffad2bc,agt-1006,mscott,LT-MSCOTT,aggregator,mscott,file_open_count,194,,{},2026-05-23 23:59:00+00,HIGH,,2026-05-23 23:59:00+00
907,pld-5d72d8b8-46a2-4188-856a-80f3dffad2bc,agt-1006,mscott,LT-MSCOTT,aggregator,mscott,file_copy_count,20,,{},2026-05-23 23:59:00+00,HIGH,,2026-05-23 23:59:00+00
908,pld-5d72d8b8-46a2-4188-856a-80f3dffad2bc,agt-1006,mscott,LT-MSCOTT,aggregator,mscott,file_write_count,18,,{},2026-05-23 23:59:00+00,HIGH,,2026-05-23 23:59:00+00
909,pld-5d72d8b8-46a2-4188-856a-80f3dffad2bc,agt-1006,mscott,LT-MSCOTT,aggregator,mscott,file_access_after_hours,4,,{},2026-05-23 23:59:00+00,HIGH,,2026-05-23 23:59:00+00
910,pld-5d72d8b8-46a2-4188-856a-80f3dffad2bc,agt-1006,mscott,LT-MSCOTT,aggregator,mscott,http_count,12,,{},2026-05-23 23:59:00+00,HIGH,,2026-05-23 23:59:00+00
911,pld-5d72d8b8-46a2-4188-856a-80f3dffad2bc,agt-1006,mscott,LT-MSCOTT,aggregator,mscott,download_count,1,,{},2026-05-23 23:59:00+00,HIGH,,2026-05-23 23:59:00+00
912,pld-5d72d8b8-46a2-4188-856a-80f3dffad2bc,agt-1006,mscott,LT-MSCOTT,aggregator,mscott,http_after_hours,11,,{},2026-05-23 23:59:00+00,HIGH,,2026-05-23 23:59:00+00
913,pld-8596830a-bf5a-401a-b6df-47cfe8b32cd9,agt-1007,tjones,LT-TJONES,aggregator,tjones,logon_count,2,,{},2026-05-23 23:59:00+00,HIGH,,2026-05-23 23:59:00+00
914,pld-8596830a-bf5a-401a-b6df-47cfe8b32cd9,agt-1007,tjones,LT-TJONES,aggregator,tjones,logoff_count,2,,{},2026-05-23 23:59:00+00,HIGH,,2026-05-23 23:59:00+00
915,pld-8596830a-bf5a-401a-b6df-47cfe8b32cd9,agt-1007,tjones,LT-TJONES,aggregator,tjones,file_access_count,5,,{},2026-05-23 23:59:00+00,HIGH,,2026-05-23 23:59:00+00
916,pld-8596830a-bf5a-401a-b6df-47cfe8b32cd9,agt-1007,tjones,LT-TJONES,aggregator,tjones,file_open_count,141,,{},2026-05-23 23:59:00+00,HIGH,,2026-05-23 23:59:00+00
917,pld-8596830a-bf5a-401a-b6df-47cfe8b32cd9,agt-1007,tjones,LT-TJONES,aggregator,tjones,file_copy_count,14,,{},2026-05-23 23:59:00+00,HIGH,,2026-05-23 23:59:00+00
918,pld-8596830a-bf5a-401a-b6df-47cfe8b32cd9,agt-1007,tjones,LT-TJONES,aggregator,tjones,file_write_count,22,,{},2026-05-23 23:59:00+00,HIGH,,2026-05-23 23:59:00+00
919,pld-8596830a-bf5a-401a-b6df-47cfe8b32cd9,agt-1007,tjones,LT-TJONES,aggregator,tjones,file_delete_count,5,,{},2026-05-23 23:59:00+00,HIGH,,2026-05-23 23:59:00+00
920,pld-8596830a-bf5a-401a-b6df-47cfe8b32cd9,agt-1007,tjones,LT-TJONES,aggregator,tjones,file_access_after_hours,1,,{},2026-05-23 23:59:00+00,HIGH,,2026-05-23 23:59:00+00
921,pld-8596830a-bf5a-401a-b6df-47cfe8b32cd9,agt-1007,tjones,LT-TJONES,aggregator,tjones,http_count,62,,{},2026-05-23 23:59:00+00,HIGH,,2026-05-23 23:59:00+00
922,pld-8596830a-bf5a-401a-b6df-47cfe8b32cd9,agt-1007,tjones,LT-TJONES,aggregator,tjones,download_count,4,,{},2026-05-23 23:59:00+00,HIGH,,2026-05-23 23:59:00+00
923,pld-8596830a-bf5a-401a-b6df-47cfe8b32cd9,agt-1007,tjones,LT-TJONES,aggregator,tjones,http_after_hours,16,,{},2026-05-23 23:59:00+00,HIGH,,2026-05-23 23:59:00+00
924,pld-2f88d7c8-d0c2-46f0-b066-30794bfce1d5,agt-1008,rwilson,LT-RWILSON,aggregator,rwilson,logon_count,2,,{},2026-05-23 23:59:00+00,HIGH,,2026-05-23 23:59:00+00
925,pld-2f88d7c8-d0c2-46f0-b066-30794bfce1d5,agt-1008,rwilson,LT-RWILSON,aggregator,rwilson,logoff_count,2,,{},2026-05-23 23:59:00+00,HIGH,,2026-05-23 23:59:00+00
926,pld-2f88d7c8-d0c2-46f0-b066-30794bfce1d5,agt-1008,rwilson,LT-RWILSON,aggregator,rwilson,weekend_logon,1,,{},2026-05-23 23:59:00+00,HIGH,,2026-05-23 23:59:00+00
927,pld-2f88d7c8-d0c2-46f0-b066-30794bfce1d5,agt-1008,rwilson,LT-RWILSON,aggregator,rwilson,file_access_count,39,,{},2026-05-23 23:59:00+00,HIGH,,2026-05-23 23:59:00+00
928,pld-2f88d7c8-d0c2-46f0-b066-30794bfce1d5,agt-1008,rwilson,LT-RWILSON,aggregator,rwilson,file_open_count,152,,{},2026-05-23 23:59:00+00,HIGH,,2026-05-23 23:59:00+00
929,pld-2f88d7c8-d0c2-46f0-b066-30794bfce1d5,agt-1008,rwilson,LT-RWILSON,aggregator,rwilson,file_copy_count,18,,{},2026-05-23 23:59:00+00,HIGH,,2026-05-23 23:59:00+00
930,pld-2f88d7c8-d0c2-46f0-b066-30794bfce1d5,agt-1008,rwilson,LT-RWILSON,aggregator,rwilson,file_write_count,27,,{},2026-05-23 23:59:00+00,HIGH,,2026-05-23 23:59:00+00
931,pld-2f88d7c8-d0c2-46f0-b066-30794bfce1d5,agt-1008,rwilson,LT-RWILSON,aggregator,rwilson,file_delete_count,5,,{},2026-05-23 23:59:00+00,HIGH,,2026-05-23 23:59:00+00
932,pld-2f88d7c8-d0c2-46f0-b066-30794bfce1d5,agt-1008,rwilson,LT-RWILSON,aggregator,rwilson,file_access_after_hours,10,,{},2026-05-23 23:59:00+00,HIGH,,2026-05-23 23:59:00+00
933,pld-2f88d7c8-d0c2-46f0-b066-30794bfce1d5,agt-1008,rwilson,LT-RWILSON,aggregator,rwilson,http_count,50,,{},2026-05-23 23:59:00+00,HIGH,,2026-05-23 23:59:00+00
934,pld-2f88d7c8-d0c2-46f0-b066-30794bfce1d5,agt-1008,rwilson,LT-RWILSON,aggregator,rwilson,download_count,1,,{},2026-05-23 23:59:00+00,HIGH,,2026-05-23 23:59:00+00
935,pld-2f88d7c8-d0c2-46f0-b066-30794bfce1d5,agt-1008,rwilson,LT-RWILSON,aggregator,rwilson,http_after_hours,8,,{},2026-05-23 23:59:00+00,HIGH,,2026-05-23 23:59:00+00
936,pld-ecfdbcc8-b8b9-46c0-b366-241ab036eeae,agt-1009,esnow,LT-ESNOW,aggregator,esnow,logon_count,2,,{},2026-05-23 23:59:00+00,HIGH,,2026-05-23 23:59:00+00
937,pld-ecfdbcc8-b8b9-46c0-b366-241ab036eeae,agt-1009,esnow,LT-ESNOW,aggregator,esnow,logoff_count,1,,{},2026-05-23 23:59:00+00,HIGH,,2026-05-23 23:59:00+00
938,pld-ecfdbcc8-b8b9-46c0-b366-241ab036eeae,agt-1009,esnow,LT-ESNOW,aggregator,esnow,file_access_count,22,,{},2026-05-23 23:59:00+00,HIGH,,2026-05-23 23:59:00+00
939,pld-ecfdbcc8-b8b9-46c0-b366-241ab036eeae,agt-1009,esnow,LT-ESNOW,aggregator,esnow,file_open_count,101,,{},2026-05-23 23:59:00+00,HIGH,,2026-05-23 23:59:00+00
940,pld-ecfdbcc8-b8b9-46c0-b366-241ab036eeae,agt-1009,esnow,LT-ESNOW,aggregator,esnow,file_copy_count,16,,{},2026-05-23 23:59:00+00,HIGH,,2026-05-23 23:59:00+00
941,pld-ecfdbcc8-b8b9-46c0-b366-241ab036eeae,agt-1009,esnow,LT-ESNOW,aggregator,esnow,file_write_count,46,,{},2026-05-23 23:59:00+00,HIGH,,2026-05-23 23:59:00+00
942,pld-ecfdbcc8-b8b9-46c0-b366-241ab036eeae,agt-1009,esnow,LT-ESNOW,aggregator,esnow,file_delete_count,4,,{},2026-05-23 23:59:00+00,HIGH,,2026-05-23 23:59:00+00
943,pld-ecfdbcc8-b8b9-46c0-b366-241ab036eeae,agt-1009,esnow,LT-ESNOW,aggregator,esnow,file_access_after_hours,3,,{},2026-05-23 23:59:00+00,HIGH,,2026-05-23 23:59:00+00
944,pld-ecfdbcc8-b8b9-46c0-b366-241ab036eeae,agt-1009,esnow,LT-ESNOW,aggregator,esnow,http_count,69,,{},2026-05-23 23:59:00+00,HIGH,,2026-05-23 23:59:00+00
945,pld-ecfdbcc8-b8b9-46c0-b366-241ab036eeae,agt-1009,esnow,LT-ESNOW,aggregator,esnow,download_count,3,,{},2026-05-23 23:59:00+00,HIGH,,2026-05-23 23:59:00+00
946,pld-eeaf20db-c1b0-4006-a668-dcf04b200822,agt-1010,badmin,LT-BADMIN,aggregator,badmin,logon_count,3,,{},2026-05-23 23:59:00+00,HIGH,,2026-05-23 23:59:00+00
947,pld-eeaf20db-c1b0-4006-a668-dcf04b200822,agt-1010,badmin,LT-BADMIN,aggregator,badmin,logoff_count,3,,{},2026-05-23 23:59:00+00,HIGH,,2026-05-23 23:59:00+00
948,pld-eeaf20db-c1b0-4006-a668-dcf04b200822,agt-1010,badmin,LT-BADMIN,aggregator,badmin,file_access_count,2,,{},2026-05-23 23:59:00+00,HIGH,,2026-05-23 23:59:00+00
949,pld-eeaf20db-c1b0-4006-a668-dcf04b200822,agt-1010,badmin,LT-BADMIN,aggregator,badmin,file_open_count,151,,{},2026-05-23 23:59:00+00,HIGH,,2026-05-23 23:59:00+00
950,pld-eeaf20db-c1b0-4006-a668-dcf04b200822,agt-1010,badmin,LT-BADMIN,aggregator,badmin,file_copy_count,17,,{},2026-05-23 23:59:00+00,HIGH,,2026-05-23 23:59:00+00
951,pld-eeaf20db-c1b0-4006-a668-dcf04b200822,agt-1010,badmin,LT-BADMIN,aggregator,badmin,file_write_count,16,,{},2026-05-23 23:59:00+00,HIGH,,2026-05-23 23:59:00+00
952,pld-eeaf20db-c1b0-4006-a668-dcf04b200822,agt-1010,badmin,LT-BADMIN,aggregator,badmin,file_delete_count,1,,{},2026-05-23 23:59:00+00,HIGH,,2026-05-23 23:59:00+00
953,pld-eeaf20db-c1b0-4006-a668-dcf04b200822,agt-1010,badmin,LT-BADMIN,aggregator,badmin,file_access_after_hours,5,,{},2026-05-23 23:59:00+00,HIGH,,2026-05-23 23:59:00+00
954,pld-eeaf20db-c1b0-4006-a668-dcf04b200822,agt-1010,badmin,LT-BADMIN,aggregator,badmin,http_count,49,,{},2026-05-23 23:59:00+00,HIGH,,2026-05-23 23:59:00+00
955,pld-eeaf20db-c1b0-4006-a668-dcf04b200822,agt-1010,badmin,LT-BADMIN,aggregator,badmin,download_count,3,,{},2026-05-23 23:59:00+00,HIGH,,2026-05-23 23:59:00+00
956,pld-eeaf20db-c1b0-4006-a668-dcf04b200822,agt-1010,badmin,LT-BADMIN,aggregator,badmin,http_after_hours,12,,{},2026-05-23 23:59:00+00,HIGH,,2026-05-23 23:59:00+00
957,pld-024564aa-5edb-4c13-ac49-e2b05f32a7a1,agt-1001,jdoe,LT-JDOE,aggregator,jdoe,logon_count,1,,{},2026-05-24 23:59:00+00,HIGH,,2026-05-24 23:59:00+00
958,pld-024564aa-5edb-4c13-ac49-e2b05f32a7a1,agt-1001,jdoe,LT-JDOE,aggregator,jdoe,logoff_count,2,,{},2026-05-24 23:59:00+00,HIGH,,2026-05-24 23:59:00+00
959,pld-024564aa-5edb-4c13-ac49-e2b05f32a7a1,agt-1001,jdoe,LT-JDOE,aggregator,jdoe,file_access_count,21,,{},2026-05-24 23:59:00+00,HIGH,,2026-05-24 23:59:00+00
960,pld-024564aa-5edb-4c13-ac49-e2b05f32a7a1,agt-1001,jdoe,LT-JDOE,aggregator,jdoe,file_open_count,60,,{},2026-05-24 23:59:00+00,HIGH,,2026-05-24 23:59:00+00
961,pld-024564aa-5edb-4c13-ac49-e2b05f32a7a1,agt-1001,jdoe,LT-JDOE,aggregator,jdoe,file_copy_count,11,,{},2026-05-24 23:59:00+00,HIGH,,2026-05-24 23:59:00+00
962,pld-024564aa-5edb-4c13-ac49-e2b05f32a7a1,agt-1001,jdoe,LT-JDOE,aggregator,jdoe,file_write_count,28,,{},2026-05-24 23:59:00+00,HIGH,,2026-05-24 23:59:00+00
963,pld-024564aa-5edb-4c13-ac49-e2b05f32a7a1,agt-1001,jdoe,LT-JDOE,aggregator,jdoe,file_delete_count,4,,{},2026-05-24 23:59:00+00,HIGH,,2026-05-24 23:59:00+00
964,pld-024564aa-5edb-4c13-ac49-e2b05f32a7a1,agt-1001,jdoe,LT-JDOE,aggregator,jdoe,file_access_after_hours,9,,{},2026-05-24 23:59:00+00,HIGH,,2026-05-24 23:59:00+00
965,pld-024564aa-5edb-4c13-ac49-e2b05f32a7a1,agt-1001,jdoe,LT-JDOE,aggregator,jdoe,http_count,9,,{},2026-05-24 23:59:00+00,HIGH,,2026-05-24 23:59:00+00
966,pld-024564aa-5edb-4c13-ac49-e2b05f32a7a1,agt-1001,jdoe,LT-JDOE,aggregator,jdoe,download_count,5,,{},2026-05-24 23:59:00+00,HIGH,,2026-05-24 23:59:00+00
967,pld-024564aa-5edb-4c13-ac49-e2b05f32a7a1,agt-1001,jdoe,LT-JDOE,aggregator,jdoe,http_after_hours,2,,{},2026-05-24 23:59:00+00,HIGH,,2026-05-24 23:59:00+00
968,pld-7ee206b2-1e25-4e59-9c0f-19d8ad614741,agt-1002,asmith,LT-ASMITH,aggregator,asmith,logon_count,1,,{},2026-05-24 23:59:00+00,HIGH,,2026-05-24 23:59:00+00
969,pld-7ee206b2-1e25-4e59-9c0f-19d8ad614741,agt-1002,asmith,LT-ASMITH,aggregator,asmith,logoff_count,3,,{},2026-05-24 23:59:00+00,HIGH,,2026-05-24 23:59:00+00
970,pld-7ee206b2-1e25-4e59-9c0f-19d8ad614741,agt-1002,asmith,LT-ASMITH,aggregator,asmith,file_access_count,31,,{},2026-05-24 23:59:00+00,HIGH,,2026-05-24 23:59:00+00
971,pld-7ee206b2-1e25-4e59-9c0f-19d8ad614741,agt-1002,asmith,LT-ASMITH,aggregator,asmith,file_open_count,94,,{},2026-05-24 23:59:00+00,HIGH,,2026-05-24 23:59:00+00
972,pld-7ee206b2-1e25-4e59-9c0f-19d8ad614741,agt-1002,asmith,LT-ASMITH,aggregator,asmith,file_copy_count,14,,{},2026-05-24 23:59:00+00,HIGH,,2026-05-24 23:59:00+00
973,pld-7ee206b2-1e25-4e59-9c0f-19d8ad614741,agt-1002,asmith,LT-ASMITH,aggregator,asmith,file_write_count,39,,{},2026-05-24 23:59:00+00,HIGH,,2026-05-24 23:59:00+00
974,pld-7ee206b2-1e25-4e59-9c0f-19d8ad614741,agt-1002,asmith,LT-ASMITH,aggregator,asmith,file_delete_count,4,,{},2026-05-24 23:59:00+00,HIGH,,2026-05-24 23:59:00+00
975,pld-7ee206b2-1e25-4e59-9c0f-19d8ad614741,agt-1002,asmith,LT-ASMITH,aggregator,asmith,file_access_after_hours,10,,{},2026-05-24 23:59:00+00,HIGH,,2026-05-24 23:59:00+00
976,pld-7ee206b2-1e25-4e59-9c0f-19d8ad614741,agt-1002,asmith,LT-ASMITH,aggregator,asmith,http_count,32,,{},2026-05-24 23:59:00+00,HIGH,,2026-05-24 23:59:00+00
977,pld-7ee206b2-1e25-4e59-9c0f-19d8ad614741,agt-1002,asmith,LT-ASMITH,aggregator,asmith,download_count,1,,{},2026-05-24 23:59:00+00,HIGH,,2026-05-24 23:59:00+00
978,pld-7ee206b2-1e25-4e59-9c0f-19d8ad614741,agt-1002,asmith,LT-ASMITH,aggregator,asmith,http_after_hours,14,,{},2026-05-24 23:59:00+00,HIGH,,2026-05-24 23:59:00+00
979,pld-8502b821-8ff4-4eea-9087-31c62d5f2fab,agt-1003,mjones,LT-MJONES,aggregator,mjones,logon_count,3,,{},2026-05-24 23:59:00+00,HIGH,,2026-05-24 23:59:00+00
980,pld-8502b821-8ff4-4eea-9087-31c62d5f2fab,agt-1003,mjones,LT-MJONES,aggregator,mjones,logoff_count,2,,{},2026-05-24 23:59:00+00,HIGH,,2026-05-24 23:59:00+00
981,pld-8502b821-8ff4-4eea-9087-31c62d5f2fab,agt-1003,mjones,LT-MJONES,aggregator,mjones,file_access_count,44,,{},2026-05-24 23:59:00+00,HIGH,,2026-05-24 23:59:00+00
982,pld-8502b821-8ff4-4eea-9087-31c62d5f2fab,agt-1003,mjones,LT-MJONES,aggregator,mjones,file_open_count,56,,{},2026-05-24 23:59:00+00,HIGH,,2026-05-24 23:59:00+00
983,pld-8502b821-8ff4-4eea-9087-31c62d5f2fab,agt-1003,mjones,LT-MJONES,aggregator,mjones,file_copy_count,10,,{},2026-05-24 23:59:00+00,HIGH,,2026-05-24 23:59:00+00
984,pld-8502b821-8ff4-4eea-9087-31c62d5f2fab,agt-1003,mjones,LT-MJONES,aggregator,mjones,file_write_count,18,,{},2026-05-24 23:59:00+00,HIGH,,2026-05-24 23:59:00+00
985,pld-8502b821-8ff4-4eea-9087-31c62d5f2fab,agt-1003,mjones,LT-MJONES,aggregator,mjones,file_delete_count,4,,{},2026-05-24 23:59:00+00,HIGH,,2026-05-24 23:59:00+00
986,pld-8502b821-8ff4-4eea-9087-31c62d5f2fab,agt-1003,mjones,LT-MJONES,aggregator,mjones,file_access_after_hours,4,,{},2026-05-24 23:59:00+00,HIGH,,2026-05-24 23:59:00+00
987,pld-8502b821-8ff4-4eea-9087-31c62d5f2fab,agt-1003,mjones,LT-MJONES,aggregator,mjones,http_count,81,,{},2026-05-24 23:59:00+00,HIGH,,2026-05-24 23:59:00+00
988,pld-8502b821-8ff4-4eea-9087-31c62d5f2fab,agt-1003,mjones,LT-MJONES,aggregator,mjones,download_count,4,,{},2026-05-24 23:59:00+00,HIGH,,2026-05-24 23:59:00+00
989,pld-8502b821-8ff4-4eea-9087-31c62d5f2fab,agt-1003,mjones,LT-MJONES,aggregator,mjones,http_after_hours,1,,{},2026-05-24 23:59:00+00,HIGH,,2026-05-24 23:59:00+00
990,pld-51340871-5fea-466d-83c3-cefae1c44a1c,agt-1004,bwilliams,LT-BWILLIAMS,aggregator,bwilliams,logon_count,1,,{},2026-05-24 23:59:00+00,HIGH,,2026-05-24 23:59:00+00
991,pld-51340871-5fea-466d-83c3-cefae1c44a1c,agt-1004,bwilliams,LT-BWILLIAMS,aggregator,bwilliams,logoff_count,3,,{},2026-05-24 23:59:00+00,HIGH,,2026-05-24 23:59:00+00
992,pld-51340871-5fea-466d-83c3-cefae1c44a1c,agt-1004,bwilliams,LT-BWILLIAMS,aggregator,bwilliams,file_access_count,11,,{},2026-05-24 23:59:00+00,HIGH,,2026-05-24 23:59:00+00
993,pld-51340871-5fea-466d-83c3-cefae1c44a1c,agt-1004,bwilliams,LT-BWILLIAMS,aggregator,bwilliams,file_open_count,189,,{},2026-05-24 23:59:00+00,HIGH,,2026-05-24 23:59:00+00
994,pld-51340871-5fea-466d-83c3-cefae1c44a1c,agt-1004,bwilliams,LT-BWILLIAMS,aggregator,bwilliams,file_copy_count,9,,{},2026-05-24 23:59:00+00,HIGH,,2026-05-24 23:59:00+00
995,pld-51340871-5fea-466d-83c3-cefae1c44a1c,agt-1004,bwilliams,LT-BWILLIAMS,aggregator,bwilliams,file_write_count,47,,{},2026-05-24 23:59:00+00,HIGH,,2026-05-24 23:59:00+00
996,pld-51340871-5fea-466d-83c3-cefae1c44a1c,agt-1004,bwilliams,LT-BWILLIAMS,aggregator,bwilliams,file_delete_count,5,,{},2026-05-24 23:59:00+00,HIGH,,2026-05-24 23:59:00+00
997,pld-51340871-5fea-466d-83c3-cefae1c44a1c,agt-1004,bwilliams,LT-BWILLIAMS,aggregator,bwilliams,file_access_after_hours,10,,{},2026-05-24 23:59:00+00,HIGH,,2026-05-24 23:59:00+00
998,pld-51340871-5fea-466d-83c3-cefae1c44a1c,agt-1004,bwilliams,LT-BWILLIAMS,aggregator,bwilliams,http_count,13,,{},2026-05-24 23:59:00+00,HIGH,,2026-05-24 23:59:00+00
999,pld-51340871-5fea-466d-83c3-cefae1c44a1c,agt-1004,bwilliams,LT-BWILLIAMS,aggregator,bwilliams,download_count,2,,{},2026-05-24 23:59:00+00,HIGH,,2026-05-24 23:59:00+00
1000,pld-51340871-5fea-466d-83c3-cefae1c44a1c,agt-1004,bwilliams,LT-BWILLIAMS,aggregator,bwilliams,http_after_hours,18,,{},2026-05-24 23:59:00+00,HIGH,,2026-05-24 23:59:00+00
1001,pld-d17b1bd3-f7fc-4413-8af3-5b6b4ed1d119,agt-1005,cdavis,LT-CDAVIS,aggregator,cdavis,logon_count,2,,{},2026-05-24 23:59:00+00,HIGH,,2026-05-24 23:59:00+00
1002,pld-d17b1bd3-f7fc-4413-8af3-5b6b4ed1d119,agt-1005,cdavis,LT-CDAVIS,aggregator,cdavis,logoff_count,1,,{},2026-05-24 23:59:00+00,HIGH,,2026-05-24 23:59:00+00
1003,pld-d17b1bd3-f7fc-4413-8af3-5b6b4ed1d119,agt-1005,cdavis,LT-CDAVIS,aggregator,cdavis,file_access_count,13,,{},2026-05-24 23:59:00+00,HIGH,,2026-05-24 23:59:00+00
1004,pld-d17b1bd3-f7fc-4413-8af3-5b6b4ed1d119,agt-1005,cdavis,LT-CDAVIS,aggregator,cdavis,file_open_count,183,,{},2026-05-24 23:59:00+00,HIGH,,2026-05-24 23:59:00+00
1005,pld-d17b1bd3-f7fc-4413-8af3-5b6b4ed1d119,agt-1005,cdavis,LT-CDAVIS,aggregator,cdavis,file_copy_count,11,,{},2026-05-24 23:59:00+00,HIGH,,2026-05-24 23:59:00+00
1006,pld-d17b1bd3-f7fc-4413-8af3-5b6b4ed1d119,agt-1005,cdavis,LT-CDAVIS,aggregator,cdavis,file_write_count,49,,{},2026-05-24 23:59:00+00,HIGH,,2026-05-24 23:59:00+00
1007,pld-d17b1bd3-f7fc-4413-8af3-5b6b4ed1d119,agt-1005,cdavis,LT-CDAVIS,aggregator,cdavis,file_delete_count,5,,{},2026-05-24 23:59:00+00,HIGH,,2026-05-24 23:59:00+00
1008,pld-d17b1bd3-f7fc-4413-8af3-5b6b4ed1d119,agt-1005,cdavis,LT-CDAVIS,aggregator,cdavis,file_access_after_hours,10,,{},2026-05-24 23:59:00+00,HIGH,,2026-05-24 23:59:00+00
1009,pld-d17b1bd3-f7fc-4413-8af3-5b6b4ed1d119,agt-1005,cdavis,LT-CDAVIS,aggregator,cdavis,http_count,59,,{},2026-05-24 23:59:00+00,HIGH,,2026-05-24 23:59:00+00
1010,pld-d17b1bd3-f7fc-4413-8af3-5b6b4ed1d119,agt-1005,cdavis,LT-CDAVIS,aggregator,cdavis,http_after_hours,3,,{},2026-05-24 23:59:00+00,HIGH,,2026-05-24 23:59:00+00
1011,pld-99685746-d3e5-43a5-b39e-a4a544003215,agt-1006,mscott,LT-MSCOTT,aggregator,mscott,logon_count,3,,{},2026-05-24 23:59:00+00,HIGH,,2026-05-24 23:59:00+00
1012,pld-99685746-d3e5-43a5-b39e-a4a544003215,agt-1006,mscott,LT-MSCOTT,aggregator,mscott,logoff_count,2,,{},2026-05-24 23:59:00+00,HIGH,,2026-05-24 23:59:00+00
1013,pld-99685746-d3e5-43a5-b39e-a4a544003215,agt-1006,mscott,LT-MSCOTT,aggregator,mscott,file_access_count,5,,{},2026-05-24 23:59:00+00,HIGH,,2026-05-24 23:59:00+00
1014,pld-99685746-d3e5-43a5-b39e-a4a544003215,agt-1006,mscott,LT-MSCOTT,aggregator,mscott,file_open_count,196,,{},2026-05-24 23:59:00+00,HIGH,,2026-05-24 23:59:00+00
1015,pld-99685746-d3e5-43a5-b39e-a4a544003215,agt-1006,mscott,LT-MSCOTT,aggregator,mscott,file_copy_count,8,,{},2026-05-24 23:59:00+00,HIGH,,2026-05-24 23:59:00+00
1016,pld-99685746-d3e5-43a5-b39e-a4a544003215,agt-1006,mscott,LT-MSCOTT,aggregator,mscott,file_write_count,31,,{},2026-05-24 23:59:00+00,HIGH,,2026-05-24 23:59:00+00
1017,pld-99685746-d3e5-43a5-b39e-a4a544003215,agt-1006,mscott,LT-MSCOTT,aggregator,mscott,file_delete_count,4,,{},2026-05-24 23:59:00+00,HIGH,,2026-05-24 23:59:00+00
1018,pld-99685746-d3e5-43a5-b39e-a4a544003215,agt-1006,mscott,LT-MSCOTT,aggregator,mscott,file_access_after_hours,7,,{},2026-05-24 23:59:00+00,HIGH,,2026-05-24 23:59:00+00
1019,pld-99685746-d3e5-43a5-b39e-a4a544003215,agt-1006,mscott,LT-MSCOTT,aggregator,mscott,http_count,76,,{},2026-05-24 23:59:00+00,HIGH,,2026-05-24 23:59:00+00
1020,pld-99685746-d3e5-43a5-b39e-a4a544003215,agt-1006,mscott,LT-MSCOTT,aggregator,mscott,download_count,1,,{},2026-05-24 23:59:00+00,HIGH,,2026-05-24 23:59:00+00
1021,pld-99685746-d3e5-43a5-b39e-a4a544003215,agt-1006,mscott,LT-MSCOTT,aggregator,mscott,http_after_hours,19,,{},2026-05-24 23:59:00+00,HIGH,,2026-05-24 23:59:00+00
1022,pld-1a4c0338-6023-471a-9708-61f477ee99f9,agt-1007,tjones,LT-TJONES,aggregator,tjones,logon_count,1,,{},2026-05-24 23:59:00+00,HIGH,,2026-05-24 23:59:00+00
1023,pld-1a4c0338-6023-471a-9708-61f477ee99f9,agt-1007,tjones,LT-TJONES,aggregator,tjones,logoff_count,2,,{},2026-05-24 23:59:00+00,HIGH,,2026-05-24 23:59:00+00
1024,pld-1a4c0338-6023-471a-9708-61f477ee99f9,agt-1007,tjones,LT-TJONES,aggregator,tjones,file_access_count,13,,{},2026-05-24 23:59:00+00,HIGH,,2026-05-24 23:59:00+00
1025,pld-1a4c0338-6023-471a-9708-61f477ee99f9,agt-1007,tjones,LT-TJONES,aggregator,tjones,file_open_count,185,,{},2026-05-24 23:59:00+00,HIGH,,2026-05-24 23:59:00+00
1026,pld-1a4c0338-6023-471a-9708-61f477ee99f9,agt-1007,tjones,LT-TJONES,aggregator,tjones,file_copy_count,12,,{},2026-05-24 23:59:00+00,HIGH,,2026-05-24 23:59:00+00
1027,pld-1a4c0338-6023-471a-9708-61f477ee99f9,agt-1007,tjones,LT-TJONES,aggregator,tjones,file_write_count,17,,{},2026-05-24 23:59:00+00,HIGH,,2026-05-24 23:59:00+00
1028,pld-1a4c0338-6023-471a-9708-61f477ee99f9,agt-1007,tjones,LT-TJONES,aggregator,tjones,file_delete_count,5,,{},2026-05-24 23:59:00+00,HIGH,,2026-05-24 23:59:00+00
1029,pld-1a4c0338-6023-471a-9708-61f477ee99f9,agt-1007,tjones,LT-TJONES,aggregator,tjones,file_access_after_hours,2,,{},2026-05-24 23:59:00+00,HIGH,,2026-05-24 23:59:00+00
1030,pld-1a4c0338-6023-471a-9708-61f477ee99f9,agt-1007,tjones,LT-TJONES,aggregator,tjones,http_count,3,,{},2026-05-24 23:59:00+00,HIGH,,2026-05-24 23:59:00+00
1031,pld-1a4c0338-6023-471a-9708-61f477ee99f9,agt-1007,tjones,LT-TJONES,aggregator,tjones,download_count,3,,{},2026-05-24 23:59:00+00,HIGH,,2026-05-24 23:59:00+00
1032,pld-1a4c0338-6023-471a-9708-61f477ee99f9,agt-1007,tjones,LT-TJONES,aggregator,tjones,http_after_hours,8,,{},2026-05-24 23:59:00+00,HIGH,,2026-05-24 23:59:00+00
1033,pld-ffe8ce7d-1dc0-4048-9553-9bdb17d604b8,agt-1008,rwilson,LT-RWILSON,aggregator,rwilson,logon_count,3,,{},2026-05-24 23:59:00+00,HIGH,,2026-05-24 23:59:00+00
1034,pld-ffe8ce7d-1dc0-4048-9553-9bdb17d604b8,agt-1008,rwilson,LT-RWILSON,aggregator,rwilson,logoff_count,2,,{},2026-05-24 23:59:00+00,HIGH,,2026-05-24 23:59:00+00
1035,pld-ffe8ce7d-1dc0-4048-9553-9bdb17d604b8,agt-1008,rwilson,LT-RWILSON,aggregator,rwilson,file_access_count,22,,{},2026-05-24 23:59:00+00,HIGH,,2026-05-24 23:59:00+00
1036,pld-ffe8ce7d-1dc0-4048-9553-9bdb17d604b8,agt-1008,rwilson,LT-RWILSON,aggregator,rwilson,file_open_count,180,,{},2026-05-24 23:59:00+00,HIGH,,2026-05-24 23:59:00+00
1037,pld-ffe8ce7d-1dc0-4048-9553-9bdb17d604b8,agt-1008,rwilson,LT-RWILSON,aggregator,rwilson,file_copy_count,16,,{},2026-05-24 23:59:00+00,HIGH,,2026-05-24 23:59:00+00
1038,pld-ffe8ce7d-1dc0-4048-9553-9bdb17d604b8,agt-1008,rwilson,LT-RWILSON,aggregator,rwilson,file_write_count,49,,{},2026-05-24 23:59:00+00,HIGH,,2026-05-24 23:59:00+00
1039,pld-ffe8ce7d-1dc0-4048-9553-9bdb17d604b8,agt-1008,rwilson,LT-RWILSON,aggregator,rwilson,file_delete_count,5,,{},2026-05-24 23:59:00+00,HIGH,,2026-05-24 23:59:00+00
1040,pld-ffe8ce7d-1dc0-4048-9553-9bdb17d604b8,agt-1008,rwilson,LT-RWILSON,aggregator,rwilson,file_access_after_hours,3,,{},2026-05-24 23:59:00+00,HIGH,,2026-05-24 23:59:00+00
1041,pld-ffe8ce7d-1dc0-4048-9553-9bdb17d604b8,agt-1008,rwilson,LT-RWILSON,aggregator,rwilson,http_count,77,,{},2026-05-24 23:59:00+00,HIGH,,2026-05-24 23:59:00+00
1042,pld-ffe8ce7d-1dc0-4048-9553-9bdb17d604b8,agt-1008,rwilson,LT-RWILSON,aggregator,rwilson,download_count,4,,{},2026-05-24 23:59:00+00,HIGH,,2026-05-24 23:59:00+00
1043,pld-ffe8ce7d-1dc0-4048-9553-9bdb17d604b8,agt-1008,rwilson,LT-RWILSON,aggregator,rwilson,http_after_hours,7,,{},2026-05-24 23:59:00+00,HIGH,,2026-05-24 23:59:00+00
1044,pld-5c29637b-b16f-4083-aff6-cb4d84aa3dcd,agt-1009,esnow,LT-ESNOW,aggregator,esnow,logon_count,1,,{},2026-05-24 23:59:00+00,HIGH,,2026-05-24 23:59:00+00
1045,pld-5c29637b-b16f-4083-aff6-cb4d84aa3dcd,agt-1009,esnow,LT-ESNOW,aggregator,esnow,logoff_count,1,,{},2026-05-24 23:59:00+00,HIGH,,2026-05-24 23:59:00+00
1046,pld-5c29637b-b16f-4083-aff6-cb4d84aa3dcd,agt-1009,esnow,LT-ESNOW,aggregator,esnow,file_access_count,25,,{},2026-05-24 23:59:00+00,HIGH,,2026-05-24 23:59:00+00
1047,pld-5c29637b-b16f-4083-aff6-cb4d84aa3dcd,agt-1009,esnow,LT-ESNOW,aggregator,esnow,file_open_count,106,,{},2026-05-24 23:59:00+00,HIGH,,2026-05-24 23:59:00+00
1048,pld-5c29637b-b16f-4083-aff6-cb4d84aa3dcd,agt-1009,esnow,LT-ESNOW,aggregator,esnow,file_copy_count,15,,{},2026-05-24 23:59:00+00,HIGH,,2026-05-24 23:59:00+00
1049,pld-5c29637b-b16f-4083-aff6-cb4d84aa3dcd,agt-1009,esnow,LT-ESNOW,aggregator,esnow,file_write_count,20,,{},2026-05-24 23:59:00+00,HIGH,,2026-05-24 23:59:00+00
1050,pld-5c29637b-b16f-4083-aff6-cb4d84aa3dcd,agt-1009,esnow,LT-ESNOW,aggregator,esnow,file_delete_count,3,,{},2026-05-24 23:59:00+00,HIGH,,2026-05-24 23:59:00+00
1051,pld-5c29637b-b16f-4083-aff6-cb4d84aa3dcd,agt-1009,esnow,LT-ESNOW,aggregator,esnow,file_access_after_hours,1,,{},2026-05-24 23:59:00+00,HIGH,,2026-05-24 23:59:00+00
1052,pld-5c29637b-b16f-4083-aff6-cb4d84aa3dcd,agt-1009,esnow,LT-ESNOW,aggregator,esnow,http_count,69,,{},2026-05-24 23:59:00+00,HIGH,,2026-05-24 23:59:00+00
1053,pld-5c29637b-b16f-4083-aff6-cb4d84aa3dcd,agt-1009,esnow,LT-ESNOW,aggregator,esnow,download_count,2,,{},2026-05-24 23:59:00+00,HIGH,,2026-05-24 23:59:00+00
1054,pld-5c29637b-b16f-4083-aff6-cb4d84aa3dcd,agt-1009,esnow,LT-ESNOW,aggregator,esnow,http_after_hours,9,,{},2026-05-24 23:59:00+00,HIGH,,2026-05-24 23:59:00+00
1055,pld-c8746ba3-37c2-444a-b39d-09d42e4a4308,agt-1010,badmin,LT-BADMIN,aggregator,badmin,logon_count,3,,{},2026-05-24 23:59:00+00,HIGH,,2026-05-24 23:59:00+00
1056,pld-c8746ba3-37c2-444a-b39d-09d42e4a4308,agt-1010,badmin,LT-BADMIN,aggregator,badmin,logoff_count,1,,{},2026-05-24 23:59:00+00,HIGH,,2026-05-24 23:59:00+00
1057,pld-c8746ba3-37c2-444a-b39d-09d42e4a4308,agt-1010,badmin,LT-BADMIN,aggregator,badmin,file_access_count,12,,{},2026-05-24 23:59:00+00,HIGH,,2026-05-24 23:59:00+00
1058,pld-c8746ba3-37c2-444a-b39d-09d42e4a4308,agt-1010,badmin,LT-BADMIN,aggregator,badmin,file_open_count,177,,{},2026-05-24 23:59:00+00,HIGH,,2026-05-24 23:59:00+00
1059,pld-c8746ba3-37c2-444a-b39d-09d42e4a4308,agt-1010,badmin,LT-BADMIN,aggregator,badmin,file_copy_count,16,,{},2026-05-24 23:59:00+00,HIGH,,2026-05-24 23:59:00+00
1060,pld-c8746ba3-37c2-444a-b39d-09d42e4a4308,agt-1010,badmin,LT-BADMIN,aggregator,badmin,file_write_count,23,,{},2026-05-24 23:59:00+00,HIGH,,2026-05-24 23:59:00+00
1061,pld-c8746ba3-37c2-444a-b39d-09d42e4a4308,agt-1010,badmin,LT-BADMIN,aggregator,badmin,file_delete_count,2,,{},2026-05-24 23:59:00+00,HIGH,,2026-05-24 23:59:00+00
1062,pld-c8746ba3-37c2-444a-b39d-09d42e4a4308,agt-1010,badmin,LT-BADMIN,aggregator,badmin,file_access_after_hours,7,,{},2026-05-24 23:59:00+00,HIGH,,2026-05-24 23:59:00+00
1063,pld-c8746ba3-37c2-444a-b39d-09d42e4a4308,agt-1010,badmin,LT-BADMIN,aggregator,badmin,http_count,52,,{},2026-05-24 23:59:00+00,HIGH,,2026-05-24 23:59:00+00
1064,pld-c8746ba3-37c2-444a-b39d-09d42e4a4308,agt-1010,badmin,LT-BADMIN,aggregator,badmin,download_count,3,,{},2026-05-24 23:59:00+00,HIGH,,2026-05-24 23:59:00+00
1065,pld-c8746ba3-37c2-444a-b39d-09d42e4a4308,agt-1010,badmin,LT-BADMIN,aggregator,badmin,http_after_hours,15,,{},2026-05-24 23:59:00+00,HIGH,,2026-05-24 23:59:00+00
1066,pld-8b9cd9e6-66d2-4758-b7ca-dbb8a2963d01,agt-1001,jdoe,LT-JDOE,aggregator,jdoe,logon_count,2,,{},2026-05-25 23:59:00+00,HIGH,,2026-05-25 23:59:00+00
1067,pld-8b9cd9e6-66d2-4758-b7ca-dbb8a2963d01,agt-1001,jdoe,LT-JDOE,aggregator,jdoe,logoff_count,1,,{},2026-05-25 23:59:00+00,HIGH,,2026-05-25 23:59:00+00
1068,pld-8b9cd9e6-66d2-4758-b7ca-dbb8a2963d01,agt-1001,jdoe,LT-JDOE,aggregator,jdoe,after_hours_logon,1,,{},2026-05-25 23:59:00+00,HIGH,,2026-05-25 23:59:00+00
1069,pld-8b9cd9e6-66d2-4758-b7ca-dbb8a2963d01,agt-1001,jdoe,LT-JDOE,aggregator,jdoe,file_access_count,261,,{},2026-05-25 23:59:00+00,HIGH,,2026-05-25 23:59:00+00
1070,pld-8b9cd9e6-66d2-4758-b7ca-dbb8a2963d01,agt-1001,jdoe,LT-JDOE,aggregator,jdoe,file_open_count,113,,{},2026-05-25 23:59:00+00,HIGH,,2026-05-25 23:59:00+00
1071,pld-8b9cd9e6-66d2-4758-b7ca-dbb8a2963d01,agt-1001,jdoe,LT-JDOE,aggregator,jdoe,file_copy_count,9,,{},2026-05-25 23:59:00+00,HIGH,,2026-05-25 23:59:00+00
1072,pld-8b9cd9e6-66d2-4758-b7ca-dbb8a2963d01,agt-1001,jdoe,LT-JDOE,aggregator,jdoe,file_write_count,16,,{},2026-05-25 23:59:00+00,HIGH,,2026-05-25 23:59:00+00
1073,pld-8b9cd9e6-66d2-4758-b7ca-dbb8a2963d01,agt-1001,jdoe,LT-JDOE,aggregator,jdoe,file_delete_count,3,,{},2026-05-25 23:59:00+00,HIGH,,2026-05-25 23:59:00+00
1074,pld-8b9cd9e6-66d2-4758-b7ca-dbb8a2963d01,agt-1001,jdoe,LT-JDOE,aggregator,jdoe,file_access_after_hours,170,,{},2026-05-25 23:59:00+00,HIGH,,2026-05-25 23:59:00+00
1075,pld-8b9cd9e6-66d2-4758-b7ca-dbb8a2963d01,agt-1001,jdoe,LT-JDOE,aggregator,jdoe,http_count,991,,{},2026-05-25 23:59:00+00,HIGH,,2026-05-25 23:59:00+00
1076,pld-8b9cd9e6-66d2-4758-b7ca-dbb8a2963d01,agt-1001,jdoe,LT-JDOE,aggregator,jdoe,download_count,3,,{},2026-05-25 23:59:00+00,HIGH,,2026-05-25 23:59:00+00
1077,pld-8b9cd9e6-66d2-4758-b7ca-dbb8a2963d01,agt-1001,jdoe,LT-JDOE,aggregator,jdoe,http_after_hours,54,,{},2026-05-25 23:59:00+00,HIGH,,2026-05-25 23:59:00+00
1078,pld-abf9eddc-a7d9-4f6b-9b06-cbafb9e7519f,agt-1002,asmith,LT-ASMITH,aggregator,asmith,logon_count,2,,{},2026-05-25 23:59:00+00,HIGH,,2026-05-25 23:59:00+00
1079,pld-abf9eddc-a7d9-4f6b-9b06-cbafb9e7519f,agt-1002,asmith,LT-ASMITH,aggregator,asmith,logoff_count,1,,{},2026-05-25 23:59:00+00,HIGH,,2026-05-25 23:59:00+00
1080,pld-abf9eddc-a7d9-4f6b-9b06-cbafb9e7519f,agt-1002,asmith,LT-ASMITH,aggregator,asmith,file_access_count,442,,{},2026-05-25 23:59:00+00,HIGH,,2026-05-25 23:59:00+00
1081,pld-abf9eddc-a7d9-4f6b-9b06-cbafb9e7519f,agt-1002,asmith,LT-ASMITH,aggregator,asmith,file_open_count,144,,{},2026-05-25 23:59:00+00,HIGH,,2026-05-25 23:59:00+00
1082,pld-abf9eddc-a7d9-4f6b-9b06-cbafb9e7519f,agt-1002,asmith,LT-ASMITH,aggregator,asmith,file_copy_count,6,,{},2026-05-25 23:59:00+00,HIGH,,2026-05-25 23:59:00+00
1083,pld-abf9eddc-a7d9-4f6b-9b06-cbafb9e7519f,agt-1002,asmith,LT-ASMITH,aggregator,asmith,file_write_count,33,,{},2026-05-25 23:59:00+00,HIGH,,2026-05-25 23:59:00+00
1084,pld-abf9eddc-a7d9-4f6b-9b06-cbafb9e7519f,agt-1002,asmith,LT-ASMITH,aggregator,asmith,file_access_after_hours,10,,{},2026-05-25 23:59:00+00,HIGH,,2026-05-25 23:59:00+00
1085,pld-abf9eddc-a7d9-4f6b-9b06-cbafb9e7519f,agt-1002,asmith,LT-ASMITH,aggregator,asmith,http_count,301,,{},2026-05-25 23:59:00+00,HIGH,,2026-05-25 23:59:00+00
1086,pld-abf9eddc-a7d9-4f6b-9b06-cbafb9e7519f,agt-1002,asmith,LT-ASMITH,aggregator,asmith,download_count,1,,{},2026-05-25 23:59:00+00,HIGH,,2026-05-25 23:59:00+00
1087,pld-abf9eddc-a7d9-4f6b-9b06-cbafb9e7519f,agt-1002,asmith,LT-ASMITH,aggregator,asmith,http_after_hours,8,,{},2026-05-25 23:59:00+00,HIGH,,2026-05-25 23:59:00+00
1088,pld-56af6393-33ff-413a-b43f-434ad270db7b,agt-1003,mjones,LT-MJONES,aggregator,mjones,logon_count,1,,{},2026-05-25 23:59:00+00,HIGH,,2026-05-25 23:59:00+00
1089,pld-56af6393-33ff-413a-b43f-434ad270db7b,agt-1003,mjones,LT-MJONES,aggregator,mjones,logoff_count,3,,{},2026-05-25 23:59:00+00,HIGH,,2026-05-25 23:59:00+00
1090,pld-56af6393-33ff-413a-b43f-434ad270db7b,agt-1003,mjones,LT-MJONES,aggregator,mjones,file_access_count,151,,{},2026-05-25 23:59:00+00,HIGH,,2026-05-25 23:59:00+00
1091,pld-56af6393-33ff-413a-b43f-434ad270db7b,agt-1003,mjones,LT-MJONES,aggregator,mjones,file_open_count,165,,{},2026-05-25 23:59:00+00,HIGH,,2026-05-25 23:59:00+00
1092,pld-56af6393-33ff-413a-b43f-434ad270db7b,agt-1003,mjones,LT-MJONES,aggregator,mjones,file_copy_count,6,,{},2026-05-25 23:59:00+00,HIGH,,2026-05-25 23:59:00+00
1093,pld-56af6393-33ff-413a-b43f-434ad270db7b,agt-1003,mjones,LT-MJONES,aggregator,mjones,file_write_count,19,,{},2026-05-25 23:59:00+00,HIGH,,2026-05-25 23:59:00+00
1094,pld-56af6393-33ff-413a-b43f-434ad270db7b,agt-1003,mjones,LT-MJONES,aggregator,mjones,file_delete_count,1,,{},2026-05-25 23:59:00+00,HIGH,,2026-05-25 23:59:00+00
1095,pld-56af6393-33ff-413a-b43f-434ad270db7b,agt-1003,mjones,LT-MJONES,aggregator,mjones,file_access_after_hours,2,,{},2026-05-25 23:59:00+00,HIGH,,2026-05-25 23:59:00+00
1096,pld-56af6393-33ff-413a-b43f-434ad270db7b,agt-1003,mjones,LT-MJONES,aggregator,mjones,http_count,826,,{},2026-05-25 23:59:00+00,HIGH,,2026-05-25 23:59:00+00
1097,pld-56af6393-33ff-413a-b43f-434ad270db7b,agt-1003,mjones,LT-MJONES,aggregator,mjones,download_count,1,,{},2026-05-25 23:59:00+00,HIGH,,2026-05-25 23:59:00+00
1098,pld-56af6393-33ff-413a-b43f-434ad270db7b,agt-1003,mjones,LT-MJONES,aggregator,mjones,http_after_hours,1,,{},2026-05-25 23:59:00+00,HIGH,,2026-05-25 23:59:00+00
1099,pld-1fa0a193-b149-4715-a664-aa16b0be1560,agt-1004,bwilliams,LT-BWILLIAMS,aggregator,bwilliams,logon_count,3,,{},2026-05-25 23:59:00+00,HIGH,,2026-05-25 23:59:00+00
1100,pld-1fa0a193-b149-4715-a664-aa16b0be1560,agt-1004,bwilliams,LT-BWILLIAMS,aggregator,bwilliams,logoff_count,1,,{},2026-05-25 23:59:00+00,HIGH,,2026-05-25 23:59:00+00
1101,pld-1fa0a193-b149-4715-a664-aa16b0be1560,agt-1004,bwilliams,LT-BWILLIAMS,aggregator,bwilliams,file_access_count,459,,{},2026-05-25 23:59:00+00,HIGH,,2026-05-25 23:59:00+00
1102,pld-1fa0a193-b149-4715-a664-aa16b0be1560,agt-1004,bwilliams,LT-BWILLIAMS,aggregator,bwilliams,file_open_count,158,,{},2026-05-25 23:59:00+00,HIGH,,2026-05-25 23:59:00+00
1103,pld-1fa0a193-b149-4715-a664-aa16b0be1560,agt-1004,bwilliams,LT-BWILLIAMS,aggregator,bwilliams,file_copy_count,11,,{},2026-05-25 23:59:00+00,HIGH,,2026-05-25 23:59:00+00
1104,pld-1fa0a193-b149-4715-a664-aa16b0be1560,agt-1004,bwilliams,LT-BWILLIAMS,aggregator,bwilliams,file_write_count,39,,{},2026-05-25 23:59:00+00,HIGH,,2026-05-25 23:59:00+00
1105,pld-1fa0a193-b149-4715-a664-aa16b0be1560,agt-1004,bwilliams,LT-BWILLIAMS,aggregator,bwilliams,file_delete_count,5,,{},2026-05-25 23:59:00+00,HIGH,,2026-05-25 23:59:00+00
1106,pld-1fa0a193-b149-4715-a664-aa16b0be1560,agt-1004,bwilliams,LT-BWILLIAMS,aggregator,bwilliams,file_access_after_hours,3,,{},2026-05-25 23:59:00+00,HIGH,,2026-05-25 23:59:00+00
1107,pld-1fa0a193-b149-4715-a664-aa16b0be1560,agt-1004,bwilliams,LT-BWILLIAMS,aggregator,bwilliams,http_count,861,,{},2026-05-25 23:59:00+00,HIGH,,2026-05-25 23:59:00+00
1108,pld-1fa0a193-b149-4715-a664-aa16b0be1560,agt-1004,bwilliams,LT-BWILLIAMS,aggregator,bwilliams,download_count,4,,{},2026-05-25 23:59:00+00,HIGH,,2026-05-25 23:59:00+00
1109,pld-1fa0a193-b149-4715-a664-aa16b0be1560,agt-1004,bwilliams,LT-BWILLIAMS,aggregator,bwilliams,http_after_hours,1,,{},2026-05-25 23:59:00+00,HIGH,,2026-05-25 23:59:00+00
1110,pld-3a58d9ce-ad2b-4fed-a504-f63ffc9d0f1b,agt-1005,cdavis,LT-CDAVIS,aggregator,cdavis,logon_count,3,,{},2026-05-25 23:59:00+00,HIGH,,2026-05-25 23:59:00+00
1111,pld-3a58d9ce-ad2b-4fed-a504-f63ffc9d0f1b,agt-1005,cdavis,LT-CDAVIS,aggregator,cdavis,logoff_count,3,,{},2026-05-25 23:59:00+00,HIGH,,2026-05-25 23:59:00+00
1112,pld-3a58d9ce-ad2b-4fed-a504-f63ffc9d0f1b,agt-1005,cdavis,LT-CDAVIS,aggregator,cdavis,file_access_count,371,,{},2026-05-25 23:59:00+00,HIGH,,2026-05-25 23:59:00+00
1113,pld-3a58d9ce-ad2b-4fed-a504-f63ffc9d0f1b,agt-1005,cdavis,LT-CDAVIS,aggregator,cdavis,file_open_count,157,,{},2026-05-25 23:59:00+00,HIGH,,2026-05-25 23:59:00+00
1114,pld-3a58d9ce-ad2b-4fed-a504-f63ffc9d0f1b,agt-1005,cdavis,LT-CDAVIS,aggregator,cdavis,file_copy_count,17,,{},2026-05-25 23:59:00+00,HIGH,,2026-05-25 23:59:00+00
1115,pld-3a58d9ce-ad2b-4fed-a504-f63ffc9d0f1b,agt-1005,cdavis,LT-CDAVIS,aggregator,cdavis,file_write_count,19,,{},2026-05-25 23:59:00+00,HIGH,,2026-05-25 23:59:00+00
1116,pld-3a58d9ce-ad2b-4fed-a504-f63ffc9d0f1b,agt-1005,cdavis,LT-CDAVIS,aggregator,cdavis,file_delete_count,3,,{},2026-05-25 23:59:00+00,HIGH,,2026-05-25 23:59:00+00
1117,pld-3a58d9ce-ad2b-4fed-a504-f63ffc9d0f1b,agt-1005,cdavis,LT-CDAVIS,aggregator,cdavis,file_access_after_hours,6,,{},2026-05-25 23:59:00+00,HIGH,,2026-05-25 23:59:00+00
1118,pld-3a58d9ce-ad2b-4fed-a504-f63ffc9d0f1b,agt-1005,cdavis,LT-CDAVIS,aggregator,cdavis,http_count,570,,{},2026-05-25 23:59:00+00,HIGH,,2026-05-25 23:59:00+00
1119,pld-3a58d9ce-ad2b-4fed-a504-f63ffc9d0f1b,agt-1005,cdavis,LT-CDAVIS,aggregator,cdavis,download_count,1,,{},2026-05-25 23:59:00+00,HIGH,,2026-05-25 23:59:00+00
1120,pld-3a58d9ce-ad2b-4fed-a504-f63ffc9d0f1b,agt-1005,cdavis,LT-CDAVIS,aggregator,cdavis,http_after_hours,1,,{},2026-05-25 23:59:00+00,HIGH,,2026-05-25 23:59:00+00
1121,pld-138b79d8-9d89-4156-9cda-a6ce9e511d16,agt-1006,mscott,LT-MSCOTT,aggregator,mscott,logon_count,1,,{},2026-05-25 23:59:00+00,HIGH,,2026-05-25 23:59:00+00
1122,pld-138b79d8-9d89-4156-9cda-a6ce9e511d16,agt-1006,mscott,LT-MSCOTT,aggregator,mscott,logoff_count,1,,{},2026-05-25 23:59:00+00,HIGH,,2026-05-25 23:59:00+00
1123,pld-138b79d8-9d89-4156-9cda-a6ce9e511d16,agt-1006,mscott,LT-MSCOTT,aggregator,mscott,file_access_count,239,,{},2026-05-25 23:59:00+00,HIGH,,2026-05-25 23:59:00+00
1124,pld-138b79d8-9d89-4156-9cda-a6ce9e511d16,agt-1006,mscott,LT-MSCOTT,aggregator,mscott,file_open_count,170,,{},2026-05-25 23:59:00+00,HIGH,,2026-05-25 23:59:00+00
1125,pld-138b79d8-9d89-4156-9cda-a6ce9e511d16,agt-1006,mscott,LT-MSCOTT,aggregator,mscott,file_copy_count,13,,{},2026-05-25 23:59:00+00,HIGH,,2026-05-25 23:59:00+00
1126,pld-138b79d8-9d89-4156-9cda-a6ce9e511d16,agt-1006,mscott,LT-MSCOTT,aggregator,mscott,file_write_count,20,,{},2026-05-25 23:59:00+00,HIGH,,2026-05-25 23:59:00+00
1127,pld-138b79d8-9d89-4156-9cda-a6ce9e511d16,agt-1006,mscott,LT-MSCOTT,aggregator,mscott,file_delete_count,2,,{},2026-05-25 23:59:00+00,HIGH,,2026-05-25 23:59:00+00
1128,pld-138b79d8-9d89-4156-9cda-a6ce9e511d16,agt-1006,mscott,LT-MSCOTT,aggregator,mscott,file_access_after_hours,2,,{},2026-05-25 23:59:00+00,HIGH,,2026-05-25 23:59:00+00
1129,pld-138b79d8-9d89-4156-9cda-a6ce9e511d16,agt-1006,mscott,LT-MSCOTT,aggregator,mscott,http_count,668,,{},2026-05-25 23:59:00+00,HIGH,,2026-05-25 23:59:00+00
1130,pld-138b79d8-9d89-4156-9cda-a6ce9e511d16,agt-1006,mscott,LT-MSCOTT,aggregator,mscott,download_count,2,,{},2026-05-25 23:59:00+00,HIGH,,2026-05-25 23:59:00+00
1131,pld-138b79d8-9d89-4156-9cda-a6ce9e511d16,agt-1006,mscott,LT-MSCOTT,aggregator,mscott,http_after_hours,17,,{},2026-05-25 23:59:00+00,HIGH,,2026-05-25 23:59:00+00
1132,pld-8d147376-e9da-46b5-8db8-ddd0c0580b5f,agt-1007,tjones,LT-TJONES,aggregator,tjones,logon_count,2,,{},2026-05-25 23:59:00+00,HIGH,,2026-05-25 23:59:00+00
1133,pld-8d147376-e9da-46b5-8db8-ddd0c0580b5f,agt-1007,tjones,LT-TJONES,aggregator,tjones,logoff_count,2,,{},2026-05-25 23:59:00+00,HIGH,,2026-05-25 23:59:00+00
1134,pld-8d147376-e9da-46b5-8db8-ddd0c0580b5f,agt-1007,tjones,LT-TJONES,aggregator,tjones,file_access_count,160,,{},2026-05-25 23:59:00+00,HIGH,,2026-05-25 23:59:00+00
1135,pld-8d147376-e9da-46b5-8db8-ddd0c0580b5f,agt-1007,tjones,LT-TJONES,aggregator,tjones,file_open_count,52,,{},2026-05-25 23:59:00+00,HIGH,,2026-05-25 23:59:00+00
1136,pld-8d147376-e9da-46b5-8db8-ddd0c0580b5f,agt-1007,tjones,LT-TJONES,aggregator,tjones,file_copy_count,20,,{},2026-05-25 23:59:00+00,HIGH,,2026-05-25 23:59:00+00
1137,pld-8d147376-e9da-46b5-8db8-ddd0c0580b5f,agt-1007,tjones,LT-TJONES,aggregator,tjones,file_write_count,38,,{},2026-05-25 23:59:00+00,HIGH,,2026-05-25 23:59:00+00
1138,pld-8d147376-e9da-46b5-8db8-ddd0c0580b5f,agt-1007,tjones,LT-TJONES,aggregator,tjones,file_delete_count,4,,{},2026-05-25 23:59:00+00,HIGH,,2026-05-25 23:59:00+00
1139,pld-8d147376-e9da-46b5-8db8-ddd0c0580b5f,agt-1007,tjones,LT-TJONES,aggregator,tjones,file_access_after_hours,6,,{},2026-05-25 23:59:00+00,HIGH,,2026-05-25 23:59:00+00
1140,pld-8d147376-e9da-46b5-8db8-ddd0c0580b5f,agt-1007,tjones,LT-TJONES,aggregator,tjones,http_count,318,,{},2026-05-25 23:59:00+00,HIGH,,2026-05-25 23:59:00+00
1141,pld-8d147376-e9da-46b5-8db8-ddd0c0580b5f,agt-1007,tjones,LT-TJONES,aggregator,tjones,download_count,4,,{},2026-05-25 23:59:00+00,HIGH,,2026-05-25 23:59:00+00
1142,pld-8d147376-e9da-46b5-8db8-ddd0c0580b5f,agt-1007,tjones,LT-TJONES,aggregator,tjones,http_after_hours,7,,{},2026-05-25 23:59:00+00,HIGH,,2026-05-25 23:59:00+00
1143,pld-e6ed89ad-21a4-482f-880d-ed069c8824c5,agt-1008,rwilson,LT-RWILSON,aggregator,rwilson,logon_count,2,,{},2026-05-25 23:59:00+00,HIGH,,2026-05-25 23:59:00+00
1144,pld-e6ed89ad-21a4-482f-880d-ed069c8824c5,agt-1008,rwilson,LT-RWILSON,aggregator,rwilson,logoff_count,1,,{},2026-05-25 23:59:00+00,HIGH,,2026-05-25 23:59:00+00
1145,pld-e6ed89ad-21a4-482f-880d-ed069c8824c5,agt-1008,rwilson,LT-RWILSON,aggregator,rwilson,file_access_count,154,,{},2026-05-25 23:59:00+00,HIGH,,2026-05-25 23:59:00+00
1146,pld-e6ed89ad-21a4-482f-880d-ed069c8824c5,agt-1008,rwilson,LT-RWILSON,aggregator,rwilson,file_open_count,194,,{},2026-05-25 23:59:00+00,HIGH,,2026-05-25 23:59:00+00
1147,pld-e6ed89ad-21a4-482f-880d-ed069c8824c5,agt-1008,rwilson,LT-RWILSON,aggregator,rwilson,file_copy_count,8,,{},2026-05-25 23:59:00+00,HIGH,,2026-05-25 23:59:00+00
1148,pld-e6ed89ad-21a4-482f-880d-ed069c8824c5,agt-1008,rwilson,LT-RWILSON,aggregator,rwilson,file_write_count,21,,{},2026-05-25 23:59:00+00,HIGH,,2026-05-25 23:59:00+00
1149,pld-e6ed89ad-21a4-482f-880d-ed069c8824c5,agt-1008,rwilson,LT-RWILSON,aggregator,rwilson,file_access_after_hours,5,,{},2026-05-25 23:59:00+00,HIGH,,2026-05-25 23:59:00+00
1150,pld-e6ed89ad-21a4-482f-880d-ed069c8824c5,agt-1008,rwilson,LT-RWILSON,aggregator,rwilson,http_count,520,,{},2026-05-25 23:59:00+00,HIGH,,2026-05-25 23:59:00+00
1151,pld-e6ed89ad-21a4-482f-880d-ed069c8824c5,agt-1008,rwilson,LT-RWILSON,aggregator,rwilson,download_count,2,,{},2026-05-25 23:59:00+00,HIGH,,2026-05-25 23:59:00+00
1152,pld-e6ed89ad-21a4-482f-880d-ed069c8824c5,agt-1008,rwilson,LT-RWILSON,aggregator,rwilson,http_after_hours,1,,{},2026-05-25 23:59:00+00,HIGH,,2026-05-25 23:59:00+00
1153,pld-1a3ca2ec-a2db-44db-8a53-c56248f9b4e1,agt-1009,esnow,LT-ESNOW,aggregator,esnow,logon_count,1,,{},2026-05-25 23:59:00+00,HIGH,,2026-05-25 23:59:00+00
1154,pld-1a3ca2ec-a2db-44db-8a53-c56248f9b4e1,agt-1009,esnow,LT-ESNOW,aggregator,esnow,logoff_count,1,,{},2026-05-25 23:59:00+00,HIGH,,2026-05-25 23:59:00+00
1155,pld-1a3ca2ec-a2db-44db-8a53-c56248f9b4e1,agt-1009,esnow,LT-ESNOW,aggregator,esnow,file_access_count,335,,{},2026-05-25 23:59:00+00,HIGH,,2026-05-25 23:59:00+00
1156,pld-1a3ca2ec-a2db-44db-8a53-c56248f9b4e1,agt-1009,esnow,LT-ESNOW,aggregator,esnow,file_open_count,63,,{},2026-05-25 23:59:00+00,HIGH,,2026-05-25 23:59:00+00
1157,pld-1a3ca2ec-a2db-44db-8a53-c56248f9b4e1,agt-1009,esnow,LT-ESNOW,aggregator,esnow,file_copy_count,13,,{},2026-05-25 23:59:00+00,HIGH,,2026-05-25 23:59:00+00
1158,pld-1a3ca2ec-a2db-44db-8a53-c56248f9b4e1,agt-1009,esnow,LT-ESNOW,aggregator,esnow,file_write_count,35,,{},2026-05-25 23:59:00+00,HIGH,,2026-05-25 23:59:00+00
1159,pld-1a3ca2ec-a2db-44db-8a53-c56248f9b4e1,agt-1009,esnow,LT-ESNOW,aggregator,esnow,file_delete_count,4,,{},2026-05-25 23:59:00+00,HIGH,,2026-05-25 23:59:00+00
1160,pld-1a3ca2ec-a2db-44db-8a53-c56248f9b4e1,agt-1009,esnow,LT-ESNOW,aggregator,esnow,file_access_after_hours,6,,{},2026-05-25 23:59:00+00,HIGH,,2026-05-25 23:59:00+00
1161,pld-1a3ca2ec-a2db-44db-8a53-c56248f9b4e1,agt-1009,esnow,LT-ESNOW,aggregator,esnow,http_count,296,,{},2026-05-25 23:59:00+00,HIGH,,2026-05-25 23:59:00+00
1162,pld-1a3ca2ec-a2db-44db-8a53-c56248f9b4e1,agt-1009,esnow,LT-ESNOW,aggregator,esnow,job_search_site_visits,14,,{},2026-05-25 23:59:00+00,HIGH,,2026-05-25 23:59:00+00
1163,pld-1a3ca2ec-a2db-44db-8a53-c56248f9b4e1,agt-1009,esnow,LT-ESNOW,aggregator,esnow,download_count,2,,{},2026-05-25 23:59:00+00,HIGH,,2026-05-25 23:59:00+00
1164,pld-1a3ca2ec-a2db-44db-8a53-c56248f9b4e1,agt-1009,esnow,LT-ESNOW,aggregator,esnow,http_after_hours,7,,{},2026-05-25 23:59:00+00,HIGH,,2026-05-25 23:59:00+00
1165,pld-93da03f3-72ef-49e2-8775-04b79ab85991,agt-1010,badmin,LT-BADMIN,aggregator,badmin,logon_count,1,,{},2026-05-25 23:59:00+00,HIGH,,2026-05-25 23:59:00+00
1166,pld-93da03f3-72ef-49e2-8775-04b79ab85991,agt-1010,badmin,LT-BADMIN,aggregator,badmin,logoff_count,2,,{},2026-05-25 23:59:00+00,HIGH,,2026-05-25 23:59:00+00
1167,pld-93da03f3-72ef-49e2-8775-04b79ab85991,agt-1010,badmin,LT-BADMIN,aggregator,badmin,file_access_count,356,,{},2026-05-25 23:59:00+00,HIGH,,2026-05-25 23:59:00+00
1168,pld-93da03f3-72ef-49e2-8775-04b79ab85991,agt-1010,badmin,LT-BADMIN,aggregator,badmin,file_open_count,66,,{},2026-05-25 23:59:00+00,HIGH,,2026-05-25 23:59:00+00
1169,pld-93da03f3-72ef-49e2-8775-04b79ab85991,agt-1010,badmin,LT-BADMIN,aggregator,badmin,file_copy_count,8,,{},2026-05-25 23:59:00+00,HIGH,,2026-05-25 23:59:00+00
1170,pld-93da03f3-72ef-49e2-8775-04b79ab85991,agt-1010,badmin,LT-BADMIN,aggregator,badmin,file_write_count,49,,{},2026-05-25 23:59:00+00,HIGH,,2026-05-25 23:59:00+00
1171,pld-93da03f3-72ef-49e2-8775-04b79ab85991,agt-1010,badmin,LT-BADMIN,aggregator,badmin,file_delete_count,4,,{},2026-05-25 23:59:00+00,HIGH,,2026-05-25 23:59:00+00
1172,pld-93da03f3-72ef-49e2-8775-04b79ab85991,agt-1010,badmin,LT-BADMIN,aggregator,badmin,file_access_after_hours,10,,{},2026-05-25 23:59:00+00,HIGH,,2026-05-25 23:59:00+00
1173,pld-93da03f3-72ef-49e2-8775-04b79ab85991,agt-1010,badmin,LT-BADMIN,aggregator,badmin,http_count,483,,{},2026-05-25 23:59:00+00,HIGH,,2026-05-25 23:59:00+00
1174,pld-93da03f3-72ef-49e2-8775-04b79ab85991,agt-1010,badmin,LT-BADMIN,aggregator,badmin,download_count,1,,{},2026-05-25 23:59:00+00,HIGH,,2026-05-25 23:59:00+00
1175,pld-93da03f3-72ef-49e2-8775-04b79ab85991,agt-1010,badmin,LT-BADMIN,aggregator,badmin,http_after_hours,12,,{},2026-05-25 23:59:00+00,HIGH,,2026-05-25 23:59:00+00
1176,pld-aa07c888-f483-49b0-a801-dc596c098a82,agt-1001,jdoe,LT-JDOE,aggregator,jdoe,logon_count,3,,{},2026-05-26 23:59:00+00,HIGH,,2026-05-26 23:59:00+00
1177,pld-aa07c888-f483-49b0-a801-dc596c098a82,agt-1001,jdoe,LT-JDOE,aggregator,jdoe,logoff_count,1,,{},2026-05-26 23:59:00+00,HIGH,,2026-05-26 23:59:00+00
1178,pld-aa07c888-f483-49b0-a801-dc596c098a82,agt-1001,jdoe,LT-JDOE,aggregator,jdoe,after_hours_logon,1,,{},2026-05-26 23:59:00+00,HIGH,,2026-05-26 23:59:00+00
1179,pld-aa07c888-f483-49b0-a801-dc596c098a82,agt-1001,jdoe,LT-JDOE,aggregator,jdoe,file_access_count,101,,{},2026-05-26 23:59:00+00,HIGH,,2026-05-26 23:59:00+00
1180,pld-aa07c888-f483-49b0-a801-dc596c098a82,agt-1001,jdoe,LT-JDOE,aggregator,jdoe,file_open_count,51,,{},2026-05-26 23:59:00+00,HIGH,,2026-05-26 23:59:00+00
1181,pld-aa07c888-f483-49b0-a801-dc596c098a82,agt-1001,jdoe,LT-JDOE,aggregator,jdoe,file_copy_count,6,,{},2026-05-26 23:59:00+00,HIGH,,2026-05-26 23:59:00+00
1182,pld-aa07c888-f483-49b0-a801-dc596c098a82,agt-1001,jdoe,LT-JDOE,aggregator,jdoe,file_write_count,30,,{},2026-05-26 23:59:00+00,HIGH,,2026-05-26 23:59:00+00
1183,pld-aa07c888-f483-49b0-a801-dc596c098a82,agt-1001,jdoe,LT-JDOE,aggregator,jdoe,file_delete_count,4,,{},2026-05-26 23:59:00+00,HIGH,,2026-05-26 23:59:00+00
1184,pld-aa07c888-f483-49b0-a801-dc596c098a82,agt-1001,jdoe,LT-JDOE,aggregator,jdoe,file_access_after_hours,157,,{},2026-05-26 23:59:00+00,HIGH,,2026-05-26 23:59:00+00
1185,pld-aa07c888-f483-49b0-a801-dc596c098a82,agt-1001,jdoe,LT-JDOE,aggregator,jdoe,http_count,924,,{},2026-05-26 23:59:00+00,HIGH,,2026-05-26 23:59:00+00
1186,pld-aa07c888-f483-49b0-a801-dc596c098a82,agt-1001,jdoe,LT-JDOE,aggregator,jdoe,download_count,4,,{},2026-05-26 23:59:00+00,HIGH,,2026-05-26 23:59:00+00
1187,pld-aa07c888-f483-49b0-a801-dc596c098a82,agt-1001,jdoe,LT-JDOE,aggregator,jdoe,http_after_hours,81,,{},2026-05-26 23:59:00+00,HIGH,,2026-05-26 23:59:00+00
1188,pld-ce10ac03-37ae-420d-9730-983e678f498f,agt-1002,asmith,LT-ASMITH,aggregator,asmith,logon_count,1,,{},2026-05-26 23:59:00+00,HIGH,,2026-05-26 23:59:00+00
1189,pld-ce10ac03-37ae-420d-9730-983e678f498f,agt-1002,asmith,LT-ASMITH,aggregator,asmith,logoff_count,1,,{},2026-05-26 23:59:00+00,HIGH,,2026-05-26 23:59:00+00
1190,pld-ce10ac03-37ae-420d-9730-983e678f498f,agt-1002,asmith,LT-ASMITH,aggregator,asmith,file_access_count,277,,{},2026-05-26 23:59:00+00,HIGH,,2026-05-26 23:59:00+00
1191,pld-ce10ac03-37ae-420d-9730-983e678f498f,agt-1002,asmith,LT-ASMITH,aggregator,asmith,file_open_count,95,,{},2026-05-26 23:59:00+00,HIGH,,2026-05-26 23:59:00+00
1192,pld-ce10ac03-37ae-420d-9730-983e678f498f,agt-1002,asmith,LT-ASMITH,aggregator,asmith,file_copy_count,14,,{},2026-05-26 23:59:00+00,HIGH,,2026-05-26 23:59:00+00
1193,pld-ce10ac03-37ae-420d-9730-983e678f498f,agt-1002,asmith,LT-ASMITH,aggregator,asmith,file_write_count,17,,{},2026-05-26 23:59:00+00,HIGH,,2026-05-26 23:59:00+00
1194,pld-ce10ac03-37ae-420d-9730-983e678f498f,agt-1002,asmith,LT-ASMITH,aggregator,asmith,file_delete_count,2,,{},2026-05-26 23:59:00+00,HIGH,,2026-05-26 23:59:00+00
1195,pld-ce10ac03-37ae-420d-9730-983e678f498f,agt-1002,asmith,LT-ASMITH,aggregator,asmith,file_access_after_hours,2,,{},2026-05-26 23:59:00+00,HIGH,,2026-05-26 23:59:00+00
1196,pld-ce10ac03-37ae-420d-9730-983e678f498f,agt-1002,asmith,LT-ASMITH,aggregator,asmith,http_count,581,,{},2026-05-26 23:59:00+00,HIGH,,2026-05-26 23:59:00+00
1197,pld-ce10ac03-37ae-420d-9730-983e678f498f,agt-1002,asmith,LT-ASMITH,aggregator,asmith,download_count,1,,{},2026-05-26 23:59:00+00,HIGH,,2026-05-26 23:59:00+00
1198,pld-ce10ac03-37ae-420d-9730-983e678f498f,agt-1002,asmith,LT-ASMITH,aggregator,asmith,http_after_hours,13,,{},2026-05-26 23:59:00+00,HIGH,,2026-05-26 23:59:00+00
1199,pld-47463e09-a009-46e6-a269-17c1c6bd85e3,agt-1003,mjones,LT-MJONES,aggregator,mjones,logon_count,2,,{},2026-05-26 23:59:00+00,HIGH,,2026-05-26 23:59:00+00
1200,pld-47463e09-a009-46e6-a269-17c1c6bd85e3,agt-1003,mjones,LT-MJONES,aggregator,mjones,logoff_count,1,,{},2026-05-26 23:59:00+00,HIGH,,2026-05-26 23:59:00+00
1201,pld-47463e09-a009-46e6-a269-17c1c6bd85e3,agt-1003,mjones,LT-MJONES,aggregator,mjones,file_access_count,464,,{},2026-05-26 23:59:00+00,HIGH,,2026-05-26 23:59:00+00
1202,pld-47463e09-a009-46e6-a269-17c1c6bd85e3,agt-1003,mjones,LT-MJONES,aggregator,mjones,file_open_count,172,,{},2026-05-26 23:59:00+00,HIGH,,2026-05-26 23:59:00+00
1203,pld-47463e09-a009-46e6-a269-17c1c6bd85e3,agt-1003,mjones,LT-MJONES,aggregator,mjones,file_copy_count,15,,{},2026-05-26 23:59:00+00,HIGH,,2026-05-26 23:59:00+00
1204,pld-47463e09-a009-46e6-a269-17c1c6bd85e3,agt-1003,mjones,LT-MJONES,aggregator,mjones,file_write_count,41,,{},2026-05-26 23:59:00+00,HIGH,,2026-05-26 23:59:00+00
1205,pld-47463e09-a009-46e6-a269-17c1c6bd85e3,agt-1003,mjones,LT-MJONES,aggregator,mjones,file_access_after_hours,1,,{},2026-05-26 23:59:00+00,HIGH,,2026-05-26 23:59:00+00
1206,pld-47463e09-a009-46e6-a269-17c1c6bd85e3,agt-1003,mjones,LT-MJONES,aggregator,mjones,http_count,229,,{},2026-05-26 23:59:00+00,HIGH,,2026-05-26 23:59:00+00
1207,pld-47463e09-a009-46e6-a269-17c1c6bd85e3,agt-1003,mjones,LT-MJONES,aggregator,mjones,download_count,2,,{},2026-05-26 23:59:00+00,HIGH,,2026-05-26 23:59:00+00
1208,pld-47463e09-a009-46e6-a269-17c1c6bd85e3,agt-1003,mjones,LT-MJONES,aggregator,mjones,http_after_hours,4,,{},2026-05-26 23:59:00+00,HIGH,,2026-05-26 23:59:00+00
1209,pld-d5f9a931-fed1-463f-8d68-27f26619c3a0,agt-1004,bwilliams,LT-BWILLIAMS,aggregator,bwilliams,logon_count,1,,{},2026-05-26 23:59:00+00,HIGH,,2026-05-26 23:59:00+00
1210,pld-d5f9a931-fed1-463f-8d68-27f26619c3a0,agt-1004,bwilliams,LT-BWILLIAMS,aggregator,bwilliams,logoff_count,1,,{},2026-05-26 23:59:00+00,HIGH,,2026-05-26 23:59:00+00
1211,pld-d5f9a931-fed1-463f-8d68-27f26619c3a0,agt-1004,bwilliams,LT-BWILLIAMS,aggregator,bwilliams,after_hours_logon,1,,{},2026-05-26 23:59:00+00,HIGH,,2026-05-26 23:59:00+00
1212,pld-d5f9a931-fed1-463f-8d68-27f26619c3a0,agt-1004,bwilliams,LT-BWILLIAMS,aggregator,bwilliams,file_access_count,460,,{},2026-05-26 23:59:00+00,HIGH,,2026-05-26 23:59:00+00
1213,pld-d5f9a931-fed1-463f-8d68-27f26619c3a0,agt-1004,bwilliams,LT-BWILLIAMS,aggregator,bwilliams,file_open_count,117,,{},2026-05-26 23:59:00+00,HIGH,,2026-05-26 23:59:00+00
1214,pld-d5f9a931-fed1-463f-8d68-27f26619c3a0,agt-1004,bwilliams,LT-BWILLIAMS,aggregator,bwilliams,file_copy_count,15,,{},2026-05-26 23:59:00+00,HIGH,,2026-05-26 23:59:00+00
1215,pld-d5f9a931-fed1-463f-8d68-27f26619c3a0,agt-1004,bwilliams,LT-BWILLIAMS,aggregator,bwilliams,file_write_count,49,,{},2026-05-26 23:59:00+00,HIGH,,2026-05-26 23:59:00+00
1216,pld-d5f9a931-fed1-463f-8d68-27f26619c3a0,agt-1004,bwilliams,LT-BWILLIAMS,aggregator,bwilliams,file_access_after_hours,79,,{},2026-05-26 23:59:00+00,HIGH,,2026-05-26 23:59:00+00
1217,pld-d5f9a931-fed1-463f-8d68-27f26619c3a0,agt-1004,bwilliams,LT-BWILLIAMS,aggregator,bwilliams,http_count,759,,{},2026-05-26 23:59:00+00,HIGH,,2026-05-26 23:59:00+00
1218,pld-d5f9a931-fed1-463f-8d68-27f26619c3a0,agt-1004,bwilliams,LT-BWILLIAMS,aggregator,bwilliams,download_count,1,,{},2026-05-26 23:59:00+00,HIGH,,2026-05-26 23:59:00+00
1219,pld-d5f9a931-fed1-463f-8d68-27f26619c3a0,agt-1004,bwilliams,LT-BWILLIAMS,aggregator,bwilliams,http_after_hours,75,,{},2026-05-26 23:59:00+00,HIGH,,2026-05-26 23:59:00+00
1220,pld-88c1e9fe-9f5c-458c-9207-08bc4761ab35,agt-1005,cdavis,LT-CDAVIS,aggregator,cdavis,logon_count,1,,{},2026-05-26 23:59:00+00,HIGH,,2026-05-26 23:59:00+00
1221,pld-88c1e9fe-9f5c-458c-9207-08bc4761ab35,agt-1005,cdavis,LT-CDAVIS,aggregator,cdavis,logoff_count,1,,{},2026-05-26 23:59:00+00,HIGH,,2026-05-26 23:59:00+00
1222,pld-88c1e9fe-9f5c-458c-9207-08bc4761ab35,agt-1005,cdavis,LT-CDAVIS,aggregator,cdavis,file_access_count,275,,{},2026-05-26 23:59:00+00,HIGH,,2026-05-26 23:59:00+00
1223,pld-88c1e9fe-9f5c-458c-9207-08bc4761ab35,agt-1005,cdavis,LT-CDAVIS,aggregator,cdavis,file_open_count,131,,{},2026-05-26 23:59:00+00,HIGH,,2026-05-26 23:59:00+00
1224,pld-88c1e9fe-9f5c-458c-9207-08bc4761ab35,agt-1005,cdavis,LT-CDAVIS,aggregator,cdavis,file_copy_count,5,,{},2026-05-26 23:59:00+00,HIGH,,2026-05-26 23:59:00+00
1225,pld-88c1e9fe-9f5c-458c-9207-08bc4761ab35,agt-1005,cdavis,LT-CDAVIS,aggregator,cdavis,file_write_count,13,,{},2026-05-26 23:59:00+00,HIGH,,2026-05-26 23:59:00+00
1226,pld-88c1e9fe-9f5c-458c-9207-08bc4761ab35,agt-1005,cdavis,LT-CDAVIS,aggregator,cdavis,http_count,977,,{},2026-05-26 23:59:00+00,HIGH,,2026-05-26 23:59:00+00
1227,pld-88c1e9fe-9f5c-458c-9207-08bc4761ab35,agt-1005,cdavis,LT-CDAVIS,aggregator,cdavis,download_count,4,,{},2026-05-26 23:59:00+00,HIGH,,2026-05-26 23:59:00+00
1228,pld-88c1e9fe-9f5c-458c-9207-08bc4761ab35,agt-1005,cdavis,LT-CDAVIS,aggregator,cdavis,http_after_hours,4,,{},2026-05-26 23:59:00+00,HIGH,,2026-05-26 23:59:00+00
1229,pld-446f3b06-1826-4baa-925e-5d8702c0dbcb,agt-1006,mscott,LT-MSCOTT,aggregator,mscott,logon_count,3,,{},2026-05-26 23:59:00+00,HIGH,,2026-05-26 23:59:00+00
1230,pld-446f3b06-1826-4baa-925e-5d8702c0dbcb,agt-1006,mscott,LT-MSCOTT,aggregator,mscott,logoff_count,3,,{},2026-05-26 23:59:00+00,HIGH,,2026-05-26 23:59:00+00
1231,pld-446f3b06-1826-4baa-925e-5d8702c0dbcb,agt-1006,mscott,LT-MSCOTT,aggregator,mscott,file_access_count,109,,{},2026-05-26 23:59:00+00,HIGH,,2026-05-26 23:59:00+00
1232,pld-446f3b06-1826-4baa-925e-5d8702c0dbcb,agt-1006,mscott,LT-MSCOTT,aggregator,mscott,file_open_count,161,,{},2026-05-26 23:59:00+00,HIGH,,2026-05-26 23:59:00+00
1233,pld-446f3b06-1826-4baa-925e-5d8702c0dbcb,agt-1006,mscott,LT-MSCOTT,aggregator,mscott,file_copy_count,19,,{},2026-05-26 23:59:00+00,HIGH,,2026-05-26 23:59:00+00
1234,pld-446f3b06-1826-4baa-925e-5d8702c0dbcb,agt-1006,mscott,LT-MSCOTT,aggregator,mscott,file_write_count,12,,{},2026-05-26 23:59:00+00,HIGH,,2026-05-26 23:59:00+00
1235,pld-446f3b06-1826-4baa-925e-5d8702c0dbcb,agt-1006,mscott,LT-MSCOTT,aggregator,mscott,file_access_after_hours,9,,{},2026-05-26 23:59:00+00,HIGH,,2026-05-26 23:59:00+00
1236,pld-446f3b06-1826-4baa-925e-5d8702c0dbcb,agt-1006,mscott,LT-MSCOTT,aggregator,mscott,http_count,866,,{},2026-05-26 23:59:00+00,HIGH,,2026-05-26 23:59:00+00
1237,pld-446f3b06-1826-4baa-925e-5d8702c0dbcb,agt-1006,mscott,LT-MSCOTT,aggregator,mscott,download_count,4,,{},2026-05-26 23:59:00+00,HIGH,,2026-05-26 23:59:00+00
1238,pld-446f3b06-1826-4baa-925e-5d8702c0dbcb,agt-1006,mscott,LT-MSCOTT,aggregator,mscott,http_after_hours,17,,{},2026-05-26 23:59:00+00,HIGH,,2026-05-26 23:59:00+00
1239,pld-2306b472-101f-475e-ba47-5396bacbc3b5,agt-1007,tjones,LT-TJONES,aggregator,tjones,logon_count,3,,{},2026-05-26 23:59:00+00,HIGH,,2026-05-26 23:59:00+00
1240,pld-2306b472-101f-475e-ba47-5396bacbc3b5,agt-1007,tjones,LT-TJONES,aggregator,tjones,logoff_count,3,,{},2026-05-26 23:59:00+00,HIGH,,2026-05-26 23:59:00+00
1241,pld-2306b472-101f-475e-ba47-5396bacbc3b5,agt-1007,tjones,LT-TJONES,aggregator,tjones,file_access_count,189,,{},2026-05-26 23:59:00+00,HIGH,,2026-05-26 23:59:00+00
1242,pld-2306b472-101f-475e-ba47-5396bacbc3b5,agt-1007,tjones,LT-TJONES,aggregator,tjones,file_open_count,79,,{},2026-05-26 23:59:00+00,HIGH,,2026-05-26 23:59:00+00
1243,pld-2306b472-101f-475e-ba47-5396bacbc3b5,agt-1007,tjones,LT-TJONES,aggregator,tjones,file_copy_count,17,,{},2026-05-26 23:59:00+00,HIGH,,2026-05-26 23:59:00+00
1244,pld-2306b472-101f-475e-ba47-5396bacbc3b5,agt-1007,tjones,LT-TJONES,aggregator,tjones,file_write_count,50,,{},2026-05-26 23:59:00+00,HIGH,,2026-05-26 23:59:00+00
1245,pld-2306b472-101f-475e-ba47-5396bacbc3b5,agt-1007,tjones,LT-TJONES,aggregator,tjones,file_access_after_hours,5,,{},2026-05-26 23:59:00+00,HIGH,,2026-05-26 23:59:00+00
1246,pld-2306b472-101f-475e-ba47-5396bacbc3b5,agt-1007,tjones,LT-TJONES,aggregator,tjones,http_count,524,,{},2026-05-26 23:59:00+00,HIGH,,2026-05-26 23:59:00+00
1247,pld-2306b472-101f-475e-ba47-5396bacbc3b5,agt-1007,tjones,LT-TJONES,aggregator,tjones,download_count,3,,{},2026-05-26 23:59:00+00,HIGH,,2026-05-26 23:59:00+00
1248,pld-2306b472-101f-475e-ba47-5396bacbc3b5,agt-1007,tjones,LT-TJONES,aggregator,tjones,http_after_hours,18,,{},2026-05-26 23:59:00+00,HIGH,,2026-05-26 23:59:00+00
1249,pld-fbd5b640-21e5-48f3-945b-91922c414f96,agt-1008,rwilson,LT-RWILSON,aggregator,rwilson,logon_count,3,,{},2026-05-26 23:59:00+00,HIGH,,2026-05-26 23:59:00+00
1250,pld-fbd5b640-21e5-48f3-945b-91922c414f96,agt-1008,rwilson,LT-RWILSON,aggregator,rwilson,logoff_count,1,,{},2026-05-26 23:59:00+00,HIGH,,2026-05-26 23:59:00+00
1251,pld-fbd5b640-21e5-48f3-945b-91922c414f96,agt-1008,rwilson,LT-RWILSON,aggregator,rwilson,file_access_count,110,,{},2026-05-26 23:59:00+00,HIGH,,2026-05-26 23:59:00+00
1252,pld-fbd5b640-21e5-48f3-945b-91922c414f96,agt-1008,rwilson,LT-RWILSON,aggregator,rwilson,file_open_count,66,,{},2026-05-26 23:59:00+00,HIGH,,2026-05-26 23:59:00+00
1253,pld-fbd5b640-21e5-48f3-945b-91922c414f96,agt-1008,rwilson,LT-RWILSON,aggregator,rwilson,file_copy_count,15,,{},2026-05-26 23:59:00+00,HIGH,,2026-05-26 23:59:00+00
1254,pld-fbd5b640-21e5-48f3-945b-91922c414f96,agt-1008,rwilson,LT-RWILSON,aggregator,rwilson,file_write_count,21,,{},2026-05-26 23:59:00+00,HIGH,,2026-05-26 23:59:00+00
1255,pld-fbd5b640-21e5-48f3-945b-91922c414f96,agt-1008,rwilson,LT-RWILSON,aggregator,rwilson,file_delete_count,1,,{},2026-05-26 23:59:00+00,HIGH,,2026-05-26 23:59:00+00
1256,pld-fbd5b640-21e5-48f3-945b-91922c414f96,agt-1008,rwilson,LT-RWILSON,aggregator,rwilson,file_access_after_hours,5,,{},2026-05-26 23:59:00+00,HIGH,,2026-05-26 23:59:00+00
1257,pld-fbd5b640-21e5-48f3-945b-91922c414f96,agt-1008,rwilson,LT-RWILSON,aggregator,rwilson,http_count,704,,{},2026-05-26 23:59:00+00,HIGH,,2026-05-26 23:59:00+00
1258,pld-fbd5b640-21e5-48f3-945b-91922c414f96,agt-1008,rwilson,LT-RWILSON,aggregator,rwilson,download_count,3,,{},2026-05-26 23:59:00+00,HIGH,,2026-05-26 23:59:00+00
1259,pld-fbd5b640-21e5-48f3-945b-91922c414f96,agt-1008,rwilson,LT-RWILSON,aggregator,rwilson,http_after_hours,4,,{},2026-05-26 23:59:00+00,HIGH,,2026-05-26 23:59:00+00
1260,pld-811336fe-44e9-4e15-a052-5b75ce1a1586,agt-1009,esnow,LT-ESNOW,aggregator,esnow,logon_count,3,,{},2026-05-26 23:59:00+00,HIGH,,2026-05-26 23:59:00+00
1261,pld-811336fe-44e9-4e15-a052-5b75ce1a1586,agt-1009,esnow,LT-ESNOW,aggregator,esnow,logoff_count,1,,{},2026-05-26 23:59:00+00,HIGH,,2026-05-26 23:59:00+00
1262,pld-811336fe-44e9-4e15-a052-5b75ce1a1586,agt-1009,esnow,LT-ESNOW,aggregator,esnow,file_access_count,209,,{},2026-05-26 23:59:00+00,HIGH,,2026-05-26 23:59:00+00
1263,pld-811336fe-44e9-4e15-a052-5b75ce1a1586,agt-1009,esnow,LT-ESNOW,aggregator,esnow,file_open_count,75,,{},2026-05-26 23:59:00+00,HIGH,,2026-05-26 23:59:00+00
1264,pld-811336fe-44e9-4e15-a052-5b75ce1a1586,agt-1009,esnow,LT-ESNOW,aggregator,esnow,file_copy_count,7,,{},2026-05-26 23:59:00+00,HIGH,,2026-05-26 23:59:00+00
1265,pld-811336fe-44e9-4e15-a052-5b75ce1a1586,agt-1009,esnow,LT-ESNOW,aggregator,esnow,file_write_count,40,,{},2026-05-26 23:59:00+00,HIGH,,2026-05-26 23:59:00+00
1266,pld-811336fe-44e9-4e15-a052-5b75ce1a1586,agt-1009,esnow,LT-ESNOW,aggregator,esnow,file_delete_count,3,,{},2026-05-26 23:59:00+00,HIGH,,2026-05-26 23:59:00+00
1267,pld-811336fe-44e9-4e15-a052-5b75ce1a1586,agt-1009,esnow,LT-ESNOW,aggregator,esnow,file_access_after_hours,1,,{},2026-05-26 23:59:00+00,HIGH,,2026-05-26 23:59:00+00
1268,pld-811336fe-44e9-4e15-a052-5b75ce1a1586,agt-1009,esnow,LT-ESNOW,aggregator,esnow,http_count,467,,{},2026-05-26 23:59:00+00,HIGH,,2026-05-26 23:59:00+00
1269,pld-811336fe-44e9-4e15-a052-5b75ce1a1586,agt-1009,esnow,LT-ESNOW,aggregator,esnow,job_search_site_visits,8,,{},2026-05-26 23:59:00+00,HIGH,,2026-05-26 23:59:00+00
1270,pld-811336fe-44e9-4e15-a052-5b75ce1a1586,agt-1009,esnow,LT-ESNOW,aggregator,esnow,download_count,1,,{},2026-05-26 23:59:00+00,HIGH,,2026-05-26 23:59:00+00
1271,pld-811336fe-44e9-4e15-a052-5b75ce1a1586,agt-1009,esnow,LT-ESNOW,aggregator,esnow,http_after_hours,18,,{},2026-05-26 23:59:00+00,HIGH,,2026-05-26 23:59:00+00
1272,pld-7045d858-9a43-4a2c-9367-704802e7d99a,agt-1010,badmin,LT-BADMIN,aggregator,badmin,logon_count,1,,{},2026-05-26 23:59:00+00,HIGH,,2026-05-26 23:59:00+00
1273,pld-7045d858-9a43-4a2c-9367-704802e7d99a,agt-1010,badmin,LT-BADMIN,aggregator,badmin,logoff_count,3,,{},2026-05-26 23:59:00+00,HIGH,,2026-05-26 23:59:00+00
1274,pld-7045d858-9a43-4a2c-9367-704802e7d99a,agt-1010,badmin,LT-BADMIN,aggregator,badmin,file_access_count,412,,{},2026-05-26 23:59:00+00,HIGH,,2026-05-26 23:59:00+00
1275,pld-7045d858-9a43-4a2c-9367-704802e7d99a,agt-1010,badmin,LT-BADMIN,aggregator,badmin,file_open_count,189,,{},2026-05-26 23:59:00+00,HIGH,,2026-05-26 23:59:00+00
1276,pld-7045d858-9a43-4a2c-9367-704802e7d99a,agt-1010,badmin,LT-BADMIN,aggregator,badmin,file_copy_count,17,,{},2026-05-26 23:59:00+00,HIGH,,2026-05-26 23:59:00+00
1277,pld-7045d858-9a43-4a2c-9367-704802e7d99a,agt-1010,badmin,LT-BADMIN,aggregator,badmin,file_write_count,21,,{},2026-05-26 23:59:00+00,HIGH,,2026-05-26 23:59:00+00
1278,pld-7045d858-9a43-4a2c-9367-704802e7d99a,agt-1010,badmin,LT-BADMIN,aggregator,badmin,file_delete_count,5,,{},2026-05-26 23:59:00+00,HIGH,,2026-05-26 23:59:00+00
1279,pld-7045d858-9a43-4a2c-9367-704802e7d99a,agt-1010,badmin,LT-BADMIN,aggregator,badmin,file_access_after_hours,4,,{},2026-05-26 23:59:00+00,HIGH,,2026-05-26 23:59:00+00
1280,pld-7045d858-9a43-4a2c-9367-704802e7d99a,agt-1010,badmin,LT-BADMIN,aggregator,badmin,http_count,447,,{},2026-05-26 23:59:00+00,HIGH,,2026-05-26 23:59:00+00
1281,pld-7045d858-9a43-4a2c-9367-704802e7d99a,agt-1010,badmin,LT-BADMIN,aggregator,badmin,download_count,3,,{},2026-05-26 23:59:00+00,HIGH,,2026-05-26 23:59:00+00
1282,pld-7045d858-9a43-4a2c-9367-704802e7d99a,agt-1010,badmin,LT-BADMIN,aggregator,badmin,http_after_hours,14,,{},2026-05-26 23:59:00+00,HIGH,,2026-05-26 23:59:00+00
1283,pld-f6e4323b-ccfe-4422-9cd5-43da1a5dc1dc,agt-1001,jdoe,LT-JDOE,aggregator,jdoe,logon_count,1,,{},2026-05-27 23:59:00+00,HIGH,,2026-05-27 23:59:00+00
1284,pld-f6e4323b-ccfe-4422-9cd5-43da1a5dc1dc,agt-1001,jdoe,LT-JDOE,aggregator,jdoe,logoff_count,1,,{},2026-05-27 23:59:00+00,HIGH,,2026-05-27 23:59:00+00
1285,pld-f6e4323b-ccfe-4422-9cd5-43da1a5dc1dc,agt-1001,jdoe,LT-JDOE,aggregator,jdoe,file_access_count,368,,{},2026-05-27 23:59:00+00,HIGH,,2026-05-27 23:59:00+00
1286,pld-f6e4323b-ccfe-4422-9cd5-43da1a5dc1dc,agt-1001,jdoe,LT-JDOE,aggregator,jdoe,file_open_count,143,,{},2026-05-27 23:59:00+00,HIGH,,2026-05-27 23:59:00+00
1287,pld-f6e4323b-ccfe-4422-9cd5-43da1a5dc1dc,agt-1001,jdoe,LT-JDOE,aggregator,jdoe,file_copy_count,9,,{},2026-05-27 23:59:00+00,HIGH,,2026-05-27 23:59:00+00
1288,pld-f6e4323b-ccfe-4422-9cd5-43da1a5dc1dc,agt-1001,jdoe,LT-JDOE,aggregator,jdoe,file_write_count,22,,{},2026-05-27 23:59:00+00,HIGH,,2026-05-27 23:59:00+00
1289,pld-f6e4323b-ccfe-4422-9cd5-43da1a5dc1dc,agt-1001,jdoe,LT-JDOE,aggregator,jdoe,file_delete_count,2,,{},2026-05-27 23:59:00+00,HIGH,,2026-05-27 23:59:00+00
1290,pld-f6e4323b-ccfe-4422-9cd5-43da1a5dc1dc,agt-1001,jdoe,LT-JDOE,aggregator,jdoe,file_access_after_hours,2,,{},2026-05-27 23:59:00+00,HIGH,,2026-05-27 23:59:00+00
1291,pld-f6e4323b-ccfe-4422-9cd5-43da1a5dc1dc,agt-1001,jdoe,LT-JDOE,aggregator,jdoe,http_count,306,,{},2026-05-27 23:59:00+00,HIGH,,2026-05-27 23:59:00+00
1292,pld-f6e4323b-ccfe-4422-9cd5-43da1a5dc1dc,agt-1001,jdoe,LT-JDOE,aggregator,jdoe,download_count,1,,{},2026-05-27 23:59:00+00,HIGH,,2026-05-27 23:59:00+00
1293,pld-f6e4323b-ccfe-4422-9cd5-43da1a5dc1dc,agt-1001,jdoe,LT-JDOE,aggregator,jdoe,http_after_hours,16,,{},2026-05-27 23:59:00+00,HIGH,,2026-05-27 23:59:00+00
1294,pld-34c80112-1c8c-4108-9a28-525de2a0834c,agt-1002,asmith,LT-ASMITH,aggregator,asmith,logon_count,1,,{},2026-05-27 23:59:00+00,HIGH,,2026-05-27 23:59:00+00
1295,pld-34c80112-1c8c-4108-9a28-525de2a0834c,agt-1002,asmith,LT-ASMITH,aggregator,asmith,logoff_count,1,,{},2026-05-27 23:59:00+00,HIGH,,2026-05-27 23:59:00+00
1296,pld-34c80112-1c8c-4108-9a28-525de2a0834c,agt-1002,asmith,LT-ASMITH,aggregator,asmith,file_access_count,410,,{},2026-05-27 23:59:00+00,HIGH,,2026-05-27 23:59:00+00
1297,pld-34c80112-1c8c-4108-9a28-525de2a0834c,agt-1002,asmith,LT-ASMITH,aggregator,asmith,file_open_count,88,,{},2026-05-27 23:59:00+00,HIGH,,2026-05-27 23:59:00+00
1298,pld-34c80112-1c8c-4108-9a28-525de2a0834c,agt-1002,asmith,LT-ASMITH,aggregator,asmith,file_copy_count,5,,{},2026-05-27 23:59:00+00,HIGH,,2026-05-27 23:59:00+00
1299,pld-34c80112-1c8c-4108-9a28-525de2a0834c,agt-1002,asmith,LT-ASMITH,aggregator,asmith,file_write_count,47,,{},2026-05-27 23:59:00+00,HIGH,,2026-05-27 23:59:00+00
1300,pld-34c80112-1c8c-4108-9a28-525de2a0834c,agt-1002,asmith,LT-ASMITH,aggregator,asmith,file_delete_count,4,,{},2026-05-27 23:59:00+00,HIGH,,2026-05-27 23:59:00+00
1301,pld-34c80112-1c8c-4108-9a28-525de2a0834c,agt-1002,asmith,LT-ASMITH,aggregator,asmith,http_count,866,,{},2026-05-27 23:59:00+00,HIGH,,2026-05-27 23:59:00+00
1302,pld-34c80112-1c8c-4108-9a28-525de2a0834c,agt-1002,asmith,LT-ASMITH,aggregator,asmith,download_count,2,,{},2026-05-27 23:59:00+00,HIGH,,2026-05-27 23:59:00+00
1303,pld-34c80112-1c8c-4108-9a28-525de2a0834c,agt-1002,asmith,LT-ASMITH,aggregator,asmith,http_after_hours,5,,{},2026-05-27 23:59:00+00,HIGH,,2026-05-27 23:59:00+00
1304,pld-5cf6b732-fdf0-4e5b-a819-e029408df444,agt-1003,mjones,LT-MJONES,aggregator,mjones,logon_count,2,,{},2026-05-27 23:59:00+00,HIGH,,2026-05-27 23:59:00+00
1305,pld-5cf6b732-fdf0-4e5b-a819-e029408df444,agt-1003,mjones,LT-MJONES,aggregator,mjones,logoff_count,1,,{},2026-05-27 23:59:00+00,HIGH,,2026-05-27 23:59:00+00
1306,pld-5cf6b732-fdf0-4e5b-a819-e029408df444,agt-1003,mjones,LT-MJONES,aggregator,mjones,file_access_count,386,,{},2026-05-27 23:59:00+00,HIGH,,2026-05-27 23:59:00+00
1307,pld-5cf6b732-fdf0-4e5b-a819-e029408df444,agt-1003,mjones,LT-MJONES,aggregator,mjones,file_open_count,182,,{},2026-05-27 23:59:00+00,HIGH,,2026-05-27 23:59:00+00
1308,pld-5cf6b732-fdf0-4e5b-a819-e029408df444,agt-1003,mjones,LT-MJONES,aggregator,mjones,file_copy_count,15,,{},2026-05-27 23:59:00+00,HIGH,,2026-05-27 23:59:00+00
1309,pld-5cf6b732-fdf0-4e5b-a819-e029408df444,agt-1003,mjones,LT-MJONES,aggregator,mjones,file_write_count,12,,{},2026-05-27 23:59:00+00,HIGH,,2026-05-27 23:59:00+00
1310,pld-5cf6b732-fdf0-4e5b-a819-e029408df444,agt-1003,mjones,LT-MJONES,aggregator,mjones,file_delete_count,4,,{},2026-05-27 23:59:00+00,HIGH,,2026-05-27 23:59:00+00
1311,pld-5cf6b732-fdf0-4e5b-a819-e029408df444,agt-1003,mjones,LT-MJONES,aggregator,mjones,file_access_after_hours,2,,{},2026-05-27 23:59:00+00,HIGH,,2026-05-27 23:59:00+00
1312,pld-5cf6b732-fdf0-4e5b-a819-e029408df444,agt-1003,mjones,LT-MJONES,aggregator,mjones,http_count,357,,{},2026-05-27 23:59:00+00,HIGH,,2026-05-27 23:59:00+00
1313,pld-5cf6b732-fdf0-4e5b-a819-e029408df444,agt-1003,mjones,LT-MJONES,aggregator,mjones,download_count,1,,{},2026-05-27 23:59:00+00,HIGH,,2026-05-27 23:59:00+00
1314,pld-5cf6b732-fdf0-4e5b-a819-e029408df444,agt-1003,mjones,LT-MJONES,aggregator,mjones,http_after_hours,16,,{},2026-05-27 23:59:00+00,HIGH,,2026-05-27 23:59:00+00
1315,pld-f2b74a2a-252d-42f4-8a89-262d4ee09b8a,agt-1004,bwilliams,LT-BWILLIAMS,aggregator,bwilliams,logon_count,3,,{},2026-05-27 23:59:00+00,HIGH,,2026-05-27 23:59:00+00
1316,pld-f2b74a2a-252d-42f4-8a89-262d4ee09b8a,agt-1004,bwilliams,LT-BWILLIAMS,aggregator,bwilliams,logoff_count,3,,{},2026-05-27 23:59:00+00,HIGH,,2026-05-27 23:59:00+00
1317,pld-f2b74a2a-252d-42f4-8a89-262d4ee09b8a,agt-1004,bwilliams,LT-BWILLIAMS,aggregator,bwilliams,file_access_count,260,,{},2026-05-27 23:59:00+00,HIGH,,2026-05-27 23:59:00+00
1318,pld-f2b74a2a-252d-42f4-8a89-262d4ee09b8a,agt-1004,bwilliams,LT-BWILLIAMS,aggregator,bwilliams,file_open_count,101,,{},2026-05-27 23:59:00+00,HIGH,,2026-05-27 23:59:00+00
1319,pld-f2b74a2a-252d-42f4-8a89-262d4ee09b8a,agt-1004,bwilliams,LT-BWILLIAMS,aggregator,bwilliams,file_copy_count,11,,{},2026-05-27 23:59:00+00,HIGH,,2026-05-27 23:59:00+00
1320,pld-f2b74a2a-252d-42f4-8a89-262d4ee09b8a,agt-1004,bwilliams,LT-BWILLIAMS,aggregator,bwilliams,file_write_count,42,,{},2026-05-27 23:59:00+00,HIGH,,2026-05-27 23:59:00+00
1321,pld-f2b74a2a-252d-42f4-8a89-262d4ee09b8a,agt-1004,bwilliams,LT-BWILLIAMS,aggregator,bwilliams,file_delete_count,5,,{},2026-05-27 23:59:00+00,HIGH,,2026-05-27 23:59:00+00
1322,pld-f2b74a2a-252d-42f4-8a89-262d4ee09b8a,agt-1004,bwilliams,LT-BWILLIAMS,aggregator,bwilliams,file_access_after_hours,6,,{},2026-05-27 23:59:00+00,HIGH,,2026-05-27 23:59:00+00
1323,pld-f2b74a2a-252d-42f4-8a89-262d4ee09b8a,agt-1004,bwilliams,LT-BWILLIAMS,aggregator,bwilliams,http_count,496,,{},2026-05-27 23:59:00+00,HIGH,,2026-05-27 23:59:00+00
1324,pld-f2b74a2a-252d-42f4-8a89-262d4ee09b8a,agt-1004,bwilliams,LT-BWILLIAMS,aggregator,bwilliams,download_count,3,,{},2026-05-27 23:59:00+00,HIGH,,2026-05-27 23:59:00+00
1325,pld-f2b74a2a-252d-42f4-8a89-262d4ee09b8a,agt-1004,bwilliams,LT-BWILLIAMS,aggregator,bwilliams,http_after_hours,13,,{},2026-05-27 23:59:00+00,HIGH,,2026-05-27 23:59:00+00
1326,pld-2269b41e-cbcf-4e22-bf85-c793f3e7053f,agt-1005,cdavis,LT-CDAVIS,aggregator,cdavis,logon_count,2,,{},2026-05-27 23:59:00+00,HIGH,,2026-05-27 23:59:00+00
1327,pld-2269b41e-cbcf-4e22-bf85-c793f3e7053f,agt-1005,cdavis,LT-CDAVIS,aggregator,cdavis,logoff_count,3,,{},2026-05-27 23:59:00+00,HIGH,,2026-05-27 23:59:00+00
1328,pld-2269b41e-cbcf-4e22-bf85-c793f3e7053f,agt-1005,cdavis,LT-CDAVIS,aggregator,cdavis,file_access_count,442,,{},2026-05-27 23:59:00+00,HIGH,,2026-05-27 23:59:00+00
1329,pld-2269b41e-cbcf-4e22-bf85-c793f3e7053f,agt-1005,cdavis,LT-CDAVIS,aggregator,cdavis,file_open_count,68,,{},2026-05-27 23:59:00+00,HIGH,,2026-05-27 23:59:00+00
1330,pld-2269b41e-cbcf-4e22-bf85-c793f3e7053f,agt-1005,cdavis,LT-CDAVIS,aggregator,cdavis,file_copy_count,9,,{},2026-05-27 23:59:00+00,HIGH,,2026-05-27 23:59:00+00
1331,pld-2269b41e-cbcf-4e22-bf85-c793f3e7053f,agt-1005,cdavis,LT-CDAVIS,aggregator,cdavis,file_write_count,20,,{},2026-05-27 23:59:00+00,HIGH,,2026-05-27 23:59:00+00
1332,pld-2269b41e-cbcf-4e22-bf85-c793f3e7053f,agt-1005,cdavis,LT-CDAVIS,aggregator,cdavis,file_delete_count,4,,{},2026-05-27 23:59:00+00,HIGH,,2026-05-27 23:59:00+00
1333,pld-2269b41e-cbcf-4e22-bf85-c793f3e7053f,agt-1005,cdavis,LT-CDAVIS,aggregator,cdavis,file_access_after_hours,6,,{},2026-05-27 23:59:00+00,HIGH,,2026-05-27 23:59:00+00
1334,pld-2269b41e-cbcf-4e22-bf85-c793f3e7053f,agt-1005,cdavis,LT-CDAVIS,aggregator,cdavis,http_count,221,,{},2026-05-27 23:59:00+00,HIGH,,2026-05-27 23:59:00+00
1335,pld-2269b41e-cbcf-4e22-bf85-c793f3e7053f,agt-1005,cdavis,LT-CDAVIS,aggregator,cdavis,http_after_hours,11,,{},2026-05-27 23:59:00+00,HIGH,,2026-05-27 23:59:00+00
1336,pld-4d95be85-7ded-428d-b850-373bdd792823,agt-1006,mscott,LT-MSCOTT,aggregator,mscott,logon_count,3,,{},2026-05-27 23:59:00+00,HIGH,,2026-05-27 23:59:00+00
1337,pld-4d95be85-7ded-428d-b850-373bdd792823,agt-1006,mscott,LT-MSCOTT,aggregator,mscott,logoff_count,1,,{},2026-05-27 23:59:00+00,HIGH,,2026-05-27 23:59:00+00
1338,pld-4d95be85-7ded-428d-b850-373bdd792823,agt-1006,mscott,LT-MSCOTT,aggregator,mscott,file_access_count,125,,{},2026-05-27 23:59:00+00,HIGH,,2026-05-27 23:59:00+00
1339,pld-4d95be85-7ded-428d-b850-373bdd792823,agt-1006,mscott,LT-MSCOTT,aggregator,mscott,file_open_count,146,,{},2026-05-27 23:59:00+00,HIGH,,2026-05-27 23:59:00+00
1340,pld-4d95be85-7ded-428d-b850-373bdd792823,agt-1006,mscott,LT-MSCOTT,aggregator,mscott,file_copy_count,17,,{},2026-05-27 23:59:00+00,HIGH,,2026-05-27 23:59:00+00
1341,pld-4d95be85-7ded-428d-b850-373bdd792823,agt-1006,mscott,LT-MSCOTT,aggregator,mscott,file_write_count,38,,{},2026-05-27 23:59:00+00,HIGH,,2026-05-27 23:59:00+00
1342,pld-4d95be85-7ded-428d-b850-373bdd792823,agt-1006,mscott,LT-MSCOTT,aggregator,mscott,file_delete_count,2,,{},2026-05-27 23:59:00+00,HIGH,,2026-05-27 23:59:00+00
1343,pld-4d95be85-7ded-428d-b850-373bdd792823,agt-1006,mscott,LT-MSCOTT,aggregator,mscott,file_access_after_hours,6,,{},2026-05-27 23:59:00+00,HIGH,,2026-05-27 23:59:00+00
1344,pld-4d95be85-7ded-428d-b850-373bdd792823,agt-1006,mscott,LT-MSCOTT,aggregator,mscott,http_count,893,,{},2026-05-27 23:59:00+00,HIGH,,2026-05-27 23:59:00+00
1345,pld-4d95be85-7ded-428d-b850-373bdd792823,agt-1006,mscott,LT-MSCOTT,aggregator,mscott,download_count,2,,{},2026-05-27 23:59:00+00,HIGH,,2026-05-27 23:59:00+00
1346,pld-4d95be85-7ded-428d-b850-373bdd792823,agt-1006,mscott,LT-MSCOTT,aggregator,mscott,http_after_hours,12,,{},2026-05-27 23:59:00+00,HIGH,,2026-05-27 23:59:00+00
1347,pld-4a45685b-a2d7-405f-aaac-643fa9b91129,agt-1007,tjones,LT-TJONES,aggregator,tjones,logon_count,1,,{},2026-05-27 23:59:00+00,HIGH,,2026-05-27 23:59:00+00
1348,pld-4a45685b-a2d7-405f-aaac-643fa9b91129,agt-1007,tjones,LT-TJONES,aggregator,tjones,logoff_count,3,,{},2026-05-27 23:59:00+00,HIGH,,2026-05-27 23:59:00+00
1349,pld-4a45685b-a2d7-405f-aaac-643fa9b91129,agt-1007,tjones,LT-TJONES,aggregator,tjones,file_access_count,385,,{},2026-05-27 23:59:00+00,HIGH,,2026-05-27 23:59:00+00
1350,pld-4a45685b-a2d7-405f-aaac-643fa9b91129,agt-1007,tjones,LT-TJONES,aggregator,tjones,file_open_count,131,,{},2026-05-27 23:59:00+00,HIGH,,2026-05-27 23:59:00+00
1351,pld-4a45685b-a2d7-405f-aaac-643fa9b91129,agt-1007,tjones,LT-TJONES,aggregator,tjones,file_copy_count,5,,{},2026-05-27 23:59:00+00,HIGH,,2026-05-27 23:59:00+00
1352,pld-4a45685b-a2d7-405f-aaac-643fa9b91129,agt-1007,tjones,LT-TJONES,aggregator,tjones,file_write_count,25,,{},2026-05-27 23:59:00+00,HIGH,,2026-05-27 23:59:00+00
1353,pld-4a45685b-a2d7-405f-aaac-643fa9b91129,agt-1007,tjones,LT-TJONES,aggregator,tjones,file_delete_count,4,,{},2026-05-27 23:59:00+00,HIGH,,2026-05-27 23:59:00+00
1354,pld-4a45685b-a2d7-405f-aaac-643fa9b91129,agt-1007,tjones,LT-TJONES,aggregator,tjones,file_access_after_hours,9,,{},2026-05-27 23:59:00+00,HIGH,,2026-05-27 23:59:00+00
1355,pld-4a45685b-a2d7-405f-aaac-643fa9b91129,agt-1007,tjones,LT-TJONES,aggregator,tjones,http_count,220,,{},2026-05-27 23:59:00+00,HIGH,,2026-05-27 23:59:00+00
1356,pld-4a45685b-a2d7-405f-aaac-643fa9b91129,agt-1007,tjones,LT-TJONES,aggregator,tjones,download_count,3,,{},2026-05-27 23:59:00+00,HIGH,,2026-05-27 23:59:00+00
1357,pld-4a45685b-a2d7-405f-aaac-643fa9b91129,agt-1007,tjones,LT-TJONES,aggregator,tjones,http_after_hours,7,,{},2026-05-27 23:59:00+00,HIGH,,2026-05-27 23:59:00+00
1358,pld-1e4128c2-27ea-43a1-9641-efc00b7afb73,agt-1008,rwilson,LT-RWILSON,aggregator,rwilson,logon_count,3,,{},2026-05-27 23:59:00+00,HIGH,,2026-05-27 23:59:00+00
1359,pld-1e4128c2-27ea-43a1-9641-efc00b7afb73,agt-1008,rwilson,LT-RWILSON,aggregator,rwilson,logoff_count,1,,{},2026-05-27 23:59:00+00,HIGH,,2026-05-27 23:59:00+00
1360,pld-1e4128c2-27ea-43a1-9641-efc00b7afb73,agt-1008,rwilson,LT-RWILSON,aggregator,rwilson,file_access_count,202,,{},2026-05-27 23:59:00+00,HIGH,,2026-05-27 23:59:00+00
1361,pld-1e4128c2-27ea-43a1-9641-efc00b7afb73,agt-1008,rwilson,LT-RWILSON,aggregator,rwilson,file_open_count,98,,{},2026-05-27 23:59:00+00,HIGH,,2026-05-27 23:59:00+00
1362,pld-1e4128c2-27ea-43a1-9641-efc00b7afb73,agt-1008,rwilson,LT-RWILSON,aggregator,rwilson,file_copy_count,14,,{},2026-05-27 23:59:00+00,HIGH,,2026-05-27 23:59:00+00
1363,pld-1e4128c2-27ea-43a1-9641-efc00b7afb73,agt-1008,rwilson,LT-RWILSON,aggregator,rwilson,file_write_count,50,,{},2026-05-27 23:59:00+00,HIGH,,2026-05-27 23:59:00+00
1364,pld-1e4128c2-27ea-43a1-9641-efc00b7afb73,agt-1008,rwilson,LT-RWILSON,aggregator,rwilson,file_delete_count,2,,{},2026-05-27 23:59:00+00,HIGH,,2026-05-27 23:59:00+00
1365,pld-1e4128c2-27ea-43a1-9641-efc00b7afb73,agt-1008,rwilson,LT-RWILSON,aggregator,rwilson,file_access_after_hours,6,,{},2026-05-27 23:59:00+00,HIGH,,2026-05-27 23:59:00+00
1366,pld-1e4128c2-27ea-43a1-9641-efc00b7afb73,agt-1008,rwilson,LT-RWILSON,aggregator,rwilson,http_count,372,,{},2026-05-27 23:59:00+00,HIGH,,2026-05-27 23:59:00+00
1367,pld-1e4128c2-27ea-43a1-9641-efc00b7afb73,agt-1008,rwilson,LT-RWILSON,aggregator,rwilson,download_count,4,,{},2026-05-27 23:59:00+00,HIGH,,2026-05-27 23:59:00+00
1368,pld-1e4128c2-27ea-43a1-9641-efc00b7afb73,agt-1008,rwilson,LT-RWILSON,aggregator,rwilson,http_after_hours,1,,{},2026-05-27 23:59:00+00,HIGH,,2026-05-27 23:59:00+00
1369,pld-ba12d90b-48be-4b58-8dcd-bd5d6135ba7e,agt-1009,esnow,LT-ESNOW,aggregator,esnow,logon_count,3,,{},2026-05-27 23:59:00+00,HIGH,,2026-05-27 23:59:00+00
1370,pld-ba12d90b-48be-4b58-8dcd-bd5d6135ba7e,agt-1009,esnow,LT-ESNOW,aggregator,esnow,logoff_count,1,,{},2026-05-27 23:59:00+00,HIGH,,2026-05-27 23:59:00+00
1371,pld-ba12d90b-48be-4b58-8dcd-bd5d6135ba7e,agt-1009,esnow,LT-ESNOW,aggregator,esnow,file_access_count,191,,{},2026-05-27 23:59:00+00,HIGH,,2026-05-27 23:59:00+00
1372,pld-ba12d90b-48be-4b58-8dcd-bd5d6135ba7e,agt-1009,esnow,LT-ESNOW,aggregator,esnow,file_open_count,171,,{},2026-05-27 23:59:00+00,HIGH,,2026-05-27 23:59:00+00
1373,pld-ba12d90b-48be-4b58-8dcd-bd5d6135ba7e,agt-1009,esnow,LT-ESNOW,aggregator,esnow,file_copy_count,9,,{},2026-05-27 23:59:00+00,HIGH,,2026-05-27 23:59:00+00
1374,pld-ba12d90b-48be-4b58-8dcd-bd5d6135ba7e,agt-1009,esnow,LT-ESNOW,aggregator,esnow,file_write_count,37,,{},2026-05-27 23:59:00+00,HIGH,,2026-05-27 23:59:00+00
1375,pld-ba12d90b-48be-4b58-8dcd-bd5d6135ba7e,agt-1009,esnow,LT-ESNOW,aggregator,esnow,file_access_after_hours,5,,{},2026-05-27 23:59:00+00,HIGH,,2026-05-27 23:59:00+00
1376,pld-ba12d90b-48be-4b58-8dcd-bd5d6135ba7e,agt-1009,esnow,LT-ESNOW,aggregator,esnow,http_count,210,,{},2026-05-27 23:59:00+00,HIGH,,2026-05-27 23:59:00+00
1377,pld-ba12d90b-48be-4b58-8dcd-bd5d6135ba7e,agt-1009,esnow,LT-ESNOW,aggregator,esnow,job_search_site_visits,20,,{},2026-05-27 23:59:00+00,HIGH,,2026-05-27 23:59:00+00
1378,pld-ba12d90b-48be-4b58-8dcd-bd5d6135ba7e,agt-1009,esnow,LT-ESNOW,aggregator,esnow,http_after_hours,14,,{},2026-05-27 23:59:00+00,HIGH,,2026-05-27 23:59:00+00
1379,pld-8d10f811-de65-4550-bef4-899a75302c1d,agt-1010,badmin,LT-BADMIN,aggregator,badmin,logon_count,2,,{},2026-05-27 23:59:00+00,HIGH,,2026-05-27 23:59:00+00
1380,pld-8d10f811-de65-4550-bef4-899a75302c1d,agt-1010,badmin,LT-BADMIN,aggregator,badmin,logoff_count,1,,{},2026-05-27 23:59:00+00,HIGH,,2026-05-27 23:59:00+00
1381,pld-8d10f811-de65-4550-bef4-899a75302c1d,agt-1010,badmin,LT-BADMIN,aggregator,badmin,file_access_count,270,,{},2026-05-27 23:59:00+00,HIGH,,2026-05-27 23:59:00+00
1382,pld-8d10f811-de65-4550-bef4-899a75302c1d,agt-1010,badmin,LT-BADMIN,aggregator,badmin,file_open_count,147,,{},2026-05-27 23:59:00+00,HIGH,,2026-05-27 23:59:00+00
1383,pld-8d10f811-de65-4550-bef4-899a75302c1d,agt-1010,badmin,LT-BADMIN,aggregator,badmin,file_copy_count,11,,{},2026-05-27 23:59:00+00,HIGH,,2026-05-27 23:59:00+00
1384,pld-8d10f811-de65-4550-bef4-899a75302c1d,agt-1010,badmin,LT-BADMIN,aggregator,badmin,file_write_count,19,,{},2026-05-27 23:59:00+00,HIGH,,2026-05-27 23:59:00+00
1385,pld-8d10f811-de65-4550-bef4-899a75302c1d,agt-1010,badmin,LT-BADMIN,aggregator,badmin,file_delete_count,3,,{},2026-05-27 23:59:00+00,HIGH,,2026-05-27 23:59:00+00
1386,pld-8d10f811-de65-4550-bef4-899a75302c1d,agt-1010,badmin,LT-BADMIN,aggregator,badmin,file_access_after_hours,10,,{},2026-05-27 23:59:00+00,HIGH,,2026-05-27 23:59:00+00
1387,pld-8d10f811-de65-4550-bef4-899a75302c1d,agt-1010,badmin,LT-BADMIN,aggregator,badmin,http_count,457,,{},2026-05-27 23:59:00+00,HIGH,,2026-05-27 23:59:00+00
1388,pld-8d10f811-de65-4550-bef4-899a75302c1d,agt-1010,badmin,LT-BADMIN,aggregator,badmin,download_count,3,,{},2026-05-27 23:59:00+00,HIGH,,2026-05-27 23:59:00+00
1389,pld-8d10f811-de65-4550-bef4-899a75302c1d,agt-1010,badmin,LT-BADMIN,aggregator,badmin,http_after_hours,20,,{},2026-05-27 23:59:00+00,HIGH,,2026-05-27 23:59:00+00
1390,pld-d50f314e-7ec4-46c0-b870-14f70964575c,agt-1001,jdoe,LT-JDOE,aggregator,jdoe,logon_count,2,,{},2026-05-28 23:59:00+00,HIGH,,2026-05-28 23:59:00+00
1391,pld-d50f314e-7ec4-46c0-b870-14f70964575c,agt-1001,jdoe,LT-JDOE,aggregator,jdoe,logoff_count,1,,{},2026-05-28 23:59:00+00,HIGH,,2026-05-28 23:59:00+00
1392,pld-d50f314e-7ec4-46c0-b870-14f70964575c,agt-1001,jdoe,LT-JDOE,aggregator,jdoe,file_access_count,408,,{},2026-05-28 23:59:00+00,HIGH,,2026-05-28 23:59:00+00
1393,pld-d50f314e-7ec4-46c0-b870-14f70964575c,agt-1001,jdoe,LT-JDOE,aggregator,jdoe,file_open_count,142,,{},2026-05-28 23:59:00+00,HIGH,,2026-05-28 23:59:00+00
1394,pld-d50f314e-7ec4-46c0-b870-14f70964575c,agt-1001,jdoe,LT-JDOE,aggregator,jdoe,file_copy_count,5,,{},2026-05-28 23:59:00+00,HIGH,,2026-05-28 23:59:00+00
1395,pld-d50f314e-7ec4-46c0-b870-14f70964575c,agt-1001,jdoe,LT-JDOE,aggregator,jdoe,file_write_count,39,,{},2026-05-28 23:59:00+00,HIGH,,2026-05-28 23:59:00+00
1396,pld-d50f314e-7ec4-46c0-b870-14f70964575c,agt-1001,jdoe,LT-JDOE,aggregator,jdoe,file_delete_count,3,,{},2026-05-28 23:59:00+00,HIGH,,2026-05-28 23:59:00+00
1397,pld-d50f314e-7ec4-46c0-b870-14f70964575c,agt-1001,jdoe,LT-JDOE,aggregator,jdoe,file_access_after_hours,5,,{},2026-05-28 23:59:00+00,HIGH,,2026-05-28 23:59:00+00
1398,pld-d50f314e-7ec4-46c0-b870-14f70964575c,agt-1001,jdoe,LT-JDOE,aggregator,jdoe,http_count,783,,{},2026-05-28 23:59:00+00,HIGH,,2026-05-28 23:59:00+00
1399,pld-d50f314e-7ec4-46c0-b870-14f70964575c,agt-1001,jdoe,LT-JDOE,aggregator,jdoe,download_count,5,,{},2026-05-28 23:59:00+00,HIGH,,2026-05-28 23:59:00+00
1400,pld-d50f314e-7ec4-46c0-b870-14f70964575c,agt-1001,jdoe,LT-JDOE,aggregator,jdoe,http_after_hours,2,,{},2026-05-28 23:59:00+00,HIGH,,2026-05-28 23:59:00+00
1401,pld-089ba884-fd3b-4a04-a1b4-dc79361d9a14,agt-1002,asmith,LT-ASMITH,aggregator,asmith,logon_count,2,,{},2026-05-28 23:59:00+00,HIGH,,2026-05-28 23:59:00+00
1402,pld-089ba884-fd3b-4a04-a1b4-dc79361d9a14,agt-1002,asmith,LT-ASMITH,aggregator,asmith,logoff_count,2,,{},2026-05-28 23:59:00+00,HIGH,,2026-05-28 23:59:00+00
1403,pld-089ba884-fd3b-4a04-a1b4-dc79361d9a14,agt-1002,asmith,LT-ASMITH,aggregator,asmith,file_access_count,288,,{},2026-05-28 23:59:00+00,HIGH,,2026-05-28 23:59:00+00
1404,pld-089ba884-fd3b-4a04-a1b4-dc79361d9a14,agt-1002,asmith,LT-ASMITH,aggregator,asmith,file_open_count,171,,{},2026-05-28 23:59:00+00,HIGH,,2026-05-28 23:59:00+00
1405,pld-089ba884-fd3b-4a04-a1b4-dc79361d9a14,agt-1002,asmith,LT-ASMITH,aggregator,asmith,file_copy_count,18,,{},2026-05-28 23:59:00+00,HIGH,,2026-05-28 23:59:00+00
1406,pld-089ba884-fd3b-4a04-a1b4-dc79361d9a14,agt-1002,asmith,LT-ASMITH,aggregator,asmith,file_write_count,34,,{},2026-05-28 23:59:00+00,HIGH,,2026-05-28 23:59:00+00
1407,pld-089ba884-fd3b-4a04-a1b4-dc79361d9a14,agt-1002,asmith,LT-ASMITH,aggregator,asmith,file_access_after_hours,5,,{},2026-05-28 23:59:00+00,HIGH,,2026-05-28 23:59:00+00
1408,pld-089ba884-fd3b-4a04-a1b4-dc79361d9a14,agt-1002,asmith,LT-ASMITH,aggregator,asmith,http_count,237,,{},2026-05-28 23:59:00+00,HIGH,,2026-05-28 23:59:00+00
1409,pld-089ba884-fd3b-4a04-a1b4-dc79361d9a14,agt-1002,asmith,LT-ASMITH,aggregator,asmith,download_count,3,,{},2026-05-28 23:59:00+00,HIGH,,2026-05-28 23:59:00+00
1410,pld-089ba884-fd3b-4a04-a1b4-dc79361d9a14,agt-1002,asmith,LT-ASMITH,aggregator,asmith,http_after_hours,5,,{},2026-05-28 23:59:00+00,HIGH,,2026-05-28 23:59:00+00
1411,pld-9c8ea7b2-ad5c-4b1c-8b55-d73294efa2e6,agt-1003,mjones,LT-MJONES,aggregator,mjones,logon_count,3,,{},2026-05-28 23:59:00+00,HIGH,,2026-05-28 23:59:00+00
1412,pld-9c8ea7b2-ad5c-4b1c-8b55-d73294efa2e6,agt-1003,mjones,LT-MJONES,aggregator,mjones,logoff_count,2,,{},2026-05-28 23:59:00+00,HIGH,,2026-05-28 23:59:00+00
1413,pld-9c8ea7b2-ad5c-4b1c-8b55-d73294efa2e6,agt-1003,mjones,LT-MJONES,aggregator,mjones,file_access_count,480,,{},2026-05-28 23:59:00+00,HIGH,,2026-05-28 23:59:00+00
1414,pld-9c8ea7b2-ad5c-4b1c-8b55-d73294efa2e6,agt-1003,mjones,LT-MJONES,aggregator,mjones,file_open_count,163,,{},2026-05-28 23:59:00+00,HIGH,,2026-05-28 23:59:00+00
1415,pld-9c8ea7b2-ad5c-4b1c-8b55-d73294efa2e6,agt-1003,mjones,LT-MJONES,aggregator,mjones,file_copy_count,15,,{},2026-05-28 23:59:00+00,HIGH,,2026-05-28 23:59:00+00
1416,pld-9c8ea7b2-ad5c-4b1c-8b55-d73294efa2e6,agt-1003,mjones,LT-MJONES,aggregator,mjones,file_write_count,41,,{},2026-05-28 23:59:00+00,HIGH,,2026-05-28 23:59:00+00
1417,pld-9c8ea7b2-ad5c-4b1c-8b55-d73294efa2e6,agt-1003,mjones,LT-MJONES,aggregator,mjones,file_access_after_hours,3,,{},2026-05-28 23:59:00+00,HIGH,,2026-05-28 23:59:00+00
1418,pld-9c8ea7b2-ad5c-4b1c-8b55-d73294efa2e6,agt-1003,mjones,LT-MJONES,aggregator,mjones,http_count,350,,{},2026-05-28 23:59:00+00,HIGH,,2026-05-28 23:59:00+00
1419,pld-9c8ea7b2-ad5c-4b1c-8b55-d73294efa2e6,agt-1003,mjones,LT-MJONES,aggregator,mjones,download_count,1,,{},2026-05-28 23:59:00+00,HIGH,,2026-05-28 23:59:00+00
1420,pld-9c8ea7b2-ad5c-4b1c-8b55-d73294efa2e6,agt-1003,mjones,LT-MJONES,aggregator,mjones,http_after_hours,18,,{},2026-05-28 23:59:00+00,HIGH,,2026-05-28 23:59:00+00
1421,pld-d05d6ea6-7126-4345-a457-7c2c6b29bb5b,agt-1004,bwilliams,LT-BWILLIAMS,aggregator,bwilliams,logon_count,2,,{},2026-05-28 23:59:00+00,HIGH,,2026-05-28 23:59:00+00
1422,pld-d05d6ea6-7126-4345-a457-7c2c6b29bb5b,agt-1004,bwilliams,LT-BWILLIAMS,aggregator,bwilliams,logoff_count,1,,{},2026-05-28 23:59:00+00,HIGH,,2026-05-28 23:59:00+00
1423,pld-d05d6ea6-7126-4345-a457-7c2c6b29bb5b,agt-1004,bwilliams,LT-BWILLIAMS,aggregator,bwilliams,file_access_count,389,,{},2026-05-28 23:59:00+00,HIGH,,2026-05-28 23:59:00+00
1424,pld-d05d6ea6-7126-4345-a457-7c2c6b29bb5b,agt-1004,bwilliams,LT-BWILLIAMS,aggregator,bwilliams,file_open_count,86,,{},2026-05-28 23:59:00+00,HIGH,,2026-05-28 23:59:00+00
1425,pld-d05d6ea6-7126-4345-a457-7c2c6b29bb5b,agt-1004,bwilliams,LT-BWILLIAMS,aggregator,bwilliams,file_copy_count,10,,{},2026-05-28 23:59:00+00,HIGH,,2026-05-28 23:59:00+00
1426,pld-d05d6ea6-7126-4345-a457-7c2c6b29bb5b,agt-1004,bwilliams,LT-BWILLIAMS,aggregator,bwilliams,file_write_count,17,,{},2026-05-28 23:59:00+00,HIGH,,2026-05-28 23:59:00+00
1427,pld-d05d6ea6-7126-4345-a457-7c2c6b29bb5b,agt-1004,bwilliams,LT-BWILLIAMS,aggregator,bwilliams,file_delete_count,2,,{},2026-05-28 23:59:00+00,HIGH,,2026-05-28 23:59:00+00
1428,pld-d05d6ea6-7126-4345-a457-7c2c6b29bb5b,agt-1004,bwilliams,LT-BWILLIAMS,aggregator,bwilliams,file_access_after_hours,1,,{},2026-05-28 23:59:00+00,HIGH,,2026-05-28 23:59:00+00
1429,pld-d05d6ea6-7126-4345-a457-7c2c6b29bb5b,agt-1004,bwilliams,LT-BWILLIAMS,aggregator,bwilliams,http_count,651,,{},2026-05-28 23:59:00+00,HIGH,,2026-05-28 23:59:00+00
1430,pld-d05d6ea6-7126-4345-a457-7c2c6b29bb5b,agt-1004,bwilliams,LT-BWILLIAMS,aggregator,bwilliams,download_count,3,,{},2026-05-28 23:59:00+00,HIGH,,2026-05-28 23:59:00+00
1431,pld-d05d6ea6-7126-4345-a457-7c2c6b29bb5b,agt-1004,bwilliams,LT-BWILLIAMS,aggregator,bwilliams,http_after_hours,18,,{},2026-05-28 23:59:00+00,HIGH,,2026-05-28 23:59:00+00
1432,pld-d15263a6-f1f0-4ec8-bbfc-21a25b608b33,agt-1005,cdavis,LT-CDAVIS,aggregator,cdavis,logon_count,3,,{},2026-05-28 23:59:00+00,HIGH,,2026-05-28 23:59:00+00
1433,pld-d15263a6-f1f0-4ec8-bbfc-21a25b608b33,agt-1005,cdavis,LT-CDAVIS,aggregator,cdavis,logoff_count,1,,{},2026-05-28 23:59:00+00,HIGH,,2026-05-28 23:59:00+00
1434,pld-d15263a6-f1f0-4ec8-bbfc-21a25b608b33,agt-1005,cdavis,LT-CDAVIS,aggregator,cdavis,file_access_count,311,,{},2026-05-28 23:59:00+00,HIGH,,2026-05-28 23:59:00+00
1435,pld-d15263a6-f1f0-4ec8-bbfc-21a25b608b33,agt-1005,cdavis,LT-CDAVIS,aggregator,cdavis,file_open_count,134,,{},2026-05-28 23:59:00+00,HIGH,,2026-05-28 23:59:00+00
1436,pld-d15263a6-f1f0-4ec8-bbfc-21a25b608b33,agt-1005,cdavis,LT-CDAVIS,aggregator,cdavis,file_copy_count,16,,{},2026-05-28 23:59:00+00,HIGH,,2026-05-28 23:59:00+00
1437,pld-d15263a6-f1f0-4ec8-bbfc-21a25b608b33,agt-1005,cdavis,LT-CDAVIS,aggregator,cdavis,file_write_count,36,,{},2026-05-28 23:59:00+00,HIGH,,2026-05-28 23:59:00+00
1438,pld-d15263a6-f1f0-4ec8-bbfc-21a25b608b33,agt-1005,cdavis,LT-CDAVIS,aggregator,cdavis,file_access_after_hours,3,,{},2026-05-28 23:59:00+00,HIGH,,2026-05-28 23:59:00+00
1439,pld-d15263a6-f1f0-4ec8-bbfc-21a25b608b33,agt-1005,cdavis,LT-CDAVIS,aggregator,cdavis,http_count,453,,{},2026-05-28 23:59:00+00,HIGH,,2026-05-28 23:59:00+00
1440,pld-d15263a6-f1f0-4ec8-bbfc-21a25b608b33,agt-1005,cdavis,LT-CDAVIS,aggregator,cdavis,download_count,5,,{},2026-05-28 23:59:00+00,HIGH,,2026-05-28 23:59:00+00
1441,pld-d15263a6-f1f0-4ec8-bbfc-21a25b608b33,agt-1005,cdavis,LT-CDAVIS,aggregator,cdavis,http_after_hours,2,,{},2026-05-28 23:59:00+00,HIGH,,2026-05-28 23:59:00+00
1442,pld-89544a76-bcc9-4b46-84e5-7a176d53be28,agt-1006,mscott,LT-MSCOTT,aggregator,mscott,logon_count,2,,{},2026-05-28 23:59:00+00,HIGH,,2026-05-28 23:59:00+00
1443,pld-89544a76-bcc9-4b46-84e5-7a176d53be28,agt-1006,mscott,LT-MSCOTT,aggregator,mscott,logoff_count,2,,{},2026-05-28 23:59:00+00,HIGH,,2026-05-28 23:59:00+00
1444,pld-89544a76-bcc9-4b46-84e5-7a176d53be28,agt-1006,mscott,LT-MSCOTT,aggregator,mscott,file_access_count,421,,{},2026-05-28 23:59:00+00,HIGH,,2026-05-28 23:59:00+00
1445,pld-89544a76-bcc9-4b46-84e5-7a176d53be28,agt-1006,mscott,LT-MSCOTT,aggregator,mscott,file_open_count,195,,{},2026-05-28 23:59:00+00,HIGH,,2026-05-28 23:59:00+00
1446,pld-89544a76-bcc9-4b46-84e5-7a176d53be28,agt-1006,mscott,LT-MSCOTT,aggregator,mscott,file_copy_count,7,,{},2026-05-28 23:59:00+00,HIGH,,2026-05-28 23:59:00+00
1447,pld-89544a76-bcc9-4b46-84e5-7a176d53be28,agt-1006,mscott,LT-MSCOTT,aggregator,mscott,file_write_count,27,,{},2026-05-28 23:59:00+00,HIGH,,2026-05-28 23:59:00+00
1448,pld-89544a76-bcc9-4b46-84e5-7a176d53be28,agt-1006,mscott,LT-MSCOTT,aggregator,mscott,file_access_after_hours,9,,{},2026-05-28 23:59:00+00,HIGH,,2026-05-28 23:59:00+00
1449,pld-89544a76-bcc9-4b46-84e5-7a176d53be28,agt-1006,mscott,LT-MSCOTT,aggregator,mscott,http_count,403,,{},2026-05-28 23:59:00+00,HIGH,,2026-05-28 23:59:00+00
1450,pld-89544a76-bcc9-4b46-84e5-7a176d53be28,agt-1006,mscott,LT-MSCOTT,aggregator,mscott,download_count,3,,{},2026-05-28 23:59:00+00,HIGH,,2026-05-28 23:59:00+00
1451,pld-89544a76-bcc9-4b46-84e5-7a176d53be28,agt-1006,mscott,LT-MSCOTT,aggregator,mscott,http_after_hours,1,,{},2026-05-28 23:59:00+00,HIGH,,2026-05-28 23:59:00+00
1452,pld-f4a1bf9d-2530-4753-b3f0-ff35e2c0fda4,agt-1007,tjones,LT-TJONES,aggregator,tjones,logon_count,3,,{},2026-05-28 23:59:00+00,HIGH,,2026-05-28 23:59:00+00
1453,pld-f4a1bf9d-2530-4753-b3f0-ff35e2c0fda4,agt-1007,tjones,LT-TJONES,aggregator,tjones,logoff_count,1,,{},2026-05-28 23:59:00+00,HIGH,,2026-05-28 23:59:00+00
1454,pld-f4a1bf9d-2530-4753-b3f0-ff35e2c0fda4,agt-1007,tjones,LT-TJONES,aggregator,tjones,file_access_count,376,,{},2026-05-28 23:59:00+00,HIGH,,2026-05-28 23:59:00+00
1455,pld-f4a1bf9d-2530-4753-b3f0-ff35e2c0fda4,agt-1007,tjones,LT-TJONES,aggregator,tjones,file_open_count,194,,{},2026-05-28 23:59:00+00,HIGH,,2026-05-28 23:59:00+00
1456,pld-f4a1bf9d-2530-4753-b3f0-ff35e2c0fda4,agt-1007,tjones,LT-TJONES,aggregator,tjones,file_copy_count,14,,{},2026-05-28 23:59:00+00,HIGH,,2026-05-28 23:59:00+00
1457,pld-f4a1bf9d-2530-4753-b3f0-ff35e2c0fda4,agt-1007,tjones,LT-TJONES,aggregator,tjones,file_write_count,14,,{},2026-05-28 23:59:00+00,HIGH,,2026-05-28 23:59:00+00
1458,pld-f4a1bf9d-2530-4753-b3f0-ff35e2c0fda4,agt-1007,tjones,LT-TJONES,aggregator,tjones,file_delete_count,5,,{},2026-05-28 23:59:00+00,HIGH,,2026-05-28 23:59:00+00
1459,pld-f4a1bf9d-2530-4753-b3f0-ff35e2c0fda4,agt-1007,tjones,LT-TJONES,aggregator,tjones,file_access_after_hours,5,,{},2026-05-28 23:59:00+00,HIGH,,2026-05-28 23:59:00+00
1460,pld-f4a1bf9d-2530-4753-b3f0-ff35e2c0fda4,agt-1007,tjones,LT-TJONES,aggregator,tjones,http_count,532,,{},2026-05-28 23:59:00+00,HIGH,,2026-05-28 23:59:00+00
1461,pld-f4a1bf9d-2530-4753-b3f0-ff35e2c0fda4,agt-1007,tjones,LT-TJONES,aggregator,tjones,download_count,5,,{},2026-05-28 23:59:00+00,HIGH,,2026-05-28 23:59:00+00
1462,pld-f4a1bf9d-2530-4753-b3f0-ff35e2c0fda4,agt-1007,tjones,LT-TJONES,aggregator,tjones,http_after_hours,2,,{},2026-05-28 23:59:00+00,HIGH,,2026-05-28 23:59:00+00
1463,pld-f00fb8e3-2252-4010-b126-bc52b8565ea9,agt-1008,rwilson,LT-RWILSON,aggregator,rwilson,logon_count,3,,{},2026-05-28 23:59:00+00,HIGH,,2026-05-28 23:59:00+00
1464,pld-f00fb8e3-2252-4010-b126-bc52b8565ea9,agt-1008,rwilson,LT-RWILSON,aggregator,rwilson,logoff_count,1,,{},2026-05-28 23:59:00+00,HIGH,,2026-05-28 23:59:00+00
1465,pld-f00fb8e3-2252-4010-b126-bc52b8565ea9,agt-1008,rwilson,LT-RWILSON,aggregator,rwilson,file_access_count,103,,{},2026-05-28 23:59:00+00,HIGH,,2026-05-28 23:59:00+00
1466,pld-f00fb8e3-2252-4010-b126-bc52b8565ea9,agt-1008,rwilson,LT-RWILSON,aggregator,rwilson,file_open_count,192,,{},2026-05-28 23:59:00+00,HIGH,,2026-05-28 23:59:00+00
1467,pld-f00fb8e3-2252-4010-b126-bc52b8565ea9,agt-1008,rwilson,LT-RWILSON,aggregator,rwilson,file_copy_count,7,,{},2026-05-28 23:59:00+00,HIGH,,2026-05-28 23:59:00+00
1468,pld-f00fb8e3-2252-4010-b126-bc52b8565ea9,agt-1008,rwilson,LT-RWILSON,aggregator,rwilson,file_write_count,40,,{},2026-05-28 23:59:00+00,HIGH,,2026-05-28 23:59:00+00
1469,pld-f00fb8e3-2252-4010-b126-bc52b8565ea9,agt-1008,rwilson,LT-RWILSON,aggregator,rwilson,file_access_after_hours,10,,{},2026-05-28 23:59:00+00,HIGH,,2026-05-28 23:59:00+00
1470,pld-f00fb8e3-2252-4010-b126-bc52b8565ea9,agt-1008,rwilson,LT-RWILSON,aggregator,rwilson,http_count,228,,{},2026-05-28 23:59:00+00,HIGH,,2026-05-28 23:59:00+00
1471,pld-f00fb8e3-2252-4010-b126-bc52b8565ea9,agt-1008,rwilson,LT-RWILSON,aggregator,rwilson,download_count,1,,{},2026-05-28 23:59:00+00,HIGH,,2026-05-28 23:59:00+00
1472,pld-f00fb8e3-2252-4010-b126-bc52b8565ea9,agt-1008,rwilson,LT-RWILSON,aggregator,rwilson,http_after_hours,2,,{},2026-05-28 23:59:00+00,HIGH,,2026-05-28 23:59:00+00
1473,pld-a8a6c70f-c87a-4457-8e21-f4e3a34a9ec9,agt-1009,esnow,LT-ESNOW,aggregator,esnow,logon_count,3,,{},2026-05-28 23:59:00+00,HIGH,,2026-05-28 23:59:00+00
1474,pld-a8a6c70f-c87a-4457-8e21-f4e3a34a9ec9,agt-1009,esnow,LT-ESNOW,aggregator,esnow,logoff_count,1,,{},2026-05-28 23:59:00+00,HIGH,,2026-05-28 23:59:00+00
1475,pld-a8a6c70f-c87a-4457-8e21-f4e3a34a9ec9,agt-1009,esnow,LT-ESNOW,aggregator,esnow,file_access_count,135,,{},2026-05-28 23:59:00+00,HIGH,,2026-05-28 23:59:00+00
1476,pld-a8a6c70f-c87a-4457-8e21-f4e3a34a9ec9,agt-1009,esnow,LT-ESNOW,aggregator,esnow,file_open_count,69,,{},2026-05-28 23:59:00+00,HIGH,,2026-05-28 23:59:00+00
1477,pld-a8a6c70f-c87a-4457-8e21-f4e3a34a9ec9,agt-1009,esnow,LT-ESNOW,aggregator,esnow,file_copy_count,19,,{},2026-05-28 23:59:00+00,HIGH,,2026-05-28 23:59:00+00
1478,pld-a8a6c70f-c87a-4457-8e21-f4e3a34a9ec9,agt-1009,esnow,LT-ESNOW,aggregator,esnow,file_write_count,48,,{},2026-05-28 23:59:00+00,HIGH,,2026-05-28 23:59:00+00
1479,pld-a8a6c70f-c87a-4457-8e21-f4e3a34a9ec9,agt-1009,esnow,LT-ESNOW,aggregator,esnow,file_delete_count,4,,{},2026-05-28 23:59:00+00,HIGH,,2026-05-28 23:59:00+00
1480,pld-a8a6c70f-c87a-4457-8e21-f4e3a34a9ec9,agt-1009,esnow,LT-ESNOW,aggregator,esnow,file_access_after_hours,2,,{},2026-05-28 23:59:00+00,HIGH,,2026-05-28 23:59:00+00
1481,pld-a8a6c70f-c87a-4457-8e21-f4e3a34a9ec9,agt-1009,esnow,LT-ESNOW,aggregator,esnow,http_count,276,,{},2026-05-28 23:59:00+00,HIGH,,2026-05-28 23:59:00+00
1482,pld-a8a6c70f-c87a-4457-8e21-f4e3a34a9ec9,agt-1009,esnow,LT-ESNOW,aggregator,esnow,job_search_site_visits,14,,{},2026-05-28 23:59:00+00,HIGH,,2026-05-28 23:59:00+00
1483,pld-a8a6c70f-c87a-4457-8e21-f4e3a34a9ec9,agt-1009,esnow,LT-ESNOW,aggregator,esnow,download_count,5,,{},2026-05-28 23:59:00+00,HIGH,,2026-05-28 23:59:00+00
1484,pld-a8a6c70f-c87a-4457-8e21-f4e3a34a9ec9,agt-1009,esnow,LT-ESNOW,aggregator,esnow,http_after_hours,16,,{},2026-05-28 23:59:00+00,HIGH,,2026-05-28 23:59:00+00
1485,pld-7e35bfc2-543d-4296-9f69-fda9dad0c1e6,agt-1010,badmin,LT-BADMIN,aggregator,badmin,logon_count,1,,{},2026-05-28 23:59:00+00,HIGH,,2026-05-28 23:59:00+00
1486,pld-7e35bfc2-543d-4296-9f69-fda9dad0c1e6,agt-1010,badmin,LT-BADMIN,aggregator,badmin,logoff_count,2,,{},2026-05-28 23:59:00+00,HIGH,,2026-05-28 23:59:00+00
1487,pld-7e35bfc2-543d-4296-9f69-fda9dad0c1e6,agt-1010,badmin,LT-BADMIN,aggregator,badmin,file_access_count,445,,{},2026-05-28 23:59:00+00,HIGH,,2026-05-28 23:59:00+00
1488,pld-7e35bfc2-543d-4296-9f69-fda9dad0c1e6,agt-1010,badmin,LT-BADMIN,aggregator,badmin,file_open_count,185,,{},2026-05-28 23:59:00+00,HIGH,,2026-05-28 23:59:00+00
1489,pld-7e35bfc2-543d-4296-9f69-fda9dad0c1e6,agt-1010,badmin,LT-BADMIN,aggregator,badmin,file_copy_count,17,,{},2026-05-28 23:59:00+00,HIGH,,2026-05-28 23:59:00+00
1490,pld-7e35bfc2-543d-4296-9f69-fda9dad0c1e6,agt-1010,badmin,LT-BADMIN,aggregator,badmin,file_write_count,21,,{},2026-05-28 23:59:00+00,HIGH,,2026-05-28 23:59:00+00
1491,pld-7e35bfc2-543d-4296-9f69-fda9dad0c1e6,agt-1010,badmin,LT-BADMIN,aggregator,badmin,file_delete_count,3,,{},2026-05-28 23:59:00+00,HIGH,,2026-05-28 23:59:00+00
1492,pld-7e35bfc2-543d-4296-9f69-fda9dad0c1e6,agt-1010,badmin,LT-BADMIN,aggregator,badmin,file_access_after_hours,3,,{},2026-05-28 23:59:00+00,HIGH,,2026-05-28 23:59:00+00
1493,pld-7e35bfc2-543d-4296-9f69-fda9dad0c1e6,agt-1010,badmin,LT-BADMIN,aggregator,badmin,http_count,858,,{},2026-05-28 23:59:00+00,HIGH,,2026-05-28 23:59:00+00
1494,pld-7e35bfc2-543d-4296-9f69-fda9dad0c1e6,agt-1010,badmin,LT-BADMIN,aggregator,badmin,download_count,5,,{},2026-05-28 23:59:00+00,HIGH,,2026-05-28 23:59:00+00
1495,pld-7e35bfc2-543d-4296-9f69-fda9dad0c1e6,agt-1010,badmin,LT-BADMIN,aggregator,badmin,http_after_hours,15,,{},2026-05-28 23:59:00+00,HIGH,,2026-05-28 23:59:00+00
1496,pld-2242b365-a9f2-41a3-90bc-1e759feea387,agt-1001,jdoe,LT-JDOE,aggregator,jdoe,logon_count,3,,{},2026-05-29 23:59:00+00,HIGH,,2026-05-29 23:59:00+00
1497,pld-2242b365-a9f2-41a3-90bc-1e759feea387,agt-1001,jdoe,LT-JDOE,aggregator,jdoe,logoff_count,3,,{},2026-05-29 23:59:00+00,HIGH,,2026-05-29 23:59:00+00
1498,pld-2242b365-a9f2-41a3-90bc-1e759feea387,agt-1001,jdoe,LT-JDOE,aggregator,jdoe,file_access_count,243,,{},2026-05-29 23:59:00+00,HIGH,,2026-05-29 23:59:00+00
1499,pld-2242b365-a9f2-41a3-90bc-1e759feea387,agt-1001,jdoe,LT-JDOE,aggregator,jdoe,file_open_count,92,,{},2026-05-29 23:59:00+00,HIGH,,2026-05-29 23:59:00+00
1500,pld-2242b365-a9f2-41a3-90bc-1e759feea387,agt-1001,jdoe,LT-JDOE,aggregator,jdoe,file_copy_count,6,,{},2026-05-29 23:59:00+00,HIGH,,2026-05-29 23:59:00+00
1501,pld-2242b365-a9f2-41a3-90bc-1e759feea387,agt-1001,jdoe,LT-JDOE,aggregator,jdoe,file_write_count,46,,{},2026-05-29 23:59:00+00,HIGH,,2026-05-29 23:59:00+00
1502,pld-2242b365-a9f2-41a3-90bc-1e759feea387,agt-1001,jdoe,LT-JDOE,aggregator,jdoe,http_count,671,,{},2026-05-29 23:59:00+00,HIGH,,2026-05-29 23:59:00+00
1503,pld-2242b365-a9f2-41a3-90bc-1e759feea387,agt-1001,jdoe,LT-JDOE,aggregator,jdoe,download_count,2,,{},2026-05-29 23:59:00+00,HIGH,,2026-05-29 23:59:00+00
1504,pld-2242b365-a9f2-41a3-90bc-1e759feea387,agt-1001,jdoe,LT-JDOE,aggregator,jdoe,http_after_hours,4,,{},2026-05-29 23:59:00+00,HIGH,,2026-05-29 23:59:00+00
1505,pld-0fe1e60b-b4b9-48a8-b054-aae7bb56eef4,agt-1002,asmith,LT-ASMITH,aggregator,asmith,logon_count,3,,{},2026-05-29 23:59:00+00,HIGH,,2026-05-29 23:59:00+00
1506,pld-0fe1e60b-b4b9-48a8-b054-aae7bb56eef4,agt-1002,asmith,LT-ASMITH,aggregator,asmith,logoff_count,1,,{},2026-05-29 23:59:00+00,HIGH,,2026-05-29 23:59:00+00
1507,pld-0fe1e60b-b4b9-48a8-b054-aae7bb56eef4,agt-1002,asmith,LT-ASMITH,aggregator,asmith,file_access_count,162,,{},2026-05-29 23:59:00+00,HIGH,,2026-05-29 23:59:00+00
1508,pld-0fe1e60b-b4b9-48a8-b054-aae7bb56eef4,agt-1002,asmith,LT-ASMITH,aggregator,asmith,file_open_count,116,,{},2026-05-29 23:59:00+00,HIGH,,2026-05-29 23:59:00+00
1509,pld-0fe1e60b-b4b9-48a8-b054-aae7bb56eef4,agt-1002,asmith,LT-ASMITH,aggregator,asmith,file_copy_count,13,,{},2026-05-29 23:59:00+00,HIGH,,2026-05-29 23:59:00+00
1510,pld-0fe1e60b-b4b9-48a8-b054-aae7bb56eef4,agt-1002,asmith,LT-ASMITH,aggregator,asmith,file_write_count,10,,{},2026-05-29 23:59:00+00,HIGH,,2026-05-29 23:59:00+00
1511,pld-0fe1e60b-b4b9-48a8-b054-aae7bb56eef4,agt-1002,asmith,LT-ASMITH,aggregator,asmith,file_delete_count,4,,{},2026-05-29 23:59:00+00,HIGH,,2026-05-29 23:59:00+00
1512,pld-0fe1e60b-b4b9-48a8-b054-aae7bb56eef4,agt-1002,asmith,LT-ASMITH,aggregator,asmith,file_access_after_hours,4,,{},2026-05-29 23:59:00+00,HIGH,,2026-05-29 23:59:00+00
1513,pld-0fe1e60b-b4b9-48a8-b054-aae7bb56eef4,agt-1002,asmith,LT-ASMITH,aggregator,asmith,http_count,891,,{},2026-05-29 23:59:00+00,HIGH,,2026-05-29 23:59:00+00
1514,pld-0fe1e60b-b4b9-48a8-b054-aae7bb56eef4,agt-1002,asmith,LT-ASMITH,aggregator,asmith,download_count,3,,{},2026-05-29 23:59:00+00,HIGH,,2026-05-29 23:59:00+00
1515,pld-0fe1e60b-b4b9-48a8-b054-aae7bb56eef4,agt-1002,asmith,LT-ASMITH,aggregator,asmith,http_after_hours,9,,{},2026-05-29 23:59:00+00,HIGH,,2026-05-29 23:59:00+00
1516,pld-e2227d91-c32c-48dc-9788-a4da95a57161,agt-1003,mjones,LT-MJONES,aggregator,mjones,logon_count,1,,{},2026-05-29 23:59:00+00,HIGH,,2026-05-29 23:59:00+00
1517,pld-e2227d91-c32c-48dc-9788-a4da95a57161,agt-1003,mjones,LT-MJONES,aggregator,mjones,logoff_count,2,,{},2026-05-29 23:59:00+00,HIGH,,2026-05-29 23:59:00+00
1518,pld-e2227d91-c32c-48dc-9788-a4da95a57161,agt-1003,mjones,LT-MJONES,aggregator,mjones,file_access_count,435,,{},2026-05-29 23:59:00+00,HIGH,,2026-05-29 23:59:00+00
1519,pld-e2227d91-c32c-48dc-9788-a4da95a57161,agt-1003,mjones,LT-MJONES,aggregator,mjones,file_open_count,171,,{},2026-05-29 23:59:00+00,HIGH,,2026-05-29 23:59:00+00
1520,pld-e2227d91-c32c-48dc-9788-a4da95a57161,agt-1003,mjones,LT-MJONES,aggregator,mjones,file_copy_count,14,,{},2026-05-29 23:59:00+00,HIGH,,2026-05-29 23:59:00+00
1521,pld-e2227d91-c32c-48dc-9788-a4da95a57161,agt-1003,mjones,LT-MJONES,aggregator,mjones,file_write_count,36,,{},2026-05-29 23:59:00+00,HIGH,,2026-05-29 23:59:00+00
1522,pld-e2227d91-c32c-48dc-9788-a4da95a57161,agt-1003,mjones,LT-MJONES,aggregator,mjones,file_access_after_hours,2,,{},2026-05-29 23:59:00+00,HIGH,,2026-05-29 23:59:00+00
1523,pld-e2227d91-c32c-48dc-9788-a4da95a57161,agt-1003,mjones,LT-MJONES,aggregator,mjones,http_count,473,,{},2026-05-29 23:59:00+00,HIGH,,2026-05-29 23:59:00+00
1524,pld-e2227d91-c32c-48dc-9788-a4da95a57161,agt-1003,mjones,LT-MJONES,aggregator,mjones,download_count,4,,{},2026-05-29 23:59:00+00,HIGH,,2026-05-29 23:59:00+00
1525,pld-e2227d91-c32c-48dc-9788-a4da95a57161,agt-1003,mjones,LT-MJONES,aggregator,mjones,http_after_hours,11,,{},2026-05-29 23:59:00+00,HIGH,,2026-05-29 23:59:00+00
1526,pld-9b69fbda-f460-4f9d-8618-8130c4e1adb8,agt-1004,bwilliams,LT-BWILLIAMS,aggregator,bwilliams,logon_count,3,,{},2026-05-29 23:59:00+00,HIGH,,2026-05-29 23:59:00+00
1527,pld-9b69fbda-f460-4f9d-8618-8130c4e1adb8,agt-1004,bwilliams,LT-BWILLIAMS,aggregator,bwilliams,logoff_count,2,,{},2026-05-29 23:59:00+00,HIGH,,2026-05-29 23:59:00+00
1528,pld-9b69fbda-f460-4f9d-8618-8130c4e1adb8,agt-1004,bwilliams,LT-BWILLIAMS,aggregator,bwilliams,file_access_count,353,,{},2026-05-29 23:59:00+00,HIGH,,2026-05-29 23:59:00+00
1529,pld-9b69fbda-f460-4f9d-8618-8130c4e1adb8,agt-1004,bwilliams,LT-BWILLIAMS,aggregator,bwilliams,file_open_count,89,,{},2026-05-29 23:59:00+00,HIGH,,2026-05-29 23:59:00+00
1530,pld-9b69fbda-f460-4f9d-8618-8130c4e1adb8,agt-1004,bwilliams,LT-BWILLIAMS,aggregator,bwilliams,file_copy_count,15,,{},2026-05-29 23:59:00+00,HIGH,,2026-05-29 23:59:00+00
1531,pld-9b69fbda-f460-4f9d-8618-8130c4e1adb8,agt-1004,bwilliams,LT-BWILLIAMS,aggregator,bwilliams,file_write_count,30,,{},2026-05-29 23:59:00+00,HIGH,,2026-05-29 23:59:00+00
1532,pld-9b69fbda-f460-4f9d-8618-8130c4e1adb8,agt-1004,bwilliams,LT-BWILLIAMS,aggregator,bwilliams,file_delete_count,4,,{},2026-05-29 23:59:00+00,HIGH,,2026-05-29 23:59:00+00
1533,pld-9b69fbda-f460-4f9d-8618-8130c4e1adb8,agt-1004,bwilliams,LT-BWILLIAMS,aggregator,bwilliams,file_access_after_hours,4,,{},2026-05-29 23:59:00+00,HIGH,,2026-05-29 23:59:00+00
1534,pld-9b69fbda-f460-4f9d-8618-8130c4e1adb8,agt-1004,bwilliams,LT-BWILLIAMS,aggregator,bwilliams,http_count,598,,{},2026-05-29 23:59:00+00,HIGH,,2026-05-29 23:59:00+00
1535,pld-9b69fbda-f460-4f9d-8618-8130c4e1adb8,agt-1004,bwilliams,LT-BWILLIAMS,aggregator,bwilliams,download_count,5,,{},2026-05-29 23:59:00+00,HIGH,,2026-05-29 23:59:00+00
1536,pld-9b69fbda-f460-4f9d-8618-8130c4e1adb8,agt-1004,bwilliams,LT-BWILLIAMS,aggregator,bwilliams,http_after_hours,3,,{},2026-05-29 23:59:00+00,HIGH,,2026-05-29 23:59:00+00
1537,pld-23bdd038-c6dd-449b-9939-866e2f0cddb2,agt-1005,cdavis,LT-CDAVIS,aggregator,cdavis,logon_count,2,,{},2026-05-29 23:59:00+00,HIGH,,2026-05-29 23:59:00+00
1538,pld-23bdd038-c6dd-449b-9939-866e2f0cddb2,agt-1005,cdavis,LT-CDAVIS,aggregator,cdavis,logoff_count,3,,{},2026-05-29 23:59:00+00,HIGH,,2026-05-29 23:59:00+00
1539,pld-23bdd038-c6dd-449b-9939-866e2f0cddb2,agt-1005,cdavis,LT-CDAVIS,aggregator,cdavis,file_access_count,316,,{},2026-05-29 23:59:00+00,HIGH,,2026-05-29 23:59:00+00
1540,pld-23bdd038-c6dd-449b-9939-866e2f0cddb2,agt-1005,cdavis,LT-CDAVIS,aggregator,cdavis,file_open_count,102,,{},2026-05-29 23:59:00+00,HIGH,,2026-05-29 23:59:00+00
1541,pld-23bdd038-c6dd-449b-9939-866e2f0cddb2,agt-1005,cdavis,LT-CDAVIS,aggregator,cdavis,file_copy_count,17,,{},2026-05-29 23:59:00+00,HIGH,,2026-05-29 23:59:00+00
1542,pld-23bdd038-c6dd-449b-9939-866e2f0cddb2,agt-1005,cdavis,LT-CDAVIS,aggregator,cdavis,file_write_count,34,,{},2026-05-29 23:59:00+00,HIGH,,2026-05-29 23:59:00+00
1543,pld-23bdd038-c6dd-449b-9939-866e2f0cddb2,agt-1005,cdavis,LT-CDAVIS,aggregator,cdavis,file_delete_count,4,,{},2026-05-29 23:59:00+00,HIGH,,2026-05-29 23:59:00+00
1544,pld-23bdd038-c6dd-449b-9939-866e2f0cddb2,agt-1005,cdavis,LT-CDAVIS,aggregator,cdavis,file_access_after_hours,5,,{},2026-05-29 23:59:00+00,HIGH,,2026-05-29 23:59:00+00
1545,pld-23bdd038-c6dd-449b-9939-866e2f0cddb2,agt-1005,cdavis,LT-CDAVIS,aggregator,cdavis,http_count,478,,{},2026-05-29 23:59:00+00,HIGH,,2026-05-29 23:59:00+00
1546,pld-23bdd038-c6dd-449b-9939-866e2f0cddb2,agt-1005,cdavis,LT-CDAVIS,aggregator,cdavis,download_count,3,,{},2026-05-29 23:59:00+00,HIGH,,2026-05-29 23:59:00+00
1547,pld-23bdd038-c6dd-449b-9939-866e2f0cddb2,agt-1005,cdavis,LT-CDAVIS,aggregator,cdavis,http_after_hours,18,,{},2026-05-29 23:59:00+00,HIGH,,2026-05-29 23:59:00+00
1548,pld-1048d9bb-49d5-4696-a82e-97065ef84a01,agt-1006,mscott,LT-MSCOTT,aggregator,mscott,logon_count,2,,{},2026-05-29 23:59:00+00,HIGH,,2026-05-29 23:59:00+00
1549,pld-1048d9bb-49d5-4696-a82e-97065ef84a01,agt-1006,mscott,LT-MSCOTT,aggregator,mscott,logoff_count,1,,{},2026-05-29 23:59:00+00,HIGH,,2026-05-29 23:59:00+00
1550,pld-1048d9bb-49d5-4696-a82e-97065ef84a01,agt-1006,mscott,LT-MSCOTT,aggregator,mscott,file_access_count,135,,{},2026-05-29 23:59:00+00,HIGH,,2026-05-29 23:59:00+00
1551,pld-1048d9bb-49d5-4696-a82e-97065ef84a01,agt-1006,mscott,LT-MSCOTT,aggregator,mscott,file_open_count,117,,{},2026-05-29 23:59:00+00,HIGH,,2026-05-29 23:59:00+00
1552,pld-1048d9bb-49d5-4696-a82e-97065ef84a01,agt-1006,mscott,LT-MSCOTT,aggregator,mscott,file_copy_count,15,,{},2026-05-29 23:59:00+00,HIGH,,2026-05-29 23:59:00+00
1553,pld-1048d9bb-49d5-4696-a82e-97065ef84a01,agt-1006,mscott,LT-MSCOTT,aggregator,mscott,file_write_count,10,,{},2026-05-29 23:59:00+00,HIGH,,2026-05-29 23:59:00+00
1554,pld-1048d9bb-49d5-4696-a82e-97065ef84a01,agt-1006,mscott,LT-MSCOTT,aggregator,mscott,file_access_after_hours,2,,{},2026-05-29 23:59:00+00,HIGH,,2026-05-29 23:59:00+00
1555,pld-1048d9bb-49d5-4696-a82e-97065ef84a01,agt-1006,mscott,LT-MSCOTT,aggregator,mscott,http_count,746,,{},2026-05-29 23:59:00+00,HIGH,,2026-05-29 23:59:00+00
1556,pld-1048d9bb-49d5-4696-a82e-97065ef84a01,agt-1006,mscott,LT-MSCOTT,aggregator,mscott,download_count,3,,{},2026-05-29 23:59:00+00,HIGH,,2026-05-29 23:59:00+00
1557,pld-1048d9bb-49d5-4696-a82e-97065ef84a01,agt-1006,mscott,LT-MSCOTT,aggregator,mscott,http_after_hours,1,,{},2026-05-29 23:59:00+00,HIGH,,2026-05-29 23:59:00+00
1558,pld-329279b7-25d3-40e9-b2e6-e081e72c9642,agt-1007,tjones,LT-TJONES,aggregator,tjones,logon_count,2,,{},2026-05-29 23:59:00+00,HIGH,,2026-05-29 23:59:00+00
1559,pld-329279b7-25d3-40e9-b2e6-e081e72c9642,agt-1007,tjones,LT-TJONES,aggregator,tjones,logoff_count,1,,{},2026-05-29 23:59:00+00,HIGH,,2026-05-29 23:59:00+00
1560,pld-329279b7-25d3-40e9-b2e6-e081e72c9642,agt-1007,tjones,LT-TJONES,aggregator,tjones,file_access_count,387,,{},2026-05-29 23:59:00+00,HIGH,,2026-05-29 23:59:00+00
1561,pld-329279b7-25d3-40e9-b2e6-e081e72c9642,agt-1007,tjones,LT-TJONES,aggregator,tjones,file_open_count,88,,{},2026-05-29 23:59:00+00,HIGH,,2026-05-29 23:59:00+00
1562,pld-329279b7-25d3-40e9-b2e6-e081e72c9642,agt-1007,tjones,LT-TJONES,aggregator,tjones,file_copy_count,9,,{},2026-05-29 23:59:00+00,HIGH,,2026-05-29 23:59:00+00
1563,pld-329279b7-25d3-40e9-b2e6-e081e72c9642,agt-1007,tjones,LT-TJONES,aggregator,tjones,file_write_count,18,,{},2026-05-29 23:59:00+00,HIGH,,2026-05-29 23:59:00+00
1564,pld-329279b7-25d3-40e9-b2e6-e081e72c9642,agt-1007,tjones,LT-TJONES,aggregator,tjones,file_delete_count,5,,{},2026-05-29 23:59:00+00,HIGH,,2026-05-29 23:59:00+00
1565,pld-329279b7-25d3-40e9-b2e6-e081e72c9642,agt-1007,tjones,LT-TJONES,aggregator,tjones,file_access_after_hours,10,,{},2026-05-29 23:59:00+00,HIGH,,2026-05-29 23:59:00+00
1566,pld-329279b7-25d3-40e9-b2e6-e081e72c9642,agt-1007,tjones,LT-TJONES,aggregator,tjones,http_count,623,,{},2026-05-29 23:59:00+00,HIGH,,2026-05-29 23:59:00+00
1567,pld-329279b7-25d3-40e9-b2e6-e081e72c9642,agt-1007,tjones,LT-TJONES,aggregator,tjones,download_count,5,,{},2026-05-29 23:59:00+00,HIGH,,2026-05-29 23:59:00+00
1568,pld-329279b7-25d3-40e9-b2e6-e081e72c9642,agt-1007,tjones,LT-TJONES,aggregator,tjones,http_after_hours,7,,{},2026-05-29 23:59:00+00,HIGH,,2026-05-29 23:59:00+00
1569,pld-2ad2f4c7-7b6b-4530-ad79-77a8d2ad49a7,agt-1008,rwilson,LT-RWILSON,aggregator,rwilson,logon_count,2,,{},2026-05-29 23:59:00+00,HIGH,,2026-05-29 23:59:00+00
1570,pld-2ad2f4c7-7b6b-4530-ad79-77a8d2ad49a7,agt-1008,rwilson,LT-RWILSON,aggregator,rwilson,logoff_count,2,,{},2026-05-29 23:59:00+00,HIGH,,2026-05-29 23:59:00+00
1571,pld-2ad2f4c7-7b6b-4530-ad79-77a8d2ad49a7,agt-1008,rwilson,LT-RWILSON,aggregator,rwilson,file_access_count,249,,{},2026-05-29 23:59:00+00,HIGH,,2026-05-29 23:59:00+00
1572,pld-2ad2f4c7-7b6b-4530-ad79-77a8d2ad49a7,agt-1008,rwilson,LT-RWILSON,aggregator,rwilson,file_open_count,65,,{},2026-05-29 23:59:00+00,HIGH,,2026-05-29 23:59:00+00
1573,pld-2ad2f4c7-7b6b-4530-ad79-77a8d2ad49a7,agt-1008,rwilson,LT-RWILSON,aggregator,rwilson,file_copy_count,5,,{},2026-05-29 23:59:00+00,HIGH,,2026-05-29 23:59:00+00
1574,pld-2ad2f4c7-7b6b-4530-ad79-77a8d2ad49a7,agt-1008,rwilson,LT-RWILSON,aggregator,rwilson,file_write_count,47,,{},2026-05-29 23:59:00+00,HIGH,,2026-05-29 23:59:00+00
1575,pld-2ad2f4c7-7b6b-4530-ad79-77a8d2ad49a7,agt-1008,rwilson,LT-RWILSON,aggregator,rwilson,file_delete_count,1,,{},2026-05-29 23:59:00+00,HIGH,,2026-05-29 23:59:00+00
1576,pld-2ad2f4c7-7b6b-4530-ad79-77a8d2ad49a7,agt-1008,rwilson,LT-RWILSON,aggregator,rwilson,file_access_after_hours,4,,{},2026-05-29 23:59:00+00,HIGH,,2026-05-29 23:59:00+00
1577,pld-2ad2f4c7-7b6b-4530-ad79-77a8d2ad49a7,agt-1008,rwilson,LT-RWILSON,aggregator,rwilson,http_count,721,,{},2026-05-29 23:59:00+00,HIGH,,2026-05-29 23:59:00+00
1578,pld-2ad2f4c7-7b6b-4530-ad79-77a8d2ad49a7,agt-1008,rwilson,LT-RWILSON,aggregator,rwilson,http_after_hours,5,,{},2026-05-29 23:59:00+00,HIGH,,2026-05-29 23:59:00+00
1579,pld-5f06f038-f198-4319-aa65-6a3f132fbbc9,agt-1009,esnow,LT-ESNOW,aggregator,esnow,logon_count,1,,{},2026-05-29 23:59:00+00,HIGH,,2026-05-29 23:59:00+00
1580,pld-5f06f038-f198-4319-aa65-6a3f132fbbc9,agt-1009,esnow,LT-ESNOW,aggregator,esnow,logoff_count,2,,{},2026-05-29 23:59:00+00,HIGH,,2026-05-29 23:59:00+00
1581,pld-5f06f038-f198-4319-aa65-6a3f132fbbc9,agt-1009,esnow,LT-ESNOW,aggregator,esnow,file_access_count,302,,{},2026-05-29 23:59:00+00,HIGH,,2026-05-29 23:59:00+00
1582,pld-5f06f038-f198-4319-aa65-6a3f132fbbc9,agt-1009,esnow,LT-ESNOW,aggregator,esnow,file_open_count,147,,{},2026-05-29 23:59:00+00,HIGH,,2026-05-29 23:59:00+00
1583,pld-5f06f038-f198-4319-aa65-6a3f132fbbc9,agt-1009,esnow,LT-ESNOW,aggregator,esnow,file_copy_count,8,,{},2026-05-29 23:59:00+00,HIGH,,2026-05-29 23:59:00+00
1584,pld-5f06f038-f198-4319-aa65-6a3f132fbbc9,agt-1009,esnow,LT-ESNOW,aggregator,esnow,file_write_count,13,,{},2026-05-29 23:59:00+00,HIGH,,2026-05-29 23:59:00+00
1585,pld-5f06f038-f198-4319-aa65-6a3f132fbbc9,agt-1009,esnow,LT-ESNOW,aggregator,esnow,file_delete_count,1,,{},2026-05-29 23:59:00+00,HIGH,,2026-05-29 23:59:00+00
1586,pld-5f06f038-f198-4319-aa65-6a3f132fbbc9,agt-1009,esnow,LT-ESNOW,aggregator,esnow,file_access_after_hours,7,,{},2026-05-29 23:59:00+00,HIGH,,2026-05-29 23:59:00+00
1587,pld-5f06f038-f198-4319-aa65-6a3f132fbbc9,agt-1009,esnow,LT-ESNOW,aggregator,esnow,http_count,620,,{},2026-05-29 23:59:00+00,HIGH,,2026-05-29 23:59:00+00
1588,pld-5f06f038-f198-4319-aa65-6a3f132fbbc9,agt-1009,esnow,LT-ESNOW,aggregator,esnow,job_search_site_visits,13,,{},2026-05-29 23:59:00+00,HIGH,,2026-05-29 23:59:00+00
1589,pld-5f06f038-f198-4319-aa65-6a3f132fbbc9,agt-1009,esnow,LT-ESNOW,aggregator,esnow,download_count,3,,{},2026-05-29 23:59:00+00,HIGH,,2026-05-29 23:59:00+00
1590,pld-5f06f038-f198-4319-aa65-6a3f132fbbc9,agt-1009,esnow,LT-ESNOW,aggregator,esnow,http_after_hours,20,,{},2026-05-29 23:59:00+00,HIGH,,2026-05-29 23:59:00+00
1591,pld-78731aab-3123-4a83-8ec8-5c15e397a57c,agt-1010,badmin,LT-BADMIN,aggregator,badmin,logon_count,1,,{},2026-05-29 23:59:00+00,HIGH,,2026-05-29 23:59:00+00
1592,pld-78731aab-3123-4a83-8ec8-5c15e397a57c,agt-1010,badmin,LT-BADMIN,aggregator,badmin,logoff_count,2,,{},2026-05-29 23:59:00+00,HIGH,,2026-05-29 23:59:00+00
1593,pld-78731aab-3123-4a83-8ec8-5c15e397a57c,agt-1010,badmin,LT-BADMIN,aggregator,badmin,file_access_count,232,,{},2026-05-29 23:59:00+00,HIGH,,2026-05-29 23:59:00+00
1594,pld-78731aab-3123-4a83-8ec8-5c15e397a57c,agt-1010,badmin,LT-BADMIN,aggregator,badmin,file_open_count,174,,{},2026-05-29 23:59:00+00,HIGH,,2026-05-29 23:59:00+00
1595,pld-78731aab-3123-4a83-8ec8-5c15e397a57c,agt-1010,badmin,LT-BADMIN,aggregator,badmin,file_copy_count,15,,{},2026-05-29 23:59:00+00,HIGH,,2026-05-29 23:59:00+00
1596,pld-78731aab-3123-4a83-8ec8-5c15e397a57c,agt-1010,badmin,LT-BADMIN,aggregator,badmin,file_write_count,15,,{},2026-05-29 23:59:00+00,HIGH,,2026-05-29 23:59:00+00
1597,pld-78731aab-3123-4a83-8ec8-5c15e397a57c,agt-1010,badmin,LT-BADMIN,aggregator,badmin,file_delete_count,1,,{},2026-05-29 23:59:00+00,HIGH,,2026-05-29 23:59:00+00
1598,pld-78731aab-3123-4a83-8ec8-5c15e397a57c,agt-1010,badmin,LT-BADMIN,aggregator,badmin,http_count,747,,{},2026-05-29 23:59:00+00,HIGH,,2026-05-29 23:59:00+00
1599,pld-78731aab-3123-4a83-8ec8-5c15e397a57c,agt-1010,badmin,LT-BADMIN,aggregator,badmin,download_count,3,,{},2026-05-29 23:59:00+00,HIGH,,2026-05-29 23:59:00+00
1600,pld-78731aab-3123-4a83-8ec8-5c15e397a57c,agt-1010,badmin,LT-BADMIN,aggregator,badmin,http_after_hours,14,,{},2026-05-29 23:59:00+00,HIGH,,2026-05-29 23:59:00+00
1601,pld-7861f66f-b960-40f8-bb80-3b6fdace76a6,agt-1001,jdoe,LT-JDOE,aggregator,jdoe,logon_count,2,,{},2026-05-30 23:59:00+00,HIGH,,2026-05-30 23:59:00+00
1602,pld-7861f66f-b960-40f8-bb80-3b6fdace76a6,agt-1001,jdoe,LT-JDOE,aggregator,jdoe,logoff_count,1,,{},2026-05-30 23:59:00+00,HIGH,,2026-05-30 23:59:00+00
1603,pld-7861f66f-b960-40f8-bb80-3b6fdace76a6,agt-1001,jdoe,LT-JDOE,aggregator,jdoe,file_access_count,28,,{},2026-05-30 23:59:00+00,HIGH,,2026-05-30 23:59:00+00
1604,pld-7861f66f-b960-40f8-bb80-3b6fdace76a6,agt-1001,jdoe,LT-JDOE,aggregator,jdoe,file_open_count,99,,{},2026-05-30 23:59:00+00,HIGH,,2026-05-30 23:59:00+00
1605,pld-7861f66f-b960-40f8-bb80-3b6fdace76a6,agt-1001,jdoe,LT-JDOE,aggregator,jdoe,file_copy_count,20,,{},2026-05-30 23:59:00+00,HIGH,,2026-05-30 23:59:00+00
1606,pld-7861f66f-b960-40f8-bb80-3b6fdace76a6,agt-1001,jdoe,LT-JDOE,aggregator,jdoe,file_write_count,23,,{},2026-05-30 23:59:00+00,HIGH,,2026-05-30 23:59:00+00
1607,pld-7861f66f-b960-40f8-bb80-3b6fdace76a6,agt-1001,jdoe,LT-JDOE,aggregator,jdoe,file_delete_count,2,,{},2026-05-30 23:59:00+00,HIGH,,2026-05-30 23:59:00+00
1608,pld-7861f66f-b960-40f8-bb80-3b6fdace76a6,agt-1001,jdoe,LT-JDOE,aggregator,jdoe,file_access_after_hours,8,,{},2026-05-30 23:59:00+00,HIGH,,2026-05-30 23:59:00+00
1609,pld-7861f66f-b960-40f8-bb80-3b6fdace76a6,agt-1001,jdoe,LT-JDOE,aggregator,jdoe,http_count,16,,{},2026-05-30 23:59:00+00,HIGH,,2026-05-30 23:59:00+00
1610,pld-7861f66f-b960-40f8-bb80-3b6fdace76a6,agt-1001,jdoe,LT-JDOE,aggregator,jdoe,download_count,2,,{},2026-05-30 23:59:00+00,HIGH,,2026-05-30 23:59:00+00
1611,pld-7861f66f-b960-40f8-bb80-3b6fdace76a6,agt-1001,jdoe,LT-JDOE,aggregator,jdoe,http_after_hours,13,,{},2026-05-30 23:59:00+00,HIGH,,2026-05-30 23:59:00+00
1612,pld-d1f1063e-dedc-4af0-a9d6-da6930119193,agt-1002,asmith,LT-ASMITH,aggregator,asmith,logon_count,2,,{},2026-05-30 23:59:00+00,HIGH,,2026-05-30 23:59:00+00
1613,pld-d1f1063e-dedc-4af0-a9d6-da6930119193,agt-1002,asmith,LT-ASMITH,aggregator,asmith,logoff_count,3,,{},2026-05-30 23:59:00+00,HIGH,,2026-05-30 23:59:00+00
1614,pld-d1f1063e-dedc-4af0-a9d6-da6930119193,agt-1002,asmith,LT-ASMITH,aggregator,asmith,file_access_count,48,,{},2026-05-30 23:59:00+00,HIGH,,2026-05-30 23:59:00+00
1615,pld-d1f1063e-dedc-4af0-a9d6-da6930119193,agt-1002,asmith,LT-ASMITH,aggregator,asmith,file_open_count,181,,{},2026-05-30 23:59:00+00,HIGH,,2026-05-30 23:59:00+00
1616,pld-d1f1063e-dedc-4af0-a9d6-da6930119193,agt-1002,asmith,LT-ASMITH,aggregator,asmith,file_copy_count,18,,{},2026-05-30 23:59:00+00,HIGH,,2026-05-30 23:59:00+00
1617,pld-d1f1063e-dedc-4af0-a9d6-da6930119193,agt-1002,asmith,LT-ASMITH,aggregator,asmith,file_write_count,35,,{},2026-05-30 23:59:00+00,HIGH,,2026-05-30 23:59:00+00
1618,pld-d1f1063e-dedc-4af0-a9d6-da6930119193,agt-1002,asmith,LT-ASMITH,aggregator,asmith,file_delete_count,3,,{},2026-05-30 23:59:00+00,HIGH,,2026-05-30 23:59:00+00
1619,pld-d1f1063e-dedc-4af0-a9d6-da6930119193,agt-1002,asmith,LT-ASMITH,aggregator,asmith,file_access_after_hours,5,,{},2026-05-30 23:59:00+00,HIGH,,2026-05-30 23:59:00+00
1620,pld-d1f1063e-dedc-4af0-a9d6-da6930119193,agt-1002,asmith,LT-ASMITH,aggregator,asmith,http_count,51,,{},2026-05-30 23:59:00+00,HIGH,,2026-05-30 23:59:00+00
1621,pld-d1f1063e-dedc-4af0-a9d6-da6930119193,agt-1002,asmith,LT-ASMITH,aggregator,asmith,download_count,2,,{},2026-05-30 23:59:00+00,HIGH,,2026-05-30 23:59:00+00
1622,pld-d1f1063e-dedc-4af0-a9d6-da6930119193,agt-1002,asmith,LT-ASMITH,aggregator,asmith,http_after_hours,18,,{},2026-05-30 23:59:00+00,HIGH,,2026-05-30 23:59:00+00
1623,pld-a44bdb9b-bd7a-40e5-bb19-3394a187a36d,agt-1003,mjones,LT-MJONES,aggregator,mjones,logon_count,2,,{},2026-05-30 23:59:00+00,HIGH,,2026-05-30 23:59:00+00
1624,pld-a44bdb9b-bd7a-40e5-bb19-3394a187a36d,agt-1003,mjones,LT-MJONES,aggregator,mjones,logoff_count,3,,{},2026-05-30 23:59:00+00,HIGH,,2026-05-30 23:59:00+00
1625,pld-a44bdb9b-bd7a-40e5-bb19-3394a187a36d,agt-1003,mjones,LT-MJONES,aggregator,mjones,weekend_logon,1,,{},2026-05-30 23:59:00+00,HIGH,,2026-05-30 23:59:00+00
1626,pld-a44bdb9b-bd7a-40e5-bb19-3394a187a36d,agt-1003,mjones,LT-MJONES,aggregator,mjones,file_access_count,34,,{},2026-05-30 23:59:00+00,HIGH,,2026-05-30 23:59:00+00
1627,pld-a44bdb9b-bd7a-40e5-bb19-3394a187a36d,agt-1003,mjones,LT-MJONES,aggregator,mjones,file_open_count,162,,{},2026-05-30 23:59:00+00,HIGH,,2026-05-30 23:59:00+00
1628,pld-a44bdb9b-bd7a-40e5-bb19-3394a187a36d,agt-1003,mjones,LT-MJONES,aggregator,mjones,file_copy_count,15,,{},2026-05-30 23:59:00+00,HIGH,,2026-05-30 23:59:00+00
1629,pld-a44bdb9b-bd7a-40e5-bb19-3394a187a36d,agt-1003,mjones,LT-MJONES,aggregator,mjones,file_write_count,47,,{},2026-05-30 23:59:00+00,HIGH,,2026-05-30 23:59:00+00
1630,pld-a44bdb9b-bd7a-40e5-bb19-3394a187a36d,agt-1003,mjones,LT-MJONES,aggregator,mjones,file_delete_count,3,,{},2026-05-30 23:59:00+00,HIGH,,2026-05-30 23:59:00+00
1631,pld-a44bdb9b-bd7a-40e5-bb19-3394a187a36d,agt-1003,mjones,LT-MJONES,aggregator,mjones,file_access_after_hours,10,,{},2026-05-30 23:59:00+00,HIGH,,2026-05-30 23:59:00+00
1632,pld-a44bdb9b-bd7a-40e5-bb19-3394a187a36d,agt-1003,mjones,LT-MJONES,aggregator,mjones,http_count,12,,{},2026-05-30 23:59:00+00,HIGH,,2026-05-30 23:59:00+00
1633,pld-a44bdb9b-bd7a-40e5-bb19-3394a187a36d,agt-1003,mjones,LT-MJONES,aggregator,mjones,download_count,4,,{},2026-05-30 23:59:00+00,HIGH,,2026-05-30 23:59:00+00
1634,pld-a44bdb9b-bd7a-40e5-bb19-3394a187a36d,agt-1003,mjones,LT-MJONES,aggregator,mjones,http_after_hours,8,,{},2026-05-30 23:59:00+00,HIGH,,2026-05-30 23:59:00+00
1635,pld-8ecfac19-c65b-4717-bb9c-f586cc91176f,agt-1004,bwilliams,LT-BWILLIAMS,aggregator,bwilliams,logon_count,1,,{},2026-05-30 23:59:00+00,HIGH,,2026-05-30 23:59:00+00
1636,pld-8ecfac19-c65b-4717-bb9c-f586cc91176f,agt-1004,bwilliams,LT-BWILLIAMS,aggregator,bwilliams,logoff_count,1,,{},2026-05-30 23:59:00+00,HIGH,,2026-05-30 23:59:00+00
1637,pld-8ecfac19-c65b-4717-bb9c-f586cc91176f,agt-1004,bwilliams,LT-BWILLIAMS,aggregator,bwilliams,file_access_count,6,,{},2026-05-30 23:59:00+00,HIGH,,2026-05-30 23:59:00+00
1638,pld-8ecfac19-c65b-4717-bb9c-f586cc91176f,agt-1004,bwilliams,LT-BWILLIAMS,aggregator,bwilliams,file_open_count,99,,{},2026-05-30 23:59:00+00,HIGH,,2026-05-30 23:59:00+00
1639,pld-8ecfac19-c65b-4717-bb9c-f586cc91176f,agt-1004,bwilliams,LT-BWILLIAMS,aggregator,bwilliams,file_copy_count,16,,{},2026-05-30 23:59:00+00,HIGH,,2026-05-30 23:59:00+00
1640,pld-8ecfac19-c65b-4717-bb9c-f586cc91176f,agt-1004,bwilliams,LT-BWILLIAMS,aggregator,bwilliams,file_write_count,30,,{},2026-05-30 23:59:00+00,HIGH,,2026-05-30 23:59:00+00
1641,pld-8ecfac19-c65b-4717-bb9c-f586cc91176f,agt-1004,bwilliams,LT-BWILLIAMS,aggregator,bwilliams,file_access_after_hours,2,,{},2026-05-30 23:59:00+00,HIGH,,2026-05-30 23:59:00+00
1642,pld-8ecfac19-c65b-4717-bb9c-f586cc91176f,agt-1004,bwilliams,LT-BWILLIAMS,aggregator,bwilliams,http_count,89,,{},2026-05-30 23:59:00+00,HIGH,,2026-05-30 23:59:00+00
1643,pld-8ecfac19-c65b-4717-bb9c-f586cc91176f,agt-1004,bwilliams,LT-BWILLIAMS,aggregator,bwilliams,http_after_hours,7,,{},2026-05-30 23:59:00+00,HIGH,,2026-05-30 23:59:00+00
1644,pld-642b2993-e355-4f3d-859a-3c85d8cc72b1,agt-1005,cdavis,LT-CDAVIS,aggregator,cdavis,logon_count,2,,{},2026-05-30 23:59:00+00,HIGH,,2026-05-30 23:59:00+00
1645,pld-642b2993-e355-4f3d-859a-3c85d8cc72b1,agt-1005,cdavis,LT-CDAVIS,aggregator,cdavis,logoff_count,3,,{},2026-05-30 23:59:00+00,HIGH,,2026-05-30 23:59:00+00
1646,pld-642b2993-e355-4f3d-859a-3c85d8cc72b1,agt-1005,cdavis,LT-CDAVIS,aggregator,cdavis,weekend_logon,1,,{},2026-05-30 23:59:00+00,HIGH,,2026-05-30 23:59:00+00
1647,pld-642b2993-e355-4f3d-859a-3c85d8cc72b1,agt-1005,cdavis,LT-CDAVIS,aggregator,cdavis,file_access_count,8,,{},2026-05-30 23:59:00+00,HIGH,,2026-05-30 23:59:00+00
1648,pld-642b2993-e355-4f3d-859a-3c85d8cc72b1,agt-1005,cdavis,LT-CDAVIS,aggregator,cdavis,file_open_count,106,,{},2026-05-30 23:59:00+00,HIGH,,2026-05-30 23:59:00+00
1649,pld-642b2993-e355-4f3d-859a-3c85d8cc72b1,agt-1005,cdavis,LT-CDAVIS,aggregator,cdavis,file_copy_count,5,,{},2026-05-30 23:59:00+00,HIGH,,2026-05-30 23:59:00+00
1650,pld-642b2993-e355-4f3d-859a-3c85d8cc72b1,agt-1005,cdavis,LT-CDAVIS,aggregator,cdavis,file_write_count,22,,{},2026-05-30 23:59:00+00,HIGH,,2026-05-30 23:59:00+00
1651,pld-642b2993-e355-4f3d-859a-3c85d8cc72b1,agt-1005,cdavis,LT-CDAVIS,aggregator,cdavis,file_delete_count,2,,{},2026-05-30 23:59:00+00,HIGH,,2026-05-30 23:59:00+00
1652,pld-642b2993-e355-4f3d-859a-3c85d8cc72b1,agt-1005,cdavis,LT-CDAVIS,aggregator,cdavis,file_access_after_hours,1,,{},2026-05-30 23:59:00+00,HIGH,,2026-05-30 23:59:00+00
1653,pld-642b2993-e355-4f3d-859a-3c85d8cc72b1,agt-1005,cdavis,LT-CDAVIS,aggregator,cdavis,http_count,3,,{},2026-05-30 23:59:00+00,HIGH,,2026-05-30 23:59:00+00
1654,pld-642b2993-e355-4f3d-859a-3c85d8cc72b1,agt-1005,cdavis,LT-CDAVIS,aggregator,cdavis,http_after_hours,2,,{},2026-05-30 23:59:00+00,HIGH,,2026-05-30 23:59:00+00
1655,pld-8918924d-d74d-4b86-b33a-9e5ca805e526,agt-1006,mscott,LT-MSCOTT,aggregator,mscott,logon_count,1,,{},2026-05-30 23:59:00+00,HIGH,,2026-05-30 23:59:00+00
1656,pld-8918924d-d74d-4b86-b33a-9e5ca805e526,agt-1006,mscott,LT-MSCOTT,aggregator,mscott,logoff_count,2,,{},2026-05-30 23:59:00+00,HIGH,,2026-05-30 23:59:00+00
1657,pld-8918924d-d74d-4b86-b33a-9e5ca805e526,agt-1006,mscott,LT-MSCOTT,aggregator,mscott,file_access_count,9,,{},2026-05-30 23:59:00+00,HIGH,,2026-05-30 23:59:00+00
1658,pld-8918924d-d74d-4b86-b33a-9e5ca805e526,agt-1006,mscott,LT-MSCOTT,aggregator,mscott,file_open_count,141,,{},2026-05-30 23:59:00+00,HIGH,,2026-05-30 23:59:00+00
1659,pld-8918924d-d74d-4b86-b33a-9e5ca805e526,agt-1006,mscott,LT-MSCOTT,aggregator,mscott,file_copy_count,8,,{},2026-05-30 23:59:00+00,HIGH,,2026-05-30 23:59:00+00
1660,pld-8918924d-d74d-4b86-b33a-9e5ca805e526,agt-1006,mscott,LT-MSCOTT,aggregator,mscott,file_write_count,19,,{},2026-05-30 23:59:00+00,HIGH,,2026-05-30 23:59:00+00
1661,pld-8918924d-d74d-4b86-b33a-9e5ca805e526,agt-1006,mscott,LT-MSCOTT,aggregator,mscott,file_delete_count,5,,{},2026-05-30 23:59:00+00,HIGH,,2026-05-30 23:59:00+00
1662,pld-8918924d-d74d-4b86-b33a-9e5ca805e526,agt-1006,mscott,LT-MSCOTT,aggregator,mscott,file_access_after_hours,1,,{},2026-05-30 23:59:00+00,HIGH,,2026-05-30 23:59:00+00
1663,pld-8918924d-d74d-4b86-b33a-9e5ca805e526,agt-1006,mscott,LT-MSCOTT,aggregator,mscott,http_count,57,,{},2026-05-30 23:59:00+00,HIGH,,2026-05-30 23:59:00+00
1664,pld-8918924d-d74d-4b86-b33a-9e5ca805e526,agt-1006,mscott,LT-MSCOTT,aggregator,mscott,http_after_hours,17,,{},2026-05-30 23:59:00+00,HIGH,,2026-05-30 23:59:00+00
1665,pld-a5b10385-beee-49d4-b13a-1d20afb7b7d2,agt-1007,tjones,LT-TJONES,aggregator,tjones,logon_count,3,,{},2026-05-30 23:59:00+00,HIGH,,2026-05-30 23:59:00+00
1666,pld-a5b10385-beee-49d4-b13a-1d20afb7b7d2,agt-1007,tjones,LT-TJONES,aggregator,tjones,logoff_count,2,,{},2026-05-30 23:59:00+00,HIGH,,2026-05-30 23:59:00+00
1667,pld-a5b10385-beee-49d4-b13a-1d20afb7b7d2,agt-1007,tjones,LT-TJONES,aggregator,tjones,file_access_count,7,,{},2026-05-30 23:59:00+00,HIGH,,2026-05-30 23:59:00+00
1668,pld-a5b10385-beee-49d4-b13a-1d20afb7b7d2,agt-1007,tjones,LT-TJONES,aggregator,tjones,file_open_count,149,,{},2026-05-30 23:59:00+00,HIGH,,2026-05-30 23:59:00+00
1669,pld-a5b10385-beee-49d4-b13a-1d20afb7b7d2,agt-1007,tjones,LT-TJONES,aggregator,tjones,file_copy_count,14,,{},2026-05-30 23:59:00+00,HIGH,,2026-05-30 23:59:00+00
1670,pld-a5b10385-beee-49d4-b13a-1d20afb7b7d2,agt-1007,tjones,LT-TJONES,aggregator,tjones,file_write_count,45,,{},2026-05-30 23:59:00+00,HIGH,,2026-05-30 23:59:00+00
1671,pld-a5b10385-beee-49d4-b13a-1d20afb7b7d2,agt-1007,tjones,LT-TJONES,aggregator,tjones,file_delete_count,3,,{},2026-05-30 23:59:00+00,HIGH,,2026-05-30 23:59:00+00
1672,pld-a5b10385-beee-49d4-b13a-1d20afb7b7d2,agt-1007,tjones,LT-TJONES,aggregator,tjones,file_access_after_hours,2,,{},2026-05-30 23:59:00+00,HIGH,,2026-05-30 23:59:00+00
1673,pld-a5b10385-beee-49d4-b13a-1d20afb7b7d2,agt-1007,tjones,LT-TJONES,aggregator,tjones,http_count,81,,{},2026-05-30 23:59:00+00,HIGH,,2026-05-30 23:59:00+00
1674,pld-a5b10385-beee-49d4-b13a-1d20afb7b7d2,agt-1007,tjones,LT-TJONES,aggregator,tjones,download_count,5,,{},2026-05-30 23:59:00+00,HIGH,,2026-05-30 23:59:00+00
1675,pld-a5b10385-beee-49d4-b13a-1d20afb7b7d2,agt-1007,tjones,LT-TJONES,aggregator,tjones,http_after_hours,16,,{},2026-05-30 23:59:00+00,HIGH,,2026-05-30 23:59:00+00
1676,pld-8985f5b6-cdad-4dbc-907a-15dfe55ecd49,agt-1008,rwilson,LT-RWILSON,aggregator,rwilson,logon_count,1,,{},2026-05-30 23:59:00+00,HIGH,,2026-05-30 23:59:00+00
1677,pld-8985f5b6-cdad-4dbc-907a-15dfe55ecd49,agt-1008,rwilson,LT-RWILSON,aggregator,rwilson,logoff_count,2,,{},2026-05-30 23:59:00+00,HIGH,,2026-05-30 23:59:00+00
1678,pld-8985f5b6-cdad-4dbc-907a-15dfe55ecd49,agt-1008,rwilson,LT-RWILSON,aggregator,rwilson,file_access_count,11,,{},2026-05-30 23:59:00+00,HIGH,,2026-05-30 23:59:00+00
1679,pld-8985f5b6-cdad-4dbc-907a-15dfe55ecd49,agt-1008,rwilson,LT-RWILSON,aggregator,rwilson,file_open_count,188,,{},2026-05-30 23:59:00+00,HIGH,,2026-05-30 23:59:00+00
1680,pld-8985f5b6-cdad-4dbc-907a-15dfe55ecd49,agt-1008,rwilson,LT-RWILSON,aggregator,rwilson,file_copy_count,6,,{},2026-05-30 23:59:00+00,HIGH,,2026-05-30 23:59:00+00
1681,pld-8985f5b6-cdad-4dbc-907a-15dfe55ecd49,agt-1008,rwilson,LT-RWILSON,aggregator,rwilson,file_write_count,42,,{},2026-05-30 23:59:00+00,HIGH,,2026-05-30 23:59:00+00
1682,pld-8985f5b6-cdad-4dbc-907a-15dfe55ecd49,agt-1008,rwilson,LT-RWILSON,aggregator,rwilson,file_delete_count,3,,{},2026-05-30 23:59:00+00,HIGH,,2026-05-30 23:59:00+00
1683,pld-8985f5b6-cdad-4dbc-907a-15dfe55ecd49,agt-1008,rwilson,LT-RWILSON,aggregator,rwilson,file_access_after_hours,8,,{},2026-05-30 23:59:00+00,HIGH,,2026-05-30 23:59:00+00
1684,pld-8985f5b6-cdad-4dbc-907a-15dfe55ecd49,agt-1008,rwilson,LT-RWILSON,aggregator,rwilson,http_count,62,,{},2026-05-30 23:59:00+00,HIGH,,2026-05-30 23:59:00+00
1685,pld-8985f5b6-cdad-4dbc-907a-15dfe55ecd49,agt-1008,rwilson,LT-RWILSON,aggregator,rwilson,download_count,3,,{},2026-05-30 23:59:00+00,HIGH,,2026-05-30 23:59:00+00
1686,pld-8985f5b6-cdad-4dbc-907a-15dfe55ecd49,agt-1008,rwilson,LT-RWILSON,aggregator,rwilson,http_after_hours,8,,{},2026-05-30 23:59:00+00,HIGH,,2026-05-30 23:59:00+00
1687,pld-b83e9979-82a9-4b03-92e5-fda738229c79,agt-1009,esnow,LT-ESNOW,aggregator,esnow,logon_count,1,,{},2026-05-30 23:59:00+00,HIGH,,2026-05-30 23:59:00+00
1688,pld-b83e9979-82a9-4b03-92e5-fda738229c79,agt-1009,esnow,LT-ESNOW,aggregator,esnow,logoff_count,2,,{},2026-05-30 23:59:00+00,HIGH,,2026-05-30 23:59:00+00
1689,pld-b83e9979-82a9-4b03-92e5-fda738229c79,agt-1009,esnow,LT-ESNOW,aggregator,esnow,file_access_count,7,,{},2026-05-30 23:59:00+00,HIGH,,2026-05-30 23:59:00+00
1690,pld-b83e9979-82a9-4b03-92e5-fda738229c79,agt-1009,esnow,LT-ESNOW,aggregator,esnow,file_open_count,64,,{},2026-05-30 23:59:00+00,HIGH,,2026-05-30 23:59:00+00
1691,pld-b83e9979-82a9-4b03-92e5-fda738229c79,agt-1009,esnow,LT-ESNOW,aggregator,esnow,file_copy_count,13,,{},2026-05-30 23:59:00+00,HIGH,,2026-05-30 23:59:00+00
1692,pld-b83e9979-82a9-4b03-92e5-fda738229c79,agt-1009,esnow,LT-ESNOW,aggregator,esnow,file_write_count,21,,{},2026-05-30 23:59:00+00,HIGH,,2026-05-30 23:59:00+00
1693,pld-b83e9979-82a9-4b03-92e5-fda738229c79,agt-1009,esnow,LT-ESNOW,aggregator,esnow,file_delete_count,3,,{},2026-05-30 23:59:00+00,HIGH,,2026-05-30 23:59:00+00
1694,pld-b83e9979-82a9-4b03-92e5-fda738229c79,agt-1009,esnow,LT-ESNOW,aggregator,esnow,http_count,3,,{},2026-05-30 23:59:00+00,HIGH,,2026-05-30 23:59:00+00
1695,pld-b83e9979-82a9-4b03-92e5-fda738229c79,agt-1009,esnow,LT-ESNOW,aggregator,esnow,job_search_site_visits,17,,{},2026-05-30 23:59:00+00,HIGH,,2026-05-30 23:59:00+00
1696,pld-b83e9979-82a9-4b03-92e5-fda738229c79,agt-1009,esnow,LT-ESNOW,aggregator,esnow,download_count,3,,{},2026-05-30 23:59:00+00,HIGH,,2026-05-30 23:59:00+00
1697,pld-b83e9979-82a9-4b03-92e5-fda738229c79,agt-1009,esnow,LT-ESNOW,aggregator,esnow,http_after_hours,18,,{},2026-05-30 23:59:00+00,HIGH,,2026-05-30 23:59:00+00
1698,pld-874e161e-05b3-470d-8baf-9b863ba6236f,agt-1010,badmin,LT-BADMIN,aggregator,badmin,logon_count,1,,{},2026-05-30 23:59:00+00,HIGH,,2026-05-30 23:59:00+00
1699,pld-874e161e-05b3-470d-8baf-9b863ba6236f,agt-1010,badmin,LT-BADMIN,aggregator,badmin,logoff_count,1,,{},2026-05-30 23:59:00+00,HIGH,,2026-05-30 23:59:00+00
1700,pld-874e161e-05b3-470d-8baf-9b863ba6236f,agt-1010,badmin,LT-BADMIN,aggregator,badmin,file_access_count,32,,{},2026-05-30 23:59:00+00,HIGH,,2026-05-30 23:59:00+00
1701,pld-874e161e-05b3-470d-8baf-9b863ba6236f,agt-1010,badmin,LT-BADMIN,aggregator,badmin,file_open_count,104,,{},2026-05-30 23:59:00+00,HIGH,,2026-05-30 23:59:00+00
1702,pld-874e161e-05b3-470d-8baf-9b863ba6236f,agt-1010,badmin,LT-BADMIN,aggregator,badmin,file_copy_count,8,,{},2026-05-30 23:59:00+00,HIGH,,2026-05-30 23:59:00+00
1703,pld-874e161e-05b3-470d-8baf-9b863ba6236f,agt-1010,badmin,LT-BADMIN,aggregator,badmin,file_write_count,42,,{},2026-05-30 23:59:00+00,HIGH,,2026-05-30 23:59:00+00
1704,pld-874e161e-05b3-470d-8baf-9b863ba6236f,agt-1010,badmin,LT-BADMIN,aggregator,badmin,file_delete_count,5,,{},2026-05-30 23:59:00+00,HIGH,,2026-05-30 23:59:00+00
1705,pld-874e161e-05b3-470d-8baf-9b863ba6236f,agt-1010,badmin,LT-BADMIN,aggregator,badmin,file_access_after_hours,7,,{},2026-05-30 23:59:00+00,HIGH,,2026-05-30 23:59:00+00
1706,pld-874e161e-05b3-470d-8baf-9b863ba6236f,agt-1010,badmin,LT-BADMIN,aggregator,badmin,http_count,68,,{},2026-05-30 23:59:00+00,HIGH,,2026-05-30 23:59:00+00
1707,pld-874e161e-05b3-470d-8baf-9b863ba6236f,agt-1010,badmin,LT-BADMIN,aggregator,badmin,download_count,2,,{},2026-05-30 23:59:00+00,HIGH,,2026-05-30 23:59:00+00
1708,pld-874e161e-05b3-470d-8baf-9b863ba6236f,agt-1010,badmin,LT-BADMIN,aggregator,badmin,http_after_hours,6,,{},2026-05-30 23:59:00+00,HIGH,,2026-05-30 23:59:00+00
1709,pld-10f9f0bd-fffc-46c1-9cce-38e18b7bb71d,agt-1001,jdoe,LT-JDOE,aggregator,jdoe,logon_count,1,,{},2026-05-31 23:59:00+00,HIGH,,2026-05-31 23:59:00+00
1710,pld-10f9f0bd-fffc-46c1-9cce-38e18b7bb71d,agt-1001,jdoe,LT-JDOE,aggregator,jdoe,logoff_count,3,,{},2026-05-31 23:59:00+00,HIGH,,2026-05-31 23:59:00+00
1711,pld-10f9f0bd-fffc-46c1-9cce-38e18b7bb71d,agt-1001,jdoe,LT-JDOE,aggregator,jdoe,file_access_count,1,,{},2026-05-31 23:59:00+00,HIGH,,2026-05-31 23:59:00+00
1712,pld-10f9f0bd-fffc-46c1-9cce-38e18b7bb71d,agt-1001,jdoe,LT-JDOE,aggregator,jdoe,file_open_count,139,,{},2026-05-31 23:59:00+00,HIGH,,2026-05-31 23:59:00+00
1713,pld-10f9f0bd-fffc-46c1-9cce-38e18b7bb71d,agt-1001,jdoe,LT-JDOE,aggregator,jdoe,file_copy_count,16,,{},2026-05-31 23:59:00+00,HIGH,,2026-05-31 23:59:00+00
1714,pld-10f9f0bd-fffc-46c1-9cce-38e18b7bb71d,agt-1001,jdoe,LT-JDOE,aggregator,jdoe,file_write_count,28,,{},2026-05-31 23:59:00+00,HIGH,,2026-05-31 23:59:00+00
1715,pld-10f9f0bd-fffc-46c1-9cce-38e18b7bb71d,agt-1001,jdoe,LT-JDOE,aggregator,jdoe,file_delete_count,2,,{},2026-05-31 23:59:00+00,HIGH,,2026-05-31 23:59:00+00
1716,pld-10f9f0bd-fffc-46c1-9cce-38e18b7bb71d,agt-1001,jdoe,LT-JDOE,aggregator,jdoe,file_access_after_hours,3,,{},2026-05-31 23:59:00+00,HIGH,,2026-05-31 23:59:00+00
1717,pld-10f9f0bd-fffc-46c1-9cce-38e18b7bb71d,agt-1001,jdoe,LT-JDOE,aggregator,jdoe,http_count,48,,{},2026-05-31 23:59:00+00,HIGH,,2026-05-31 23:59:00+00
1718,pld-10f9f0bd-fffc-46c1-9cce-38e18b7bb71d,agt-1001,jdoe,LT-JDOE,aggregator,jdoe,http_after_hours,6,,{},2026-05-31 23:59:00+00,HIGH,,2026-05-31 23:59:00+00
1719,pld-3e40088f-f082-4e45-8950-35bcc689e4ec,agt-1002,asmith,LT-ASMITH,aggregator,asmith,logon_count,2,,{},2026-05-31 23:59:00+00,HIGH,,2026-05-31 23:59:00+00
1720,pld-3e40088f-f082-4e45-8950-35bcc689e4ec,agt-1002,asmith,LT-ASMITH,aggregator,asmith,logoff_count,2,,{},2026-05-31 23:59:00+00,HIGH,,2026-05-31 23:59:00+00
1721,pld-3e40088f-f082-4e45-8950-35bcc689e4ec,agt-1002,asmith,LT-ASMITH,aggregator,asmith,file_access_count,29,,{},2026-05-31 23:59:00+00,HIGH,,2026-05-31 23:59:00+00
1722,pld-3e40088f-f082-4e45-8950-35bcc689e4ec,agt-1002,asmith,LT-ASMITH,aggregator,asmith,file_open_count,167,,{},2026-05-31 23:59:00+00,HIGH,,2026-05-31 23:59:00+00
1723,pld-3e40088f-f082-4e45-8950-35bcc689e4ec,agt-1002,asmith,LT-ASMITH,aggregator,asmith,file_copy_count,9,,{},2026-05-31 23:59:00+00,HIGH,,2026-05-31 23:59:00+00
1724,pld-3e40088f-f082-4e45-8950-35bcc689e4ec,agt-1002,asmith,LT-ASMITH,aggregator,asmith,file_write_count,48,,{},2026-05-31 23:59:00+00,HIGH,,2026-05-31 23:59:00+00
1725,pld-3e40088f-f082-4e45-8950-35bcc689e4ec,agt-1002,asmith,LT-ASMITH,aggregator,asmith,file_access_after_hours,7,,{},2026-05-31 23:59:00+00,HIGH,,2026-05-31 23:59:00+00
1726,pld-3e40088f-f082-4e45-8950-35bcc689e4ec,agt-1002,asmith,LT-ASMITH,aggregator,asmith,http_count,4,,{},2026-05-31 23:59:00+00,HIGH,,2026-05-31 23:59:00+00
1727,pld-3e40088f-f082-4e45-8950-35bcc689e4ec,agt-1002,asmith,LT-ASMITH,aggregator,asmith,http_after_hours,18,,{},2026-05-31 23:59:00+00,HIGH,,2026-05-31 23:59:00+00
1728,pld-27c46925-9295-4f6a-b267-98069df11059,agt-1003,mjones,LT-MJONES,aggregator,mjones,logon_count,1,,{},2026-05-31 23:59:00+00,HIGH,,2026-05-31 23:59:00+00
1729,pld-27c46925-9295-4f6a-b267-98069df11059,agt-1003,mjones,LT-MJONES,aggregator,mjones,logoff_count,1,,{},2026-05-31 23:59:00+00,HIGH,,2026-05-31 23:59:00+00
1730,pld-27c46925-9295-4f6a-b267-98069df11059,agt-1003,mjones,LT-MJONES,aggregator,mjones,file_access_count,28,,{},2026-05-31 23:59:00+00,HIGH,,2026-05-31 23:59:00+00
1731,pld-27c46925-9295-4f6a-b267-98069df11059,agt-1003,mjones,LT-MJONES,aggregator,mjones,file_open_count,186,,{},2026-05-31 23:59:00+00,HIGH,,2026-05-31 23:59:00+00
1732,pld-27c46925-9295-4f6a-b267-98069df11059,agt-1003,mjones,LT-MJONES,aggregator,mjones,file_copy_count,6,,{},2026-05-31 23:59:00+00,HIGH,,2026-05-31 23:59:00+00
1733,pld-27c46925-9295-4f6a-b267-98069df11059,agt-1003,mjones,LT-MJONES,aggregator,mjones,file_write_count,11,,{},2026-05-31 23:59:00+00,HIGH,,2026-05-31 23:59:00+00
1734,pld-27c46925-9295-4f6a-b267-98069df11059,agt-1003,mjones,LT-MJONES,aggregator,mjones,file_access_after_hours,3,,{},2026-05-31 23:59:00+00,HIGH,,2026-05-31 23:59:00+00
1735,pld-27c46925-9295-4f6a-b267-98069df11059,agt-1003,mjones,LT-MJONES,aggregator,mjones,http_count,91,,{},2026-05-31 23:59:00+00,HIGH,,2026-05-31 23:59:00+00
1736,pld-27c46925-9295-4f6a-b267-98069df11059,agt-1003,mjones,LT-MJONES,aggregator,mjones,download_count,1,,{},2026-05-31 23:59:00+00,HIGH,,2026-05-31 23:59:00+00
1737,pld-27c46925-9295-4f6a-b267-98069df11059,agt-1003,mjones,LT-MJONES,aggregator,mjones,http_after_hours,15,,{},2026-05-31 23:59:00+00,HIGH,,2026-05-31 23:59:00+00
1738,pld-b9148bfa-4370-41d6-8875-9e05353fd4ad,agt-1004,bwilliams,LT-BWILLIAMS,aggregator,bwilliams,logon_count,1,,{},2026-05-31 23:59:00+00,HIGH,,2026-05-31 23:59:00+00
1739,pld-b9148bfa-4370-41d6-8875-9e05353fd4ad,agt-1004,bwilliams,LT-BWILLIAMS,aggregator,bwilliams,logoff_count,3,,{},2026-05-31 23:59:00+00,HIGH,,2026-05-31 23:59:00+00
1740,pld-b9148bfa-4370-41d6-8875-9e05353fd4ad,agt-1004,bwilliams,LT-BWILLIAMS,aggregator,bwilliams,file_access_count,15,,{},2026-05-31 23:59:00+00,HIGH,,2026-05-31 23:59:00+00
1741,pld-b9148bfa-4370-41d6-8875-9e05353fd4ad,agt-1004,bwilliams,LT-BWILLIAMS,aggregator,bwilliams,file_open_count,136,,{},2026-05-31 23:59:00+00,HIGH,,2026-05-31 23:59:00+00
1742,pld-b9148bfa-4370-41d6-8875-9e05353fd4ad,agt-1004,bwilliams,LT-BWILLIAMS,aggregator,bwilliams,file_copy_count,20,,{},2026-05-31 23:59:00+00,HIGH,,2026-05-31 23:59:00+00
1743,pld-b9148bfa-4370-41d6-8875-9e05353fd4ad,agt-1004,bwilliams,LT-BWILLIAMS,aggregator,bwilliams,file_write_count,48,,{},2026-05-31 23:59:00+00,HIGH,,2026-05-31 23:59:00+00
1744,pld-b9148bfa-4370-41d6-8875-9e05353fd4ad,agt-1004,bwilliams,LT-BWILLIAMS,aggregator,bwilliams,file_delete_count,5,,{},2026-05-31 23:59:00+00,HIGH,,2026-05-31 23:59:00+00
1745,pld-b9148bfa-4370-41d6-8875-9e05353fd4ad,agt-1004,bwilliams,LT-BWILLIAMS,aggregator,bwilliams,file_access_after_hours,3,,{},2026-05-31 23:59:00+00,HIGH,,2026-05-31 23:59:00+00
1746,pld-b9148bfa-4370-41d6-8875-9e05353fd4ad,agt-1004,bwilliams,LT-BWILLIAMS,aggregator,bwilliams,http_count,88,,{},2026-05-31 23:59:00+00,HIGH,,2026-05-31 23:59:00+00
1747,pld-b9148bfa-4370-41d6-8875-9e05353fd4ad,agt-1004,bwilliams,LT-BWILLIAMS,aggregator,bwilliams,download_count,2,,{},2026-05-31 23:59:00+00,HIGH,,2026-05-31 23:59:00+00
1748,pld-b9148bfa-4370-41d6-8875-9e05353fd4ad,agt-1004,bwilliams,LT-BWILLIAMS,aggregator,bwilliams,http_after_hours,16,,{},2026-05-31 23:59:00+00,HIGH,,2026-05-31 23:59:00+00
1749,pld-c08acdb7-c8d3-4228-9ee6-d152aacfba3f,agt-1005,cdavis,LT-CDAVIS,aggregator,cdavis,logon_count,1,,{},2026-05-31 23:59:00+00,HIGH,,2026-05-31 23:59:00+00
1750,pld-c08acdb7-c8d3-4228-9ee6-d152aacfba3f,agt-1005,cdavis,LT-CDAVIS,aggregator,cdavis,logoff_count,3,,{},2026-05-31 23:59:00+00,HIGH,,2026-05-31 23:59:00+00
1751,pld-c08acdb7-c8d3-4228-9ee6-d152aacfba3f,agt-1005,cdavis,LT-CDAVIS,aggregator,cdavis,file_access_count,33,,{},2026-05-31 23:59:00+00,HIGH,,2026-05-31 23:59:00+00
1752,pld-c08acdb7-c8d3-4228-9ee6-d152aacfba3f,agt-1005,cdavis,LT-CDAVIS,aggregator,cdavis,file_open_count,176,,{},2026-05-31 23:59:00+00,HIGH,,2026-05-31 23:59:00+00
1753,pld-c08acdb7-c8d3-4228-9ee6-d152aacfba3f,agt-1005,cdavis,LT-CDAVIS,aggregator,cdavis,file_copy_count,17,,{},2026-05-31 23:59:00+00,HIGH,,2026-05-31 23:59:00+00
1754,pld-c08acdb7-c8d3-4228-9ee6-d152aacfba3f,agt-1005,cdavis,LT-CDAVIS,aggregator,cdavis,file_write_count,11,,{},2026-05-31 23:59:00+00,HIGH,,2026-05-31 23:59:00+00
1755,pld-c08acdb7-c8d3-4228-9ee6-d152aacfba3f,agt-1005,cdavis,LT-CDAVIS,aggregator,cdavis,file_access_after_hours,1,,{},2026-05-31 23:59:00+00,HIGH,,2026-05-31 23:59:00+00
1756,pld-c08acdb7-c8d3-4228-9ee6-d152aacfba3f,agt-1005,cdavis,LT-CDAVIS,aggregator,cdavis,http_count,38,,{},2026-05-31 23:59:00+00,HIGH,,2026-05-31 23:59:00+00
1757,pld-c08acdb7-c8d3-4228-9ee6-d152aacfba3f,agt-1005,cdavis,LT-CDAVIS,aggregator,cdavis,download_count,3,,{},2026-05-31 23:59:00+00,HIGH,,2026-05-31 23:59:00+00
1758,pld-c08acdb7-c8d3-4228-9ee6-d152aacfba3f,agt-1005,cdavis,LT-CDAVIS,aggregator,cdavis,http_after_hours,16,,{},2026-05-31 23:59:00+00,HIGH,,2026-05-31 23:59:00+00
1759,pld-4360f6dd-f587-4410-bfc4-59a3fc1a2de0,agt-1006,mscott,LT-MSCOTT,aggregator,mscott,logon_count,2,,{},2026-05-31 23:59:00+00,HIGH,,2026-05-31 23:59:00+00
1760,pld-4360f6dd-f587-4410-bfc4-59a3fc1a2de0,agt-1006,mscott,LT-MSCOTT,aggregator,mscott,logoff_count,3,,{},2026-05-31 23:59:00+00,HIGH,,2026-05-31 23:59:00+00
1761,pld-4360f6dd-f587-4410-bfc4-59a3fc1a2de0,agt-1006,mscott,LT-MSCOTT,aggregator,mscott,file_access_count,50,,{},2026-05-31 23:59:00+00,HIGH,,2026-05-31 23:59:00+00
1762,pld-4360f6dd-f587-4410-bfc4-59a3fc1a2de0,agt-1006,mscott,LT-MSCOTT,aggregator,mscott,file_open_count,182,,{},2026-05-31 23:59:00+00,HIGH,,2026-05-31 23:59:00+00
1763,pld-4360f6dd-f587-4410-bfc4-59a3fc1a2de0,agt-1006,mscott,LT-MSCOTT,aggregator,mscott,file_copy_count,6,,{},2026-05-31 23:59:00+00,HIGH,,2026-05-31 23:59:00+00
1764,pld-4360f6dd-f587-4410-bfc4-59a3fc1a2de0,agt-1006,mscott,LT-MSCOTT,aggregator,mscott,file_write_count,26,,{},2026-05-31 23:59:00+00,HIGH,,2026-05-31 23:59:00+00
1765,pld-4360f6dd-f587-4410-bfc4-59a3fc1a2de0,agt-1006,mscott,LT-MSCOTT,aggregator,mscott,file_delete_count,2,,{},2026-05-31 23:59:00+00,HIGH,,2026-05-31 23:59:00+00
1766,pld-4360f6dd-f587-4410-bfc4-59a3fc1a2de0,agt-1006,mscott,LT-MSCOTT,aggregator,mscott,file_access_after_hours,3,,{},2026-05-31 23:59:00+00,HIGH,,2026-05-31 23:59:00+00
1767,pld-4360f6dd-f587-4410-bfc4-59a3fc1a2de0,agt-1006,mscott,LT-MSCOTT,aggregator,mscott,usb_connect_count,1,,{},2026-05-31 23:59:00+00,HIGH,,2026-05-31 23:59:00+00
1768,pld-4360f6dd-f587-4410-bfc4-59a3fc1a2de0,agt-1006,mscott,LT-MSCOTT,aggregator,mscott,usb_disconnect_count,1,,{},2026-05-31 23:59:00+00,HIGH,,2026-05-31 23:59:00+00
1769,pld-4360f6dd-f587-4410-bfc4-59a3fc1a2de0,agt-1006,mscott,LT-MSCOTT,aggregator,mscott,usb_file_transfer_count,2,,{},2026-05-31 23:59:00+00,HIGH,,2026-05-31 23:59:00+00
1770,pld-4360f6dd-f587-4410-bfc4-59a3fc1a2de0,agt-1006,mscott,LT-MSCOTT,aggregator,mscott,http_count,99,,{},2026-05-31 23:59:00+00,HIGH,,2026-05-31 23:59:00+00
1771,pld-4360f6dd-f587-4410-bfc4-59a3fc1a2de0,agt-1006,mscott,LT-MSCOTT,aggregator,mscott,download_count,2,,{},2026-05-31 23:59:00+00,HIGH,,2026-05-31 23:59:00+00
1772,pld-4360f6dd-f587-4410-bfc4-59a3fc1a2de0,agt-1006,mscott,LT-MSCOTT,aggregator,mscott,http_after_hours,13,,{},2026-05-31 23:59:00+00,HIGH,,2026-05-31 23:59:00+00
1773,pld-cd9b2b5e-ec76-41c3-b144-3d835011be88,agt-1007,tjones,LT-TJONES,aggregator,tjones,logon_count,2,,{},2026-05-31 23:59:00+00,HIGH,,2026-05-31 23:59:00+00
1774,pld-cd9b2b5e-ec76-41c3-b144-3d835011be88,agt-1007,tjones,LT-TJONES,aggregator,tjones,logoff_count,3,,{},2026-05-31 23:59:00+00,HIGH,,2026-05-31 23:59:00+00
1775,pld-cd9b2b5e-ec76-41c3-b144-3d835011be88,agt-1007,tjones,LT-TJONES,aggregator,tjones,file_access_count,49,,{},2026-05-31 23:59:00+00,HIGH,,2026-05-31 23:59:00+00
1776,pld-cd9b2b5e-ec76-41c3-b144-3d835011be88,agt-1007,tjones,LT-TJONES,aggregator,tjones,file_open_count,189,,{},2026-05-31 23:59:00+00,HIGH,,2026-05-31 23:59:00+00
1777,pld-cd9b2b5e-ec76-41c3-b144-3d835011be88,agt-1007,tjones,LT-TJONES,aggregator,tjones,file_copy_count,15,,{},2026-05-31 23:59:00+00,HIGH,,2026-05-31 23:59:00+00
1778,pld-cd9b2b5e-ec76-41c3-b144-3d835011be88,agt-1007,tjones,LT-TJONES,aggregator,tjones,file_write_count,18,,{},2026-05-31 23:59:00+00,HIGH,,2026-05-31 23:59:00+00
1779,pld-cd9b2b5e-ec76-41c3-b144-3d835011be88,agt-1007,tjones,LT-TJONES,aggregator,tjones,file_delete_count,1,,{},2026-05-31 23:59:00+00,HIGH,,2026-05-31 23:59:00+00
1780,pld-cd9b2b5e-ec76-41c3-b144-3d835011be88,agt-1007,tjones,LT-TJONES,aggregator,tjones,file_access_after_hours,2,,{},2026-05-31 23:59:00+00,HIGH,,2026-05-31 23:59:00+00
1781,pld-cd9b2b5e-ec76-41c3-b144-3d835011be88,agt-1007,tjones,LT-TJONES,aggregator,tjones,http_count,22,,{},2026-05-31 23:59:00+00,HIGH,,2026-05-31 23:59:00+00
1782,pld-cd9b2b5e-ec76-41c3-b144-3d835011be88,agt-1007,tjones,LT-TJONES,aggregator,tjones,download_count,3,,{},2026-05-31 23:59:00+00,HIGH,,2026-05-31 23:59:00+00
1783,pld-59df4dcc-06a3-4821-858e-d742084fcee4,agt-1008,rwilson,LT-RWILSON,aggregator,rwilson,logon_count,3,,{},2026-05-31 23:59:00+00,HIGH,,2026-05-31 23:59:00+00
1784,pld-59df4dcc-06a3-4821-858e-d742084fcee4,agt-1008,rwilson,LT-RWILSON,aggregator,rwilson,logoff_count,2,,{},2026-05-31 23:59:00+00,HIGH,,2026-05-31 23:59:00+00
1785,pld-59df4dcc-06a3-4821-858e-d742084fcee4,agt-1008,rwilson,LT-RWILSON,aggregator,rwilson,weekend_logon,1,,{},2026-05-31 23:59:00+00,HIGH,,2026-05-31 23:59:00+00
1786,pld-59df4dcc-06a3-4821-858e-d742084fcee4,agt-1008,rwilson,LT-RWILSON,aggregator,rwilson,file_access_count,31,,{},2026-05-31 23:59:00+00,HIGH,,2026-05-31 23:59:00+00
1787,pld-59df4dcc-06a3-4821-858e-d742084fcee4,agt-1008,rwilson,LT-RWILSON,aggregator,rwilson,file_open_count,193,,{},2026-05-31 23:59:00+00,HIGH,,2026-05-31 23:59:00+00
1788,pld-59df4dcc-06a3-4821-858e-d742084fcee4,agt-1008,rwilson,LT-RWILSON,aggregator,rwilson,file_copy_count,14,,{},2026-05-31 23:59:00+00,HIGH,,2026-05-31 23:59:00+00
1789,pld-59df4dcc-06a3-4821-858e-d742084fcee4,agt-1008,rwilson,LT-RWILSON,aggregator,rwilson,file_write_count,40,,{},2026-05-31 23:59:00+00,HIGH,,2026-05-31 23:59:00+00
1790,pld-59df4dcc-06a3-4821-858e-d742084fcee4,agt-1008,rwilson,LT-RWILSON,aggregator,rwilson,file_delete_count,3,,{},2026-05-31 23:59:00+00,HIGH,,2026-05-31 23:59:00+00
1791,pld-59df4dcc-06a3-4821-858e-d742084fcee4,agt-1008,rwilson,LT-RWILSON,aggregator,rwilson,http_count,45,,{},2026-05-31 23:59:00+00,HIGH,,2026-05-31 23:59:00+00
1792,pld-59df4dcc-06a3-4821-858e-d742084fcee4,agt-1008,rwilson,LT-RWILSON,aggregator,rwilson,download_count,1,,{},2026-05-31 23:59:00+00,HIGH,,2026-05-31 23:59:00+00
1793,pld-59df4dcc-06a3-4821-858e-d742084fcee4,agt-1008,rwilson,LT-RWILSON,aggregator,rwilson,http_after_hours,2,,{},2026-05-31 23:59:00+00,HIGH,,2026-05-31 23:59:00+00
1794,pld-0d52fa48-2720-4be4-b635-51c29a055551,agt-1009,esnow,LT-ESNOW,aggregator,esnow,logon_count,2,,{},2026-05-31 23:59:00+00,HIGH,,2026-05-31 23:59:00+00
1795,pld-0d52fa48-2720-4be4-b635-51c29a055551,agt-1009,esnow,LT-ESNOW,aggregator,esnow,logoff_count,1,,{},2026-05-31 23:59:00+00,HIGH,,2026-05-31 23:59:00+00
1796,pld-0d52fa48-2720-4be4-b635-51c29a055551,agt-1009,esnow,LT-ESNOW,aggregator,esnow,weekend_logon,1,,{},2026-05-31 23:59:00+00,HIGH,,2026-05-31 23:59:00+00
1797,pld-0d52fa48-2720-4be4-b635-51c29a055551,agt-1009,esnow,LT-ESNOW,aggregator,esnow,file_access_count,49,,{},2026-05-31 23:59:00+00,HIGH,,2026-05-31 23:59:00+00
1798,pld-0d52fa48-2720-4be4-b635-51c29a055551,agt-1009,esnow,LT-ESNOW,aggregator,esnow,file_open_count,109,,{},2026-05-31 23:59:00+00,HIGH,,2026-05-31 23:59:00+00
1799,pld-0d52fa48-2720-4be4-b635-51c29a055551,agt-1009,esnow,LT-ESNOW,aggregator,esnow,file_copy_count,12,,{},2026-05-31 23:59:00+00,HIGH,,2026-05-31 23:59:00+00
1800,pld-0d52fa48-2720-4be4-b635-51c29a055551,agt-1009,esnow,LT-ESNOW,aggregator,esnow,file_write_count,47,,{},2026-05-31 23:59:00+00,HIGH,,2026-05-31 23:59:00+00
1801,pld-0d52fa48-2720-4be4-b635-51c29a055551,agt-1009,esnow,LT-ESNOW,aggregator,esnow,file_access_after_hours,5,,{},2026-05-31 23:59:00+00,HIGH,,2026-05-31 23:59:00+00
1802,pld-0d52fa48-2720-4be4-b635-51c29a055551,agt-1009,esnow,LT-ESNOW,aggregator,esnow,http_count,61,,{},2026-05-31 23:59:00+00,HIGH,,2026-05-31 23:59:00+00
1803,pld-0d52fa48-2720-4be4-b635-51c29a055551,agt-1009,esnow,LT-ESNOW,aggregator,esnow,job_search_site_visits,20,,{},2026-05-31 23:59:00+00,HIGH,,2026-05-31 23:59:00+00
1804,pld-0d52fa48-2720-4be4-b635-51c29a055551,agt-1009,esnow,LT-ESNOW,aggregator,esnow,download_count,3,,{},2026-05-31 23:59:00+00,HIGH,,2026-05-31 23:59:00+00
1805,pld-938fb0b2-fbb8-4ff1-af7e-3d16efd3e22f,agt-1010,badmin,LT-BADMIN,aggregator,badmin,logon_count,1,,{},2026-05-31 23:59:00+00,HIGH,,2026-05-31 23:59:00+00
1806,pld-938fb0b2-fbb8-4ff1-af7e-3d16efd3e22f,agt-1010,badmin,LT-BADMIN,aggregator,badmin,logoff_count,1,,{},2026-05-31 23:59:00+00,HIGH,,2026-05-31 23:59:00+00
1807,pld-938fb0b2-fbb8-4ff1-af7e-3d16efd3e22f,agt-1010,badmin,LT-BADMIN,aggregator,badmin,file_access_count,43,,{},2026-05-31 23:59:00+00,HIGH,,2026-05-31 23:59:00+00
1808,pld-938fb0b2-fbb8-4ff1-af7e-3d16efd3e22f,agt-1010,badmin,LT-BADMIN,aggregator,badmin,file_open_count,140,,{},2026-05-31 23:59:00+00,HIGH,,2026-05-31 23:59:00+00
1809,pld-938fb0b2-fbb8-4ff1-af7e-3d16efd3e22f,agt-1010,badmin,LT-BADMIN,aggregator,badmin,file_copy_count,12,,{},2026-05-31 23:59:00+00,HIGH,,2026-05-31 23:59:00+00
1810,pld-938fb0b2-fbb8-4ff1-af7e-3d16efd3e22f,agt-1010,badmin,LT-BADMIN,aggregator,badmin,file_write_count,14,,{},2026-05-31 23:59:00+00,HIGH,,2026-05-31 23:59:00+00
1811,pld-938fb0b2-fbb8-4ff1-af7e-3d16efd3e22f,agt-1010,badmin,LT-BADMIN,aggregator,badmin,file_delete_count,3,,{},2026-05-31 23:59:00+00,HIGH,,2026-05-31 23:59:00+00
1812,pld-938fb0b2-fbb8-4ff1-af7e-3d16efd3e22f,agt-1010,badmin,LT-BADMIN,aggregator,badmin,file_access_after_hours,7,,{},2026-05-31 23:59:00+00,HIGH,,2026-05-31 23:59:00+00
1813,pld-938fb0b2-fbb8-4ff1-af7e-3d16efd3e22f,agt-1010,badmin,LT-BADMIN,aggregator,badmin,http_count,42,,{},2026-05-31 23:59:00+00,HIGH,,2026-05-31 23:59:00+00
1814,pld-938fb0b2-fbb8-4ff1-af7e-3d16efd3e22f,agt-1010,badmin,LT-BADMIN,aggregator,badmin,download_count,3,,{},2026-05-31 23:59:00+00,HIGH,,2026-05-31 23:59:00+00
1815,pld-938fb0b2-fbb8-4ff1-af7e-3d16efd3e22f,agt-1010,badmin,LT-BADMIN,aggregator,badmin,http_after_hours,16,,{},2026-05-31 23:59:00+00,HIGH,,2026-05-31 23:59:00+00
1816,pld-d351000a-bffd-457a-bf40-6c4787a8546d,agt-1001,jdoe,LT-JDOE,aggregator,jdoe,logon_count,2,,{},2026-06-01 23:59:00+00,HIGH,,2026-06-01 23:59:00+00
1817,pld-d351000a-bffd-457a-bf40-6c4787a8546d,agt-1001,jdoe,LT-JDOE,aggregator,jdoe,logoff_count,3,,{},2026-06-01 23:59:00+00,HIGH,,2026-06-01 23:59:00+00
1818,pld-d351000a-bffd-457a-bf40-6c4787a8546d,agt-1001,jdoe,LT-JDOE,aggregator,jdoe,file_access_count,242,,{},2026-06-01 23:59:00+00,HIGH,,2026-06-01 23:59:00+00
1819,pld-d351000a-bffd-457a-bf40-6c4787a8546d,agt-1001,jdoe,LT-JDOE,aggregator,jdoe,file_open_count,197,,{},2026-06-01 23:59:00+00,HIGH,,2026-06-01 23:59:00+00
1820,pld-d351000a-bffd-457a-bf40-6c4787a8546d,agt-1001,jdoe,LT-JDOE,aggregator,jdoe,file_copy_count,12,,{},2026-06-01 23:59:00+00,HIGH,,2026-06-01 23:59:00+00
1821,pld-d351000a-bffd-457a-bf40-6c4787a8546d,agt-1001,jdoe,LT-JDOE,aggregator,jdoe,file_write_count,28,,{},2026-06-01 23:59:00+00,HIGH,,2026-06-01 23:59:00+00
1822,pld-d351000a-bffd-457a-bf40-6c4787a8546d,agt-1001,jdoe,LT-JDOE,aggregator,jdoe,file_delete_count,5,,{},2026-06-01 23:59:00+00,HIGH,,2026-06-01 23:59:00+00
1823,pld-d351000a-bffd-457a-bf40-6c4787a8546d,agt-1001,jdoe,LT-JDOE,aggregator,jdoe,file_access_after_hours,2,,{},2026-06-01 23:59:00+00,HIGH,,2026-06-01 23:59:00+00
1824,pld-d351000a-bffd-457a-bf40-6c4787a8546d,agt-1001,jdoe,LT-JDOE,aggregator,jdoe,http_count,686,,{},2026-06-01 23:59:00+00,HIGH,,2026-06-01 23:59:00+00
1825,pld-d351000a-bffd-457a-bf40-6c4787a8546d,agt-1001,jdoe,LT-JDOE,aggregator,jdoe,download_count,2,,{},2026-06-01 23:59:00+00,HIGH,,2026-06-01 23:59:00+00
1826,pld-d351000a-bffd-457a-bf40-6c4787a8546d,agt-1001,jdoe,LT-JDOE,aggregator,jdoe,http_after_hours,15,,{},2026-06-01 23:59:00+00,HIGH,,2026-06-01 23:59:00+00
1827,pld-813e0cd2-4479-47fa-885b-1a88df0b1589,agt-1002,asmith,LT-ASMITH,aggregator,asmith,logon_count,2,,{},2026-06-01 23:59:00+00,HIGH,,2026-06-01 23:59:00+00
1828,pld-813e0cd2-4479-47fa-885b-1a88df0b1589,agt-1002,asmith,LT-ASMITH,aggregator,asmith,logoff_count,2,,{},2026-06-01 23:59:00+00,HIGH,,2026-06-01 23:59:00+00
1829,pld-813e0cd2-4479-47fa-885b-1a88df0b1589,agt-1002,asmith,LT-ASMITH,aggregator,asmith,file_access_count,165,,{},2026-06-01 23:59:00+00,HIGH,,2026-06-01 23:59:00+00
1830,pld-813e0cd2-4479-47fa-885b-1a88df0b1589,agt-1002,asmith,LT-ASMITH,aggregator,asmith,file_open_count,120,,{},2026-06-01 23:59:00+00,HIGH,,2026-06-01 23:59:00+00
1831,pld-813e0cd2-4479-47fa-885b-1a88df0b1589,agt-1002,asmith,LT-ASMITH,aggregator,asmith,file_copy_count,7,,{},2026-06-01 23:59:00+00,HIGH,,2026-06-01 23:59:00+00
1832,pld-813e0cd2-4479-47fa-885b-1a88df0b1589,agt-1002,asmith,LT-ASMITH,aggregator,asmith,file_write_count,25,,{},2026-06-01 23:59:00+00,HIGH,,2026-06-01 23:59:00+00
1833,pld-813e0cd2-4479-47fa-885b-1a88df0b1589,agt-1002,asmith,LT-ASMITH,aggregator,asmith,file_delete_count,5,,{},2026-06-01 23:59:00+00,HIGH,,2026-06-01 23:59:00+00
1834,pld-813e0cd2-4479-47fa-885b-1a88df0b1589,agt-1002,asmith,LT-ASMITH,aggregator,asmith,file_access_after_hours,3,,{},2026-06-01 23:59:00+00,HIGH,,2026-06-01 23:59:00+00
1835,pld-813e0cd2-4479-47fa-885b-1a88df0b1589,agt-1002,asmith,LT-ASMITH,aggregator,asmith,http_count,691,,{},2026-06-01 23:59:00+00,HIGH,,2026-06-01 23:59:00+00
1836,pld-813e0cd2-4479-47fa-885b-1a88df0b1589,agt-1002,asmith,LT-ASMITH,aggregator,asmith,download_count,2,,{},2026-06-01 23:59:00+00,HIGH,,2026-06-01 23:59:00+00
1837,pld-813e0cd2-4479-47fa-885b-1a88df0b1589,agt-1002,asmith,LT-ASMITH,aggregator,asmith,http_after_hours,16,,{},2026-06-01 23:59:00+00,HIGH,,2026-06-01 23:59:00+00
1838,pld-d32fcff1-eb1c-4857-bd57-c60352b4ee42,agt-1003,mjones,LT-MJONES,aggregator,mjones,logon_count,3,,{},2026-06-01 23:59:00+00,HIGH,,2026-06-01 23:59:00+00
1839,pld-d32fcff1-eb1c-4857-bd57-c60352b4ee42,agt-1003,mjones,LT-MJONES,aggregator,mjones,logoff_count,1,,{},2026-06-01 23:59:00+00,HIGH,,2026-06-01 23:59:00+00
1840,pld-d32fcff1-eb1c-4857-bd57-c60352b4ee42,agt-1003,mjones,LT-MJONES,aggregator,mjones,file_access_count,228,,{},2026-06-01 23:59:00+00,HIGH,,2026-06-01 23:59:00+00
1841,pld-d32fcff1-eb1c-4857-bd57-c60352b4ee42,agt-1003,mjones,LT-MJONES,aggregator,mjones,file_open_count,179,,{},2026-06-01 23:59:00+00,HIGH,,2026-06-01 23:59:00+00
1842,pld-d32fcff1-eb1c-4857-bd57-c60352b4ee42,agt-1003,mjones,LT-MJONES,aggregator,mjones,file_copy_count,11,,{},2026-06-01 23:59:00+00,HIGH,,2026-06-01 23:59:00+00
1843,pld-d32fcff1-eb1c-4857-bd57-c60352b4ee42,agt-1003,mjones,LT-MJONES,aggregator,mjones,file_write_count,17,,{},2026-06-01 23:59:00+00,HIGH,,2026-06-01 23:59:00+00
1844,pld-d32fcff1-eb1c-4857-bd57-c60352b4ee42,agt-1003,mjones,LT-MJONES,aggregator,mjones,file_delete_count,5,,{},2026-06-01 23:59:00+00,HIGH,,2026-06-01 23:59:00+00
1845,pld-d32fcff1-eb1c-4857-bd57-c60352b4ee42,agt-1003,mjones,LT-MJONES,aggregator,mjones,file_access_after_hours,10,,{},2026-06-01 23:59:00+00,HIGH,,2026-06-01 23:59:00+00
1846,pld-d32fcff1-eb1c-4857-bd57-c60352b4ee42,agt-1003,mjones,LT-MJONES,aggregator,mjones,http_count,423,,{},2026-06-01 23:59:00+00,HIGH,,2026-06-01 23:59:00+00
1847,pld-d32fcff1-eb1c-4857-bd57-c60352b4ee42,agt-1003,mjones,LT-MJONES,aggregator,mjones,download_count,2,,{},2026-06-01 23:59:00+00,HIGH,,2026-06-01 23:59:00+00
1848,pld-d32fcff1-eb1c-4857-bd57-c60352b4ee42,agt-1003,mjones,LT-MJONES,aggregator,mjones,http_after_hours,15,,{},2026-06-01 23:59:00+00,HIGH,,2026-06-01 23:59:00+00
1849,pld-b938245f-80cf-4828-9d5d-544aa21287cb,agt-1004,bwilliams,LT-BWILLIAMS,aggregator,bwilliams,logon_count,2,,{},2026-06-01 23:59:00+00,HIGH,,2026-06-01 23:59:00+00
1850,pld-b938245f-80cf-4828-9d5d-544aa21287cb,agt-1004,bwilliams,LT-BWILLIAMS,aggregator,bwilliams,logoff_count,2,,{},2026-06-01 23:59:00+00,HIGH,,2026-06-01 23:59:00+00
1851,pld-b938245f-80cf-4828-9d5d-544aa21287cb,agt-1004,bwilliams,LT-BWILLIAMS,aggregator,bwilliams,file_access_count,433,,{},2026-06-01 23:59:00+00,HIGH,,2026-06-01 23:59:00+00
1852,pld-b938245f-80cf-4828-9d5d-544aa21287cb,agt-1004,bwilliams,LT-BWILLIAMS,aggregator,bwilliams,file_open_count,156,,{},2026-06-01 23:59:00+00,HIGH,,2026-06-01 23:59:00+00
1853,pld-b938245f-80cf-4828-9d5d-544aa21287cb,agt-1004,bwilliams,LT-BWILLIAMS,aggregator,bwilliams,file_copy_count,18,,{},2026-06-01 23:59:00+00,HIGH,,2026-06-01 23:59:00+00
1854,pld-b938245f-80cf-4828-9d5d-544aa21287cb,agt-1004,bwilliams,LT-BWILLIAMS,aggregator,bwilliams,file_write_count,11,,{},2026-06-01 23:59:00+00,HIGH,,2026-06-01 23:59:00+00
1855,pld-b938245f-80cf-4828-9d5d-544aa21287cb,agt-1004,bwilliams,LT-BWILLIAMS,aggregator,bwilliams,file_delete_count,4,,{},2026-06-01 23:59:00+00,HIGH,,2026-06-01 23:59:00+00
1856,pld-b938245f-80cf-4828-9d5d-544aa21287cb,agt-1004,bwilliams,LT-BWILLIAMS,aggregator,bwilliams,file_access_after_hours,2,,{},2026-06-01 23:59:00+00,HIGH,,2026-06-01 23:59:00+00
1857,pld-b938245f-80cf-4828-9d5d-544aa21287cb,agt-1004,bwilliams,LT-BWILLIAMS,aggregator,bwilliams,http_count,911,,{},2026-06-01 23:59:00+00,HIGH,,2026-06-01 23:59:00+00
1858,pld-b938245f-80cf-4828-9d5d-544aa21287cb,agt-1004,bwilliams,LT-BWILLIAMS,aggregator,bwilliams,download_count,4,,{},2026-06-01 23:59:00+00,HIGH,,2026-06-01 23:59:00+00
1859,pld-b938245f-80cf-4828-9d5d-544aa21287cb,agt-1004,bwilliams,LT-BWILLIAMS,aggregator,bwilliams,http_after_hours,20,,{},2026-06-01 23:59:00+00,HIGH,,2026-06-01 23:59:00+00
1860,pld-87dc477f-8d45-4296-99e1-7bd5ceef51f8,agt-1005,cdavis,LT-CDAVIS,aggregator,cdavis,logon_count,1,,{},2026-06-01 23:59:00+00,HIGH,,2026-06-01 23:59:00+00
1861,pld-87dc477f-8d45-4296-99e1-7bd5ceef51f8,agt-1005,cdavis,LT-CDAVIS,aggregator,cdavis,logoff_count,1,,{},2026-06-01 23:59:00+00,HIGH,,2026-06-01 23:59:00+00
1862,pld-87dc477f-8d45-4296-99e1-7bd5ceef51f8,agt-1005,cdavis,LT-CDAVIS,aggregator,cdavis,file_access_count,155,,{},2026-06-01 23:59:00+00,HIGH,,2026-06-01 23:59:00+00
1863,pld-87dc477f-8d45-4296-99e1-7bd5ceef51f8,agt-1005,cdavis,LT-CDAVIS,aggregator,cdavis,file_open_count,161,,{},2026-06-01 23:59:00+00,HIGH,,2026-06-01 23:59:00+00
1864,pld-87dc477f-8d45-4296-99e1-7bd5ceef51f8,agt-1005,cdavis,LT-CDAVIS,aggregator,cdavis,file_copy_count,7,,{},2026-06-01 23:59:00+00,HIGH,,2026-06-01 23:59:00+00
1865,pld-87dc477f-8d45-4296-99e1-7bd5ceef51f8,agt-1005,cdavis,LT-CDAVIS,aggregator,cdavis,file_write_count,46,,{},2026-06-01 23:59:00+00,HIGH,,2026-06-01 23:59:00+00
1866,pld-87dc477f-8d45-4296-99e1-7bd5ceef51f8,agt-1005,cdavis,LT-CDAVIS,aggregator,cdavis,file_delete_count,2,,{},2026-06-01 23:59:00+00,HIGH,,2026-06-01 23:59:00+00
1867,pld-87dc477f-8d45-4296-99e1-7bd5ceef51f8,agt-1005,cdavis,LT-CDAVIS,aggregator,cdavis,file_access_after_hours,8,,{},2026-06-01 23:59:00+00,HIGH,,2026-06-01 23:59:00+00
1868,pld-87dc477f-8d45-4296-99e1-7bd5ceef51f8,agt-1005,cdavis,LT-CDAVIS,aggregator,cdavis,http_count,570,,{},2026-06-01 23:59:00+00,HIGH,,2026-06-01 23:59:00+00
1869,pld-87dc477f-8d45-4296-99e1-7bd5ceef51f8,agt-1005,cdavis,LT-CDAVIS,aggregator,cdavis,download_count,2,,{},2026-06-01 23:59:00+00,HIGH,,2026-06-01 23:59:00+00
1870,pld-87dc477f-8d45-4296-99e1-7bd5ceef51f8,agt-1005,cdavis,LT-CDAVIS,aggregator,cdavis,http_after_hours,8,,{},2026-06-01 23:59:00+00,HIGH,,2026-06-01 23:59:00+00
1871,pld-c0b56bd6-ecab-4943-9524-bb8afc100734,agt-1006,mscott,LT-MSCOTT,aggregator,mscott,logon_count,1,,{},2026-06-01 23:59:00+00,HIGH,,2026-06-01 23:59:00+00
1872,pld-c0b56bd6-ecab-4943-9524-bb8afc100734,agt-1006,mscott,LT-MSCOTT,aggregator,mscott,logoff_count,3,,{},2026-06-01 23:59:00+00,HIGH,,2026-06-01 23:59:00+00
1873,pld-c0b56bd6-ecab-4943-9524-bb8afc100734,agt-1006,mscott,LT-MSCOTT,aggregator,mscott,file_access_count,175,,{},2026-06-01 23:59:00+00,HIGH,,2026-06-01 23:59:00+00
1874,pld-c0b56bd6-ecab-4943-9524-bb8afc100734,agt-1006,mscott,LT-MSCOTT,aggregator,mscott,file_open_count,61,,{},2026-06-01 23:59:00+00,HIGH,,2026-06-01 23:59:00+00
1875,pld-c0b56bd6-ecab-4943-9524-bb8afc100734,agt-1006,mscott,LT-MSCOTT,aggregator,mscott,file_copy_count,20,,{},2026-06-01 23:59:00+00,HIGH,,2026-06-01 23:59:00+00
1876,pld-c0b56bd6-ecab-4943-9524-bb8afc100734,agt-1006,mscott,LT-MSCOTT,aggregator,mscott,file_write_count,50,,{},2026-06-01 23:59:00+00,HIGH,,2026-06-01 23:59:00+00
1877,pld-c0b56bd6-ecab-4943-9524-bb8afc100734,agt-1006,mscott,LT-MSCOTT,aggregator,mscott,file_delete_count,1,,{},2026-06-01 23:59:00+00,HIGH,,2026-06-01 23:59:00+00
1878,pld-c0b56bd6-ecab-4943-9524-bb8afc100734,agt-1006,mscott,LT-MSCOTT,aggregator,mscott,file_access_after_hours,7,,{},2026-06-01 23:59:00+00,HIGH,,2026-06-01 23:59:00+00
1879,pld-c0b56bd6-ecab-4943-9524-bb8afc100734,agt-1006,mscott,LT-MSCOTT,aggregator,mscott,http_count,322,,{},2026-06-01 23:59:00+00,HIGH,,2026-06-01 23:59:00+00
1880,pld-c0b56bd6-ecab-4943-9524-bb8afc100734,agt-1006,mscott,LT-MSCOTT,aggregator,mscott,download_count,3,,{},2026-06-01 23:59:00+00,HIGH,,2026-06-01 23:59:00+00
1881,pld-c0b56bd6-ecab-4943-9524-bb8afc100734,agt-1006,mscott,LT-MSCOTT,aggregator,mscott,http_after_hours,8,,{},2026-06-01 23:59:00+00,HIGH,,2026-06-01 23:59:00+00
1882,pld-f6b6b30d-196a-4825-9779-9791ea9f45d0,agt-1007,tjones,LT-TJONES,aggregator,tjones,logon_count,3,,{},2026-06-01 23:59:00+00,HIGH,,2026-06-01 23:59:00+00
1883,pld-f6b6b30d-196a-4825-9779-9791ea9f45d0,agt-1007,tjones,LT-TJONES,aggregator,tjones,logoff_count,3,,{},2026-06-01 23:59:00+00,HIGH,,2026-06-01 23:59:00+00
1884,pld-f6b6b30d-196a-4825-9779-9791ea9f45d0,agt-1007,tjones,LT-TJONES,aggregator,tjones,file_access_count,301,,{},2026-06-01 23:59:00+00,HIGH,,2026-06-01 23:59:00+00
1885,pld-f6b6b30d-196a-4825-9779-9791ea9f45d0,agt-1007,tjones,LT-TJONES,aggregator,tjones,file_open_count,180,,{},2026-06-01 23:59:00+00,HIGH,,2026-06-01 23:59:00+00
1886,pld-f6b6b30d-196a-4825-9779-9791ea9f45d0,agt-1007,tjones,LT-TJONES,aggregator,tjones,file_copy_count,5,,{},2026-06-01 23:59:00+00,HIGH,,2026-06-01 23:59:00+00
1887,pld-f6b6b30d-196a-4825-9779-9791ea9f45d0,agt-1007,tjones,LT-TJONES,aggregator,tjones,file_write_count,42,,{},2026-06-01 23:59:00+00,HIGH,,2026-06-01 23:59:00+00
1888,pld-f6b6b30d-196a-4825-9779-9791ea9f45d0,agt-1007,tjones,LT-TJONES,aggregator,tjones,file_delete_count,5,,{},2026-06-01 23:59:00+00,HIGH,,2026-06-01 23:59:00+00
1889,pld-f6b6b30d-196a-4825-9779-9791ea9f45d0,agt-1007,tjones,LT-TJONES,aggregator,tjones,file_access_after_hours,5,,{},2026-06-01 23:59:00+00,HIGH,,2026-06-01 23:59:00+00
1890,pld-f6b6b30d-196a-4825-9779-9791ea9f45d0,agt-1007,tjones,LT-TJONES,aggregator,tjones,http_count,435,,{},2026-06-01 23:59:00+00,HIGH,,2026-06-01 23:59:00+00
1891,pld-f6b6b30d-196a-4825-9779-9791ea9f45d0,agt-1007,tjones,LT-TJONES,aggregator,tjones,download_count,5,,{},2026-06-01 23:59:00+00,HIGH,,2026-06-01 23:59:00+00
1892,pld-f6b6b30d-196a-4825-9779-9791ea9f45d0,agt-1007,tjones,LT-TJONES,aggregator,tjones,http_after_hours,12,,{},2026-06-01 23:59:00+00,HIGH,,2026-06-01 23:59:00+00
1893,pld-3c3139fd-7e30-4566-921e-ea8315bd323b,agt-1008,rwilson,LT-RWILSON,aggregator,rwilson,logon_count,2,,{},2026-06-01 23:59:00+00,HIGH,,2026-06-01 23:59:00+00
1894,pld-3c3139fd-7e30-4566-921e-ea8315bd323b,agt-1008,rwilson,LT-RWILSON,aggregator,rwilson,logoff_count,3,,{},2026-06-01 23:59:00+00,HIGH,,2026-06-01 23:59:00+00
1895,pld-3c3139fd-7e30-4566-921e-ea8315bd323b,agt-1008,rwilson,LT-RWILSON,aggregator,rwilson,file_access_count,497,,{},2026-06-01 23:59:00+00,HIGH,,2026-06-01 23:59:00+00
1896,pld-3c3139fd-7e30-4566-921e-ea8315bd323b,agt-1008,rwilson,LT-RWILSON,aggregator,rwilson,file_open_count,72,,{},2026-06-01 23:59:00+00,HIGH,,2026-06-01 23:59:00+00
1897,pld-3c3139fd-7e30-4566-921e-ea8315bd323b,agt-1008,rwilson,LT-RWILSON,aggregator,rwilson,file_copy_count,7,,{},2026-06-01 23:59:00+00,HIGH,,2026-06-01 23:59:00+00
1898,pld-3c3139fd-7e30-4566-921e-ea8315bd323b,agt-1008,rwilson,LT-RWILSON,aggregator,rwilson,file_write_count,30,,{},2026-06-01 23:59:00+00,HIGH,,2026-06-01 23:59:00+00
1899,pld-3c3139fd-7e30-4566-921e-ea8315bd323b,agt-1008,rwilson,LT-RWILSON,aggregator,rwilson,file_delete_count,1,,{},2026-06-01 23:59:00+00,HIGH,,2026-06-01 23:59:00+00
1900,pld-3c3139fd-7e30-4566-921e-ea8315bd323b,agt-1008,rwilson,LT-RWILSON,aggregator,rwilson,file_access_after_hours,4,,{},2026-06-01 23:59:00+00,HIGH,,2026-06-01 23:59:00+00
1901,pld-3c3139fd-7e30-4566-921e-ea8315bd323b,agt-1008,rwilson,LT-RWILSON,aggregator,rwilson,http_count,854,,{},2026-06-01 23:59:00+00,HIGH,,2026-06-01 23:59:00+00
1902,pld-3c3139fd-7e30-4566-921e-ea8315bd323b,agt-1008,rwilson,LT-RWILSON,aggregator,rwilson,http_after_hours,7,,{},2026-06-01 23:59:00+00,HIGH,,2026-06-01 23:59:00+00
1903,pld-6ed7642b-e5c8-47c6-95fd-d91479bd8681,agt-1009,esnow,LT-ESNOW,aggregator,esnow,logon_count,2,,{},2026-06-01 23:59:00+00,HIGH,,2026-06-01 23:59:00+00
1904,pld-6ed7642b-e5c8-47c6-95fd-d91479bd8681,agt-1009,esnow,LT-ESNOW,aggregator,esnow,logoff_count,2,,{},2026-06-01 23:59:00+00,HIGH,,2026-06-01 23:59:00+00
1905,pld-6ed7642b-e5c8-47c6-95fd-d91479bd8681,agt-1009,esnow,LT-ESNOW,aggregator,esnow,file_access_count,339,,{},2026-06-01 23:59:00+00,HIGH,,2026-06-01 23:59:00+00
1906,pld-6ed7642b-e5c8-47c6-95fd-d91479bd8681,agt-1009,esnow,LT-ESNOW,aggregator,esnow,file_open_count,73,,{},2026-06-01 23:59:00+00,HIGH,,2026-06-01 23:59:00+00
1907,pld-6ed7642b-e5c8-47c6-95fd-d91479bd8681,agt-1009,esnow,LT-ESNOW,aggregator,esnow,file_copy_count,13,,{},2026-06-01 23:59:00+00,HIGH,,2026-06-01 23:59:00+00
1908,pld-6ed7642b-e5c8-47c6-95fd-d91479bd8681,agt-1009,esnow,LT-ESNOW,aggregator,esnow,file_write_count,49,,{},2026-06-01 23:59:00+00,HIGH,,2026-06-01 23:59:00+00
1909,pld-6ed7642b-e5c8-47c6-95fd-d91479bd8681,agt-1009,esnow,LT-ESNOW,aggregator,esnow,file_delete_count,2,,{},2026-06-01 23:59:00+00,HIGH,,2026-06-01 23:59:00+00
1910,pld-6ed7642b-e5c8-47c6-95fd-d91479bd8681,agt-1009,esnow,LT-ESNOW,aggregator,esnow,file_access_after_hours,2,,{},2026-06-01 23:59:00+00,HIGH,,2026-06-01 23:59:00+00
1911,pld-6ed7642b-e5c8-47c6-95fd-d91479bd8681,agt-1009,esnow,LT-ESNOW,aggregator,esnow,http_count,845,,{},2026-06-01 23:59:00+00,HIGH,,2026-06-01 23:59:00+00
1912,pld-6ed7642b-e5c8-47c6-95fd-d91479bd8681,agt-1009,esnow,LT-ESNOW,aggregator,esnow,job_search_site_visits,6,,{},2026-06-01 23:59:00+00,HIGH,,2026-06-01 23:59:00+00
1913,pld-6ed7642b-e5c8-47c6-95fd-d91479bd8681,agt-1009,esnow,LT-ESNOW,aggregator,esnow,download_count,2,,{},2026-06-01 23:59:00+00,HIGH,,2026-06-01 23:59:00+00
1914,pld-6ed7642b-e5c8-47c6-95fd-d91479bd8681,agt-1009,esnow,LT-ESNOW,aggregator,esnow,http_after_hours,4,,{},2026-06-01 23:59:00+00,HIGH,,2026-06-01 23:59:00+00
1915,pld-3a8e500f-ccf1-439d-9ca7-d5ff06c199e9,agt-1010,badmin,LT-BADMIN,aggregator,badmin,logon_count,2,,{},2026-06-01 23:59:00+00,HIGH,,2026-06-01 23:59:00+00
1916,pld-3a8e500f-ccf1-439d-9ca7-d5ff06c199e9,agt-1010,badmin,LT-BADMIN,aggregator,badmin,logoff_count,3,,{},2026-06-01 23:59:00+00,HIGH,,2026-06-01 23:59:00+00
1917,pld-3a8e500f-ccf1-439d-9ca7-d5ff06c199e9,agt-1010,badmin,LT-BADMIN,aggregator,badmin,file_access_count,444,,{},2026-06-01 23:59:00+00,HIGH,,2026-06-01 23:59:00+00
1918,pld-3a8e500f-ccf1-439d-9ca7-d5ff06c199e9,agt-1010,badmin,LT-BADMIN,aggregator,badmin,file_open_count,107,,{},2026-06-01 23:59:00+00,HIGH,,2026-06-01 23:59:00+00
1919,pld-3a8e500f-ccf1-439d-9ca7-d5ff06c199e9,agt-1010,badmin,LT-BADMIN,aggregator,badmin,file_copy_count,18,,{},2026-06-01 23:59:00+00,HIGH,,2026-06-01 23:59:00+00
1920,pld-3a8e500f-ccf1-439d-9ca7-d5ff06c199e9,agt-1010,badmin,LT-BADMIN,aggregator,badmin,file_write_count,10,,{},2026-06-01 23:59:00+00,HIGH,,2026-06-01 23:59:00+00
1921,pld-3a8e500f-ccf1-439d-9ca7-d5ff06c199e9,agt-1010,badmin,LT-BADMIN,aggregator,badmin,file_delete_count,1,,{},2026-06-01 23:59:00+00,HIGH,,2026-06-01 23:59:00+00
1922,pld-3a8e500f-ccf1-439d-9ca7-d5ff06c199e9,agt-1010,badmin,LT-BADMIN,aggregator,badmin,file_access_after_hours,7,,{},2026-06-01 23:59:00+00,HIGH,,2026-06-01 23:59:00+00
1923,pld-3a8e500f-ccf1-439d-9ca7-d5ff06c199e9,agt-1010,badmin,LT-BADMIN,aggregator,badmin,http_count,880,,{},2026-06-01 23:59:00+00,HIGH,,2026-06-01 23:59:00+00
1924,pld-3a8e500f-ccf1-439d-9ca7-d5ff06c199e9,agt-1010,badmin,LT-BADMIN,aggregator,badmin,download_count,3,,{},2026-06-01 23:59:00+00,HIGH,,2026-06-01 23:59:00+00
1925,pld-3a8e500f-ccf1-439d-9ca7-d5ff06c199e9,agt-1010,badmin,LT-BADMIN,aggregator,badmin,http_after_hours,5,,{},2026-06-01 23:59:00+00,HIGH,,2026-06-01 23:59:00+00
1926,pld-974d191e-c0d4-410b-b7da-cf026b8743f7,agt-1001,jdoe,LT-JDOE,aggregator,jdoe,logon_count,1,,{},2026-06-02 23:59:00+00,HIGH,,2026-06-02 23:59:00+00
1927,pld-974d191e-c0d4-410b-b7da-cf026b8743f7,agt-1001,jdoe,LT-JDOE,aggregator,jdoe,logoff_count,1,,{},2026-06-02 23:59:00+00,HIGH,,2026-06-02 23:59:00+00
1928,pld-974d191e-c0d4-410b-b7da-cf026b8743f7,agt-1001,jdoe,LT-JDOE,aggregator,jdoe,file_access_count,335,,{},2026-06-02 23:59:00+00,HIGH,,2026-06-02 23:59:00+00
1929,pld-974d191e-c0d4-410b-b7da-cf026b8743f7,agt-1001,jdoe,LT-JDOE,aggregator,jdoe,file_open_count,149,,{},2026-06-02 23:59:00+00,HIGH,,2026-06-02 23:59:00+00
1930,pld-974d191e-c0d4-410b-b7da-cf026b8743f7,agt-1001,jdoe,LT-JDOE,aggregator,jdoe,file_copy_count,8,,{},2026-06-02 23:59:00+00,HIGH,,2026-06-02 23:59:00+00
1931,pld-974d191e-c0d4-410b-b7da-cf026b8743f7,agt-1001,jdoe,LT-JDOE,aggregator,jdoe,file_write_count,35,,{},2026-06-02 23:59:00+00,HIGH,,2026-06-02 23:59:00+00
1932,pld-974d191e-c0d4-410b-b7da-cf026b8743f7,agt-1001,jdoe,LT-JDOE,aggregator,jdoe,file_delete_count,3,,{},2026-06-02 23:59:00+00,HIGH,,2026-06-02 23:59:00+00
1933,pld-974d191e-c0d4-410b-b7da-cf026b8743f7,agt-1001,jdoe,LT-JDOE,aggregator,jdoe,http_count,696,,{},2026-06-02 23:59:00+00,HIGH,,2026-06-02 23:59:00+00
1934,pld-974d191e-c0d4-410b-b7da-cf026b8743f7,agt-1001,jdoe,LT-JDOE,aggregator,jdoe,http_after_hours,1,,{},2026-06-02 23:59:00+00,HIGH,,2026-06-02 23:59:00+00
1935,pld-f3959bdb-8d86-4aa9-b3ae-0ecea731d2c9,agt-1002,asmith,LT-ASMITH,aggregator,asmith,logon_count,2,,{},2026-06-02 23:59:00+00,HIGH,,2026-06-02 23:59:00+00
1936,pld-f3959bdb-8d86-4aa9-b3ae-0ecea731d2c9,agt-1002,asmith,LT-ASMITH,aggregator,asmith,logoff_count,1,,{},2026-06-02 23:59:00+00,HIGH,,2026-06-02 23:59:00+00
1937,pld-f3959bdb-8d86-4aa9-b3ae-0ecea731d2c9,agt-1002,asmith,LT-ASMITH,aggregator,asmith,file_access_count,331,,{},2026-06-02 23:59:00+00,HIGH,,2026-06-02 23:59:00+00
1938,pld-f3959bdb-8d86-4aa9-b3ae-0ecea731d2c9,agt-1002,asmith,LT-ASMITH,aggregator,asmith,file_open_count,62,,{},2026-06-02 23:59:00+00,HIGH,,2026-06-02 23:59:00+00
1939,pld-f3959bdb-8d86-4aa9-b3ae-0ecea731d2c9,agt-1002,asmith,LT-ASMITH,aggregator,asmith,file_copy_count,5,,{},2026-06-02 23:59:00+00,HIGH,,2026-06-02 23:59:00+00
1940,pld-f3959bdb-8d86-4aa9-b3ae-0ecea731d2c9,agt-1002,asmith,LT-ASMITH,aggregator,asmith,file_write_count,18,,{},2026-06-02 23:59:00+00,HIGH,,2026-06-02 23:59:00+00
1941,pld-f3959bdb-8d86-4aa9-b3ae-0ecea731d2c9,agt-1002,asmith,LT-ASMITH,aggregator,asmith,file_delete_count,5,,{},2026-06-02 23:59:00+00,HIGH,,2026-06-02 23:59:00+00
1942,pld-f3959bdb-8d86-4aa9-b3ae-0ecea731d2c9,agt-1002,asmith,LT-ASMITH,aggregator,asmith,file_access_after_hours,1,,{},2026-06-02 23:59:00+00,HIGH,,2026-06-02 23:59:00+00
1943,pld-f3959bdb-8d86-4aa9-b3ae-0ecea731d2c9,agt-1002,asmith,LT-ASMITH,aggregator,asmith,http_count,760,,{},2026-06-02 23:59:00+00,HIGH,,2026-06-02 23:59:00+00
1944,pld-f3959bdb-8d86-4aa9-b3ae-0ecea731d2c9,agt-1002,asmith,LT-ASMITH,aggregator,asmith,http_after_hours,15,,{},2026-06-02 23:59:00+00,HIGH,,2026-06-02 23:59:00+00
1945,pld-af1cf250-6c65-407a-b599-d3cd3b26a338,agt-1003,mjones,LT-MJONES,aggregator,mjones,logon_count,1,,{},2026-06-02 23:59:00+00,HIGH,,2026-06-02 23:59:00+00
1946,pld-af1cf250-6c65-407a-b599-d3cd3b26a338,agt-1003,mjones,LT-MJONES,aggregator,mjones,logoff_count,2,,{},2026-06-02 23:59:00+00,HIGH,,2026-06-02 23:59:00+00
1947,pld-af1cf250-6c65-407a-b599-d3cd3b26a338,agt-1003,mjones,LT-MJONES,aggregator,mjones,file_access_count,416,,{},2026-06-02 23:59:00+00,HIGH,,2026-06-02 23:59:00+00
1948,pld-af1cf250-6c65-407a-b599-d3cd3b26a338,agt-1003,mjones,LT-MJONES,aggregator,mjones,file_open_count,143,,{},2026-06-02 23:59:00+00,HIGH,,2026-06-02 23:59:00+00
1949,pld-af1cf250-6c65-407a-b599-d3cd3b26a338,agt-1003,mjones,LT-MJONES,aggregator,mjones,file_copy_count,7,,{},2026-06-02 23:59:00+00,HIGH,,2026-06-02 23:59:00+00
1950,pld-af1cf250-6c65-407a-b599-d3cd3b26a338,agt-1003,mjones,LT-MJONES,aggregator,mjones,file_write_count,41,,{},2026-06-02 23:59:00+00,HIGH,,2026-06-02 23:59:00+00
1951,pld-af1cf250-6c65-407a-b599-d3cd3b26a338,agt-1003,mjones,LT-MJONES,aggregator,mjones,file_delete_count,1,,{},2026-06-02 23:59:00+00,HIGH,,2026-06-02 23:59:00+00
1952,pld-af1cf250-6c65-407a-b599-d3cd3b26a338,agt-1003,mjones,LT-MJONES,aggregator,mjones,file_access_after_hours,5,,{},2026-06-02 23:59:00+00,HIGH,,2026-06-02 23:59:00+00
1953,pld-af1cf250-6c65-407a-b599-d3cd3b26a338,agt-1003,mjones,LT-MJONES,aggregator,mjones,http_count,449,,{},2026-06-02 23:59:00+00,HIGH,,2026-06-02 23:59:00+00
1954,pld-af1cf250-6c65-407a-b599-d3cd3b26a338,agt-1003,mjones,LT-MJONES,aggregator,mjones,download_count,1,,{},2026-06-02 23:59:00+00,HIGH,,2026-06-02 23:59:00+00
1955,pld-38e2d303-cc32-4aae-b892-b928b0712759,agt-1004,bwilliams,LT-BWILLIAMS,aggregator,bwilliams,logon_count,3,,{},2026-06-02 23:59:00+00,HIGH,,2026-06-02 23:59:00+00
1956,pld-38e2d303-cc32-4aae-b892-b928b0712759,agt-1004,bwilliams,LT-BWILLIAMS,aggregator,bwilliams,logoff_count,2,,{},2026-06-02 23:59:00+00,HIGH,,2026-06-02 23:59:00+00
1957,pld-38e2d303-cc32-4aae-b892-b928b0712759,agt-1004,bwilliams,LT-BWILLIAMS,aggregator,bwilliams,file_access_count,232,,{},2026-06-02 23:59:00+00,HIGH,,2026-06-02 23:59:00+00
1958,pld-38e2d303-cc32-4aae-b892-b928b0712759,agt-1004,bwilliams,LT-BWILLIAMS,aggregator,bwilliams,file_open_count,57,,{},2026-06-02 23:59:00+00,HIGH,,2026-06-02 23:59:00+00
1959,pld-38e2d303-cc32-4aae-b892-b928b0712759,agt-1004,bwilliams,LT-BWILLIAMS,aggregator,bwilliams,file_copy_count,16,,{},2026-06-02 23:59:00+00,HIGH,,2026-06-02 23:59:00+00
1960,pld-38e2d303-cc32-4aae-b892-b928b0712759,agt-1004,bwilliams,LT-BWILLIAMS,aggregator,bwilliams,file_write_count,16,,{},2026-06-02 23:59:00+00,HIGH,,2026-06-02 23:59:00+00
1961,pld-38e2d303-cc32-4aae-b892-b928b0712759,agt-1004,bwilliams,LT-BWILLIAMS,aggregator,bwilliams,file_delete_count,2,,{},2026-06-02 23:59:00+00,HIGH,,2026-06-02 23:59:00+00
1962,pld-38e2d303-cc32-4aae-b892-b928b0712759,agt-1004,bwilliams,LT-BWILLIAMS,aggregator,bwilliams,file_access_after_hours,10,,{},2026-06-02 23:59:00+00,HIGH,,2026-06-02 23:59:00+00
1963,pld-38e2d303-cc32-4aae-b892-b928b0712759,agt-1004,bwilliams,LT-BWILLIAMS,aggregator,bwilliams,http_count,946,,{},2026-06-02 23:59:00+00,HIGH,,2026-06-02 23:59:00+00
1964,pld-38e2d303-cc32-4aae-b892-b928b0712759,agt-1004,bwilliams,LT-BWILLIAMS,aggregator,bwilliams,http_after_hours,19,,{},2026-06-02 23:59:00+00,HIGH,,2026-06-02 23:59:00+00
1965,pld-48cb2c7a-bd69-4210-bde0-dff7ac285f48,agt-1005,cdavis,LT-CDAVIS,aggregator,cdavis,logon_count,2,,{},2026-06-02 23:59:00+00,HIGH,,2026-06-02 23:59:00+00
1966,pld-48cb2c7a-bd69-4210-bde0-dff7ac285f48,agt-1005,cdavis,LT-CDAVIS,aggregator,cdavis,logoff_count,1,,{},2026-06-02 23:59:00+00,HIGH,,2026-06-02 23:59:00+00
1967,pld-48cb2c7a-bd69-4210-bde0-dff7ac285f48,agt-1005,cdavis,LT-CDAVIS,aggregator,cdavis,file_access_count,266,,{},2026-06-02 23:59:00+00,HIGH,,2026-06-02 23:59:00+00
1968,pld-48cb2c7a-bd69-4210-bde0-dff7ac285f48,agt-1005,cdavis,LT-CDAVIS,aggregator,cdavis,file_open_count,103,,{},2026-06-02 23:59:00+00,HIGH,,2026-06-02 23:59:00+00
1969,pld-48cb2c7a-bd69-4210-bde0-dff7ac285f48,agt-1005,cdavis,LT-CDAVIS,aggregator,cdavis,file_copy_count,12,,{},2026-06-02 23:59:00+00,HIGH,,2026-06-02 23:59:00+00
1970,pld-48cb2c7a-bd69-4210-bde0-dff7ac285f48,agt-1005,cdavis,LT-CDAVIS,aggregator,cdavis,file_write_count,27,,{},2026-06-02 23:59:00+00,HIGH,,2026-06-02 23:59:00+00
1971,pld-48cb2c7a-bd69-4210-bde0-dff7ac285f48,agt-1005,cdavis,LT-CDAVIS,aggregator,cdavis,file_delete_count,3,,{},2026-06-02 23:59:00+00,HIGH,,2026-06-02 23:59:00+00
1972,pld-48cb2c7a-bd69-4210-bde0-dff7ac285f48,agt-1005,cdavis,LT-CDAVIS,aggregator,cdavis,file_access_after_hours,7,,{},2026-06-02 23:59:00+00,HIGH,,2026-06-02 23:59:00+00
1973,pld-48cb2c7a-bd69-4210-bde0-dff7ac285f48,agt-1005,cdavis,LT-CDAVIS,aggregator,cdavis,http_count,486,,{},2026-06-02 23:59:00+00,HIGH,,2026-06-02 23:59:00+00
1974,pld-48cb2c7a-bd69-4210-bde0-dff7ac285f48,agt-1005,cdavis,LT-CDAVIS,aggregator,cdavis,download_count,3,,{},2026-06-02 23:59:00+00,HIGH,,2026-06-02 23:59:00+00
1975,pld-48cb2c7a-bd69-4210-bde0-dff7ac285f48,agt-1005,cdavis,LT-CDAVIS,aggregator,cdavis,http_after_hours,11,,{},2026-06-02 23:59:00+00,HIGH,,2026-06-02 23:59:00+00
1976,pld-60bf7f15-cb8f-411d-8597-32e3b8e2b280,agt-1006,mscott,LT-MSCOTT,aggregator,mscott,logon_count,2,,{},2026-06-02 23:59:00+00,HIGH,,2026-06-02 23:59:00+00
1977,pld-60bf7f15-cb8f-411d-8597-32e3b8e2b280,agt-1006,mscott,LT-MSCOTT,aggregator,mscott,logoff_count,2,,{},2026-06-02 23:59:00+00,HIGH,,2026-06-02 23:59:00+00
1978,pld-60bf7f15-cb8f-411d-8597-32e3b8e2b280,agt-1006,mscott,LT-MSCOTT,aggregator,mscott,file_access_count,110,,{},2026-06-02 23:59:00+00,HIGH,,2026-06-02 23:59:00+00
1979,pld-60bf7f15-cb8f-411d-8597-32e3b8e2b280,agt-1006,mscott,LT-MSCOTT,aggregator,mscott,file_open_count,159,,{},2026-06-02 23:59:00+00,HIGH,,2026-06-02 23:59:00+00
1980,pld-60bf7f15-cb8f-411d-8597-32e3b8e2b280,agt-1006,mscott,LT-MSCOTT,aggregator,mscott,file_copy_count,5,,{},2026-06-02 23:59:00+00,HIGH,,2026-06-02 23:59:00+00
1981,pld-60bf7f15-cb8f-411d-8597-32e3b8e2b280,agt-1006,mscott,LT-MSCOTT,aggregator,mscott,file_write_count,30,,{},2026-06-02 23:59:00+00,HIGH,,2026-06-02 23:59:00+00
1982,pld-60bf7f15-cb8f-411d-8597-32e3b8e2b280,agt-1006,mscott,LT-MSCOTT,aggregator,mscott,file_delete_count,1,,{},2026-06-02 23:59:00+00,HIGH,,2026-06-02 23:59:00+00
1983,pld-60bf7f15-cb8f-411d-8597-32e3b8e2b280,agt-1006,mscott,LT-MSCOTT,aggregator,mscott,file_access_after_hours,6,,{},2026-06-02 23:59:00+00,HIGH,,2026-06-02 23:59:00+00
1984,pld-60bf7f15-cb8f-411d-8597-32e3b8e2b280,agt-1006,mscott,LT-MSCOTT,aggregator,mscott,http_count,548,,{},2026-06-02 23:59:00+00,HIGH,,2026-06-02 23:59:00+00
1985,pld-60bf7f15-cb8f-411d-8597-32e3b8e2b280,agt-1006,mscott,LT-MSCOTT,aggregator,mscott,download_count,1,,{},2026-06-02 23:59:00+00,HIGH,,2026-06-02 23:59:00+00
1986,pld-60bf7f15-cb8f-411d-8597-32e3b8e2b280,agt-1006,mscott,LT-MSCOTT,aggregator,mscott,http_after_hours,11,,{},2026-06-02 23:59:00+00,HIGH,,2026-06-02 23:59:00+00
1987,pld-456bc91b-5cf1-4de3-9e20-4956d3c1984a,agt-1007,tjones,LT-TJONES,aggregator,tjones,logon_count,3,,{},2026-06-02 23:59:00+00,HIGH,,2026-06-02 23:59:00+00
1988,pld-456bc91b-5cf1-4de3-9e20-4956d3c1984a,agt-1007,tjones,LT-TJONES,aggregator,tjones,logoff_count,2,,{},2026-06-02 23:59:00+00,HIGH,,2026-06-02 23:59:00+00
1989,pld-456bc91b-5cf1-4de3-9e20-4956d3c1984a,agt-1007,tjones,LT-TJONES,aggregator,tjones,file_access_count,129,,{},2026-06-02 23:59:00+00,HIGH,,2026-06-02 23:59:00+00
1990,pld-456bc91b-5cf1-4de3-9e20-4956d3c1984a,agt-1007,tjones,LT-TJONES,aggregator,tjones,file_open_count,130,,{},2026-06-02 23:59:00+00,HIGH,,2026-06-02 23:59:00+00
1991,pld-456bc91b-5cf1-4de3-9e20-4956d3c1984a,agt-1007,tjones,LT-TJONES,aggregator,tjones,file_copy_count,5,,{},2026-06-02 23:59:00+00,HIGH,,2026-06-02 23:59:00+00
1992,pld-456bc91b-5cf1-4de3-9e20-4956d3c1984a,agt-1007,tjones,LT-TJONES,aggregator,tjones,file_write_count,17,,{},2026-06-02 23:59:00+00,HIGH,,2026-06-02 23:59:00+00
1993,pld-456bc91b-5cf1-4de3-9e20-4956d3c1984a,agt-1007,tjones,LT-TJONES,aggregator,tjones,file_access_after_hours,1,,{},2026-06-02 23:59:00+00,HIGH,,2026-06-02 23:59:00+00
1994,pld-456bc91b-5cf1-4de3-9e20-4956d3c1984a,agt-1007,tjones,LT-TJONES,aggregator,tjones,http_count,553,,{},2026-06-02 23:59:00+00,HIGH,,2026-06-02 23:59:00+00
1995,pld-456bc91b-5cf1-4de3-9e20-4956d3c1984a,agt-1007,tjones,LT-TJONES,aggregator,tjones,download_count,3,,{},2026-06-02 23:59:00+00,HIGH,,2026-06-02 23:59:00+00
1996,pld-456bc91b-5cf1-4de3-9e20-4956d3c1984a,agt-1007,tjones,LT-TJONES,aggregator,tjones,http_after_hours,14,,{},2026-06-02 23:59:00+00,HIGH,,2026-06-02 23:59:00+00
1997,pld-868aefd3-2b5a-4521-b49d-92a04eb002c5,agt-1008,rwilson,LT-RWILSON,aggregator,rwilson,logon_count,3,,{},2026-06-02 23:59:00+00,HIGH,,2026-06-02 23:59:00+00
1998,pld-868aefd3-2b5a-4521-b49d-92a04eb002c5,agt-1008,rwilson,LT-RWILSON,aggregator,rwilson,logoff_count,2,,{},2026-06-02 23:59:00+00,HIGH,,2026-06-02 23:59:00+00
1999,pld-868aefd3-2b5a-4521-b49d-92a04eb002c5,agt-1008,rwilson,LT-RWILSON,aggregator,rwilson,file_access_count,458,,{},2026-06-02 23:59:00+00,HIGH,,2026-06-02 23:59:00+00
2000,pld-868aefd3-2b5a-4521-b49d-92a04eb002c5,agt-1008,rwilson,LT-RWILSON,aggregator,rwilson,file_open_count,102,,{},2026-06-02 23:59:00+00,HIGH,,2026-06-02 23:59:00+00
2001,pld-868aefd3-2b5a-4521-b49d-92a04eb002c5,agt-1008,rwilson,LT-RWILSON,aggregator,rwilson,file_copy_count,8,,{},2026-06-02 23:59:00+00,HIGH,,2026-06-02 23:59:00+00
2002,pld-868aefd3-2b5a-4521-b49d-92a04eb002c5,agt-1008,rwilson,LT-RWILSON,aggregator,rwilson,file_write_count,24,,{},2026-06-02 23:59:00+00,HIGH,,2026-06-02 23:59:00+00
2003,pld-868aefd3-2b5a-4521-b49d-92a04eb002c5,agt-1008,rwilson,LT-RWILSON,aggregator,rwilson,file_delete_count,3,,{},2026-06-02 23:59:00+00,HIGH,,2026-06-02 23:59:00+00
2004,pld-868aefd3-2b5a-4521-b49d-92a04eb002c5,agt-1008,rwilson,LT-RWILSON,aggregator,rwilson,file_access_after_hours,10,,{},2026-06-02 23:59:00+00,HIGH,,2026-06-02 23:59:00+00
2005,pld-868aefd3-2b5a-4521-b49d-92a04eb002c5,agt-1008,rwilson,LT-RWILSON,aggregator,rwilson,http_count,598,,{},2026-06-02 23:59:00+00,HIGH,,2026-06-02 23:59:00+00
2006,pld-868aefd3-2b5a-4521-b49d-92a04eb002c5,agt-1008,rwilson,LT-RWILSON,aggregator,rwilson,download_count,2,,{},2026-06-02 23:59:00+00,HIGH,,2026-06-02 23:59:00+00
2007,pld-868aefd3-2b5a-4521-b49d-92a04eb002c5,agt-1008,rwilson,LT-RWILSON,aggregator,rwilson,http_after_hours,2,,{},2026-06-02 23:59:00+00,HIGH,,2026-06-02 23:59:00+00
2008,pld-be20767d-32ce-448e-944d-7cce17b74fbc,agt-1009,esnow,LT-ESNOW,aggregator,esnow,logon_count,1,,{},2026-06-02 23:59:00+00,HIGH,,2026-06-02 23:59:00+00
2009,pld-be20767d-32ce-448e-944d-7cce17b74fbc,agt-1009,esnow,LT-ESNOW,aggregator,esnow,logoff_count,3,,{},2026-06-02 23:59:00+00,HIGH,,2026-06-02 23:59:00+00
2010,pld-be20767d-32ce-448e-944d-7cce17b74fbc,agt-1009,esnow,LT-ESNOW,aggregator,esnow,file_access_count,192,,{},2026-06-02 23:59:00+00,HIGH,,2026-06-02 23:59:00+00
2011,pld-be20767d-32ce-448e-944d-7cce17b74fbc,agt-1009,esnow,LT-ESNOW,aggregator,esnow,file_open_count,148,,{},2026-06-02 23:59:00+00,HIGH,,2026-06-02 23:59:00+00
2012,pld-be20767d-32ce-448e-944d-7cce17b74fbc,agt-1009,esnow,LT-ESNOW,aggregator,esnow,file_copy_count,13,,{},2026-06-02 23:59:00+00,HIGH,,2026-06-02 23:59:00+00
2013,pld-be20767d-32ce-448e-944d-7cce17b74fbc,agt-1009,esnow,LT-ESNOW,aggregator,esnow,file_write_count,28,,{},2026-06-02 23:59:00+00,HIGH,,2026-06-02 23:59:00+00
2014,pld-be20767d-32ce-448e-944d-7cce17b74fbc,agt-1009,esnow,LT-ESNOW,aggregator,esnow,file_access_after_hours,6,,{},2026-06-02 23:59:00+00,HIGH,,2026-06-02 23:59:00+00
2015,pld-be20767d-32ce-448e-944d-7cce17b74fbc,agt-1009,esnow,LT-ESNOW,aggregator,esnow,http_count,772,,{},2026-06-02 23:59:00+00,HIGH,,2026-06-02 23:59:00+00
2016,pld-be20767d-32ce-448e-944d-7cce17b74fbc,agt-1009,esnow,LT-ESNOW,aggregator,esnow,job_search_site_visits,18,,{},2026-06-02 23:59:00+00,HIGH,,2026-06-02 23:59:00+00
2017,pld-be20767d-32ce-448e-944d-7cce17b74fbc,agt-1009,esnow,LT-ESNOW,aggregator,esnow,download_count,1,,{},2026-06-02 23:59:00+00,HIGH,,2026-06-02 23:59:00+00
2018,pld-be20767d-32ce-448e-944d-7cce17b74fbc,agt-1009,esnow,LT-ESNOW,aggregator,esnow,http_after_hours,14,,{},2026-06-02 23:59:00+00,HIGH,,2026-06-02 23:59:00+00
2019,pld-a13db4b8-8e2a-4c92-a282-a594ba37230b,agt-1010,badmin,LT-BADMIN,aggregator,badmin,logon_count,3,,{},2026-06-02 23:59:00+00,HIGH,,2026-06-02 23:59:00+00
2020,pld-a13db4b8-8e2a-4c92-a282-a594ba37230b,agt-1010,badmin,LT-BADMIN,aggregator,badmin,logoff_count,3,,{},2026-06-02 23:59:00+00,HIGH,,2026-06-02 23:59:00+00
2021,pld-a13db4b8-8e2a-4c92-a282-a594ba37230b,agt-1010,badmin,LT-BADMIN,aggregator,badmin,file_access_count,373,,{},2026-06-02 23:59:00+00,HIGH,,2026-06-02 23:59:00+00
2022,pld-a13db4b8-8e2a-4c92-a282-a594ba37230b,agt-1010,badmin,LT-BADMIN,aggregator,badmin,file_open_count,121,,{},2026-06-02 23:59:00+00,HIGH,,2026-06-02 23:59:00+00
2023,pld-a13db4b8-8e2a-4c92-a282-a594ba37230b,agt-1010,badmin,LT-BADMIN,aggregator,badmin,file_copy_count,7,,{},2026-06-02 23:59:00+00,HIGH,,2026-06-02 23:59:00+00
2024,pld-a13db4b8-8e2a-4c92-a282-a594ba37230b,agt-1010,badmin,LT-BADMIN,aggregator,badmin,file_write_count,29,,{},2026-06-02 23:59:00+00,HIGH,,2026-06-02 23:59:00+00
2025,pld-a13db4b8-8e2a-4c92-a282-a594ba37230b,agt-1010,badmin,LT-BADMIN,aggregator,badmin,file_delete_count,3,,{},2026-06-02 23:59:00+00,HIGH,,2026-06-02 23:59:00+00
2026,pld-a13db4b8-8e2a-4c92-a282-a594ba37230b,agt-1010,badmin,LT-BADMIN,aggregator,badmin,file_access_after_hours,7,,{},2026-06-02 23:59:00+00,HIGH,,2026-06-02 23:59:00+00
2027,pld-a13db4b8-8e2a-4c92-a282-a594ba37230b,agt-1010,badmin,LT-BADMIN,aggregator,badmin,http_count,741,,{},2026-06-02 23:59:00+00,HIGH,,2026-06-02 23:59:00+00
2028,pld-a13db4b8-8e2a-4c92-a282-a594ba37230b,agt-1010,badmin,LT-BADMIN,aggregator,badmin,download_count,5,,{},2026-06-02 23:59:00+00,HIGH,,2026-06-02 23:59:00+00
2029,pld-a13db4b8-8e2a-4c92-a282-a594ba37230b,agt-1010,badmin,LT-BADMIN,aggregator,badmin,http_after_hours,13,,{},2026-06-02 23:59:00+00,HIGH,,2026-06-02 23:59:00+00
2030,pld-107f1140-5517-46ca-aff3-b5cb0a0b01ca,agt-1001,jdoe,LT-JDOE,aggregator,jdoe,logon_count,1,,{},2026-06-03 23:59:00+00,HIGH,,2026-06-03 23:59:00+00
2031,pld-107f1140-5517-46ca-aff3-b5cb0a0b01ca,agt-1001,jdoe,LT-JDOE,aggregator,jdoe,logoff_count,2,,{},2026-06-03 23:59:00+00,HIGH,,2026-06-03 23:59:00+00
2032,pld-107f1140-5517-46ca-aff3-b5cb0a0b01ca,agt-1001,jdoe,LT-JDOE,aggregator,jdoe,file_access_count,500,,{},2026-06-03 23:59:00+00,HIGH,,2026-06-03 23:59:00+00
2033,pld-107f1140-5517-46ca-aff3-b5cb0a0b01ca,agt-1001,jdoe,LT-JDOE,aggregator,jdoe,file_open_count,165,,{},2026-06-03 23:59:00+00,HIGH,,2026-06-03 23:59:00+00
2034,pld-107f1140-5517-46ca-aff3-b5cb0a0b01ca,agt-1001,jdoe,LT-JDOE,aggregator,jdoe,file_copy_count,10,,{},2026-06-03 23:59:00+00,HIGH,,2026-06-03 23:59:00+00
2035,pld-107f1140-5517-46ca-aff3-b5cb0a0b01ca,agt-1001,jdoe,LT-JDOE,aggregator,jdoe,file_write_count,22,,{},2026-06-03 23:59:00+00,HIGH,,2026-06-03 23:59:00+00
2036,pld-107f1140-5517-46ca-aff3-b5cb0a0b01ca,agt-1001,jdoe,LT-JDOE,aggregator,jdoe,file_access_after_hours,3,,{},2026-06-03 23:59:00+00,HIGH,,2026-06-03 23:59:00+00
2037,pld-107f1140-5517-46ca-aff3-b5cb0a0b01ca,agt-1001,jdoe,LT-JDOE,aggregator,jdoe,http_count,312,,{},2026-06-03 23:59:00+00,HIGH,,2026-06-03 23:59:00+00
2038,pld-107f1140-5517-46ca-aff3-b5cb0a0b01ca,agt-1001,jdoe,LT-JDOE,aggregator,jdoe,http_after_hours,19,,{},2026-06-03 23:59:00+00,HIGH,,2026-06-03 23:59:00+00
2039,pld-ab3fcd90-ab55-4ba6-8390-b0bf9e2cd4c7,agt-1002,asmith,LT-ASMITH,aggregator,asmith,logon_count,3,,{},2026-06-03 23:59:00+00,HIGH,,2026-06-03 23:59:00+00
2040,pld-ab3fcd90-ab55-4ba6-8390-b0bf9e2cd4c7,agt-1002,asmith,LT-ASMITH,aggregator,asmith,logoff_count,3,,{},2026-06-03 23:59:00+00,HIGH,,2026-06-03 23:59:00+00
2041,pld-ab3fcd90-ab55-4ba6-8390-b0bf9e2cd4c7,agt-1002,asmith,LT-ASMITH,aggregator,asmith,file_access_count,373,,{},2026-06-03 23:59:00+00,HIGH,,2026-06-03 23:59:00+00
2042,pld-ab3fcd90-ab55-4ba6-8390-b0bf9e2cd4c7,agt-1002,asmith,LT-ASMITH,aggregator,asmith,file_open_count,134,,{},2026-06-03 23:59:00+00,HIGH,,2026-06-03 23:59:00+00
2043,pld-ab3fcd90-ab55-4ba6-8390-b0bf9e2cd4c7,agt-1002,asmith,LT-ASMITH,aggregator,asmith,file_copy_count,7,,{},2026-06-03 23:59:00+00,HIGH,,2026-06-03 23:59:00+00
2044,pld-ab3fcd90-ab55-4ba6-8390-b0bf9e2cd4c7,agt-1002,asmith,LT-ASMITH,aggregator,asmith,file_write_count,44,,{},2026-06-03 23:59:00+00,HIGH,,2026-06-03 23:59:00+00
2045,pld-ab3fcd90-ab55-4ba6-8390-b0bf9e2cd4c7,agt-1002,asmith,LT-ASMITH,aggregator,asmith,file_delete_count,1,,{},2026-06-03 23:59:00+00,HIGH,,2026-06-03 23:59:00+00
2046,pld-ab3fcd90-ab55-4ba6-8390-b0bf9e2cd4c7,agt-1002,asmith,LT-ASMITH,aggregator,asmith,file_access_after_hours,9,,{},2026-06-03 23:59:00+00,HIGH,,2026-06-03 23:59:00+00
2047,pld-ab3fcd90-ab55-4ba6-8390-b0bf9e2cd4c7,agt-1002,asmith,LT-ASMITH,aggregator,asmith,http_count,690,,{},2026-06-03 23:59:00+00,HIGH,,2026-06-03 23:59:00+00
2048,pld-ab3fcd90-ab55-4ba6-8390-b0bf9e2cd4c7,agt-1002,asmith,LT-ASMITH,aggregator,asmith,download_count,1,,{},2026-06-03 23:59:00+00,HIGH,,2026-06-03 23:59:00+00
2049,pld-ab3fcd90-ab55-4ba6-8390-b0bf9e2cd4c7,agt-1002,asmith,LT-ASMITH,aggregator,asmith,http_after_hours,15,,{},2026-06-03 23:59:00+00,HIGH,,2026-06-03 23:59:00+00
2050,pld-6bf18a5f-9837-4e79-b99f-9a2522f52501,agt-1003,mjones,LT-MJONES,aggregator,mjones,logon_count,2,,{},2026-06-03 23:59:00+00,HIGH,,2026-06-03 23:59:00+00
2051,pld-6bf18a5f-9837-4e79-b99f-9a2522f52501,agt-1003,mjones,LT-MJONES,aggregator,mjones,logoff_count,2,,{},2026-06-03 23:59:00+00,HIGH,,2026-06-03 23:59:00+00
2052,pld-6bf18a5f-9837-4e79-b99f-9a2522f52501,agt-1003,mjones,LT-MJONES,aggregator,mjones,file_access_count,273,,{},2026-06-03 23:59:00+00,HIGH,,2026-06-03 23:59:00+00
2053,pld-6bf18a5f-9837-4e79-b99f-9a2522f52501,agt-1003,mjones,LT-MJONES,aggregator,mjones,file_open_count,111,,{},2026-06-03 23:59:00+00,HIGH,,2026-06-03 23:59:00+00
2054,pld-6bf18a5f-9837-4e79-b99f-9a2522f52501,agt-1003,mjones,LT-MJONES,aggregator,mjones,file_copy_count,6,,{},2026-06-03 23:59:00+00,HIGH,,2026-06-03 23:59:00+00
2055,pld-6bf18a5f-9837-4e79-b99f-9a2522f52501,agt-1003,mjones,LT-MJONES,aggregator,mjones,file_write_count,38,,{},2026-06-03 23:59:00+00,HIGH,,2026-06-03 23:59:00+00
2056,pld-6bf18a5f-9837-4e79-b99f-9a2522f52501,agt-1003,mjones,LT-MJONES,aggregator,mjones,file_delete_count,1,,{},2026-06-03 23:59:00+00,HIGH,,2026-06-03 23:59:00+00
2057,pld-6bf18a5f-9837-4e79-b99f-9a2522f52501,agt-1003,mjones,LT-MJONES,aggregator,mjones,file_access_after_hours,6,,{},2026-06-03 23:59:00+00,HIGH,,2026-06-03 23:59:00+00
2058,pld-6bf18a5f-9837-4e79-b99f-9a2522f52501,agt-1003,mjones,LT-MJONES,aggregator,mjones,http_count,377,,{},2026-06-03 23:59:00+00,HIGH,,2026-06-03 23:59:00+00
2059,pld-6bf18a5f-9837-4e79-b99f-9a2522f52501,agt-1003,mjones,LT-MJONES,aggregator,mjones,http_after_hours,8,,{},2026-06-03 23:59:00+00,HIGH,,2026-06-03 23:59:00+00
2060,pld-d6976550-c301-4d4c-860e-1db558bdfa0a,agt-1004,bwilliams,LT-BWILLIAMS,aggregator,bwilliams,logon_count,3,,{},2026-06-03 23:59:00+00,HIGH,,2026-06-03 23:59:00+00
2061,pld-d6976550-c301-4d4c-860e-1db558bdfa0a,agt-1004,bwilliams,LT-BWILLIAMS,aggregator,bwilliams,logoff_count,1,,{},2026-06-03 23:59:00+00,HIGH,,2026-06-03 23:59:00+00
2062,pld-d6976550-c301-4d4c-860e-1db558bdfa0a,agt-1004,bwilliams,LT-BWILLIAMS,aggregator,bwilliams,file_access_count,110,,{},2026-06-03 23:59:00+00,HIGH,,2026-06-03 23:59:00+00
2063,pld-d6976550-c301-4d4c-860e-1db558bdfa0a,agt-1004,bwilliams,LT-BWILLIAMS,aggregator,bwilliams,file_open_count,83,,{},2026-06-03 23:59:00+00,HIGH,,2026-06-03 23:59:00+00
2064,pld-d6976550-c301-4d4c-860e-1db558bdfa0a,agt-1004,bwilliams,LT-BWILLIAMS,aggregator,bwilliams,file_copy_count,20,,{},2026-06-03 23:59:00+00,HIGH,,2026-06-03 23:59:00+00
2065,pld-d6976550-c301-4d4c-860e-1db558bdfa0a,agt-1004,bwilliams,LT-BWILLIAMS,aggregator,bwilliams,file_write_count,17,,{},2026-06-03 23:59:00+00,HIGH,,2026-06-03 23:59:00+00
2066,pld-d6976550-c301-4d4c-860e-1db558bdfa0a,agt-1004,bwilliams,LT-BWILLIAMS,aggregator,bwilliams,file_delete_count,4,,{},2026-06-03 23:59:00+00,HIGH,,2026-06-03 23:59:00+00
2067,pld-d6976550-c301-4d4c-860e-1db558bdfa0a,agt-1004,bwilliams,LT-BWILLIAMS,aggregator,bwilliams,file_access_after_hours,4,,{},2026-06-03 23:59:00+00,HIGH,,2026-06-03 23:59:00+00
2068,pld-d6976550-c301-4d4c-860e-1db558bdfa0a,agt-1004,bwilliams,LT-BWILLIAMS,aggregator,bwilliams,http_count,550,,{},2026-06-03 23:59:00+00,HIGH,,2026-06-03 23:59:00+00
2069,pld-d6976550-c301-4d4c-860e-1db558bdfa0a,agt-1004,bwilliams,LT-BWILLIAMS,aggregator,bwilliams,download_count,1,,{},2026-06-03 23:59:00+00,HIGH,,2026-06-03 23:59:00+00
2070,pld-d6976550-c301-4d4c-860e-1db558bdfa0a,agt-1004,bwilliams,LT-BWILLIAMS,aggregator,bwilliams,http_after_hours,19,,{},2026-06-03 23:59:00+00,HIGH,,2026-06-03 23:59:00+00
2071,pld-7ee9660f-2fb3-4316-bff4-33a7b6a8a7d2,agt-1005,cdavis,LT-CDAVIS,aggregator,cdavis,logon_count,3,,{},2026-06-03 23:59:00+00,HIGH,,2026-06-03 23:59:00+00
2072,pld-7ee9660f-2fb3-4316-bff4-33a7b6a8a7d2,agt-1005,cdavis,LT-CDAVIS,aggregator,cdavis,logoff_count,3,,{},2026-06-03 23:59:00+00,HIGH,,2026-06-03 23:59:00+00
2073,pld-7ee9660f-2fb3-4316-bff4-33a7b6a8a7d2,agt-1005,cdavis,LT-CDAVIS,aggregator,cdavis,file_access_count,350,,{},2026-06-03 23:59:00+00,HIGH,,2026-06-03 23:59:00+00
2074,pld-7ee9660f-2fb3-4316-bff4-33a7b6a8a7d2,agt-1005,cdavis,LT-CDAVIS,aggregator,cdavis,file_open_count,110,,{},2026-06-03 23:59:00+00,HIGH,,2026-06-03 23:59:00+00
2075,pld-7ee9660f-2fb3-4316-bff4-33a7b6a8a7d2,agt-1005,cdavis,LT-CDAVIS,aggregator,cdavis,file_copy_count,17,,{},2026-06-03 23:59:00+00,HIGH,,2026-06-03 23:59:00+00
2076,pld-7ee9660f-2fb3-4316-bff4-33a7b6a8a7d2,agt-1005,cdavis,LT-CDAVIS,aggregator,cdavis,file_write_count,40,,{},2026-06-03 23:59:00+00,HIGH,,2026-06-03 23:59:00+00
2077,pld-7ee9660f-2fb3-4316-bff4-33a7b6a8a7d2,agt-1005,cdavis,LT-CDAVIS,aggregator,cdavis,http_count,262,,{},2026-06-03 23:59:00+00,HIGH,,2026-06-03 23:59:00+00
2078,pld-7ee9660f-2fb3-4316-bff4-33a7b6a8a7d2,agt-1005,cdavis,LT-CDAVIS,aggregator,cdavis,download_count,3,,{},2026-06-03 23:59:00+00,HIGH,,2026-06-03 23:59:00+00
2079,pld-7ee9660f-2fb3-4316-bff4-33a7b6a8a7d2,agt-1005,cdavis,LT-CDAVIS,aggregator,cdavis,http_after_hours,14,,{},2026-06-03 23:59:00+00,HIGH,,2026-06-03 23:59:00+00
2080,pld-775ed265-5954-4046-b823-587395074342,agt-1006,mscott,LT-MSCOTT,aggregator,mscott,logon_count,2,,{},2026-06-03 23:59:00+00,HIGH,,2026-06-03 23:59:00+00
2081,pld-775ed265-5954-4046-b823-587395074342,agt-1006,mscott,LT-MSCOTT,aggregator,mscott,logoff_count,2,,{},2026-06-03 23:59:00+00,HIGH,,2026-06-03 23:59:00+00
2082,pld-775ed265-5954-4046-b823-587395074342,agt-1006,mscott,LT-MSCOTT,aggregator,mscott,after_hours_logon,1,,{},2026-06-03 23:59:00+00,HIGH,,2026-06-03 23:59:00+00
2083,pld-775ed265-5954-4046-b823-587395074342,agt-1006,mscott,LT-MSCOTT,aggregator,mscott,file_access_count,327,,{},2026-06-03 23:59:00+00,HIGH,,2026-06-03 23:59:00+00
2084,pld-775ed265-5954-4046-b823-587395074342,agt-1006,mscott,LT-MSCOTT,aggregator,mscott,file_open_count,137,,{},2026-06-03 23:59:00+00,HIGH,,2026-06-03 23:59:00+00
2085,pld-775ed265-5954-4046-b823-587395074342,agt-1006,mscott,LT-MSCOTT,aggregator,mscott,file_copy_count,18,,{},2026-06-03 23:59:00+00,HIGH,,2026-06-03 23:59:00+00
2086,pld-775ed265-5954-4046-b823-587395074342,agt-1006,mscott,LT-MSCOTT,aggregator,mscott,file_write_count,41,,{},2026-06-03 23:59:00+00,HIGH,,2026-06-03 23:59:00+00
2087,pld-775ed265-5954-4046-b823-587395074342,agt-1006,mscott,LT-MSCOTT,aggregator,mscott,file_delete_count,4,,{},2026-06-03 23:59:00+00,HIGH,,2026-06-03 23:59:00+00
2088,pld-775ed265-5954-4046-b823-587395074342,agt-1006,mscott,LT-MSCOTT,aggregator,mscott,file_access_after_hours,119,,{},2026-06-03 23:59:00+00,HIGH,,2026-06-03 23:59:00+00
2089,pld-775ed265-5954-4046-b823-587395074342,agt-1006,mscott,LT-MSCOTT,aggregator,mscott,http_count,709,,{},2026-06-03 23:59:00+00,HIGH,,2026-06-03 23:59:00+00
2090,pld-775ed265-5954-4046-b823-587395074342,agt-1006,mscott,LT-MSCOTT,aggregator,mscott,download_count,1,,{},2026-06-03 23:59:00+00,HIGH,,2026-06-03 23:59:00+00
2091,pld-775ed265-5954-4046-b823-587395074342,agt-1006,mscott,LT-MSCOTT,aggregator,mscott,http_after_hours,189,,{},2026-06-03 23:59:00+00,HIGH,,2026-06-03 23:59:00+00
2092,pld-2ed22345-24a9-4083-bd29-b5aef68bd1b6,agt-1007,tjones,LT-TJONES,aggregator,tjones,logon_count,3,,{},2026-06-03 23:59:00+00,HIGH,,2026-06-03 23:59:00+00
2093,pld-2ed22345-24a9-4083-bd29-b5aef68bd1b6,agt-1007,tjones,LT-TJONES,aggregator,tjones,logoff_count,1,,{},2026-06-03 23:59:00+00,HIGH,,2026-06-03 23:59:00+00
2094,pld-2ed22345-24a9-4083-bd29-b5aef68bd1b6,agt-1007,tjones,LT-TJONES,aggregator,tjones,file_access_count,439,,{},2026-06-03 23:59:00+00,HIGH,,2026-06-03 23:59:00+00
2095,pld-2ed22345-24a9-4083-bd29-b5aef68bd1b6,agt-1007,tjones,LT-TJONES,aggregator,tjones,file_open_count,107,,{},2026-06-03 23:59:00+00,HIGH,,2026-06-03 23:59:00+00
2096,pld-2ed22345-24a9-4083-bd29-b5aef68bd1b6,agt-1007,tjones,LT-TJONES,aggregator,tjones,file_copy_count,15,,{},2026-06-03 23:59:00+00,HIGH,,2026-06-03 23:59:00+00
2097,pld-2ed22345-24a9-4083-bd29-b5aef68bd1b6,agt-1007,tjones,LT-TJONES,aggregator,tjones,file_write_count,10,,{},2026-06-03 23:59:00+00,HIGH,,2026-06-03 23:59:00+00
2098,pld-2ed22345-24a9-4083-bd29-b5aef68bd1b6,agt-1007,tjones,LT-TJONES,aggregator,tjones,file_delete_count,3,,{},2026-06-03 23:59:00+00,HIGH,,2026-06-03 23:59:00+00
2099,pld-2ed22345-24a9-4083-bd29-b5aef68bd1b6,agt-1007,tjones,LT-TJONES,aggregator,tjones,http_count,460,,{},2026-06-03 23:59:00+00,HIGH,,2026-06-03 23:59:00+00
2100,pld-2ed22345-24a9-4083-bd29-b5aef68bd1b6,agt-1007,tjones,LT-TJONES,aggregator,tjones,download_count,5,,{},2026-06-03 23:59:00+00,HIGH,,2026-06-03 23:59:00+00
2101,pld-2ed22345-24a9-4083-bd29-b5aef68bd1b6,agt-1007,tjones,LT-TJONES,aggregator,tjones,http_after_hours,9,,{},2026-06-03 23:59:00+00,HIGH,,2026-06-03 23:59:00+00
2102,pld-90fe569c-480a-42c7-95b4-dc9faa55836a,agt-1008,rwilson,LT-RWILSON,aggregator,rwilson,logon_count,2,,{},2026-06-03 23:59:00+00,HIGH,,2026-06-03 23:59:00+00
2103,pld-90fe569c-480a-42c7-95b4-dc9faa55836a,agt-1008,rwilson,LT-RWILSON,aggregator,rwilson,logoff_count,2,,{},2026-06-03 23:59:00+00,HIGH,,2026-06-03 23:59:00+00
2104,pld-90fe569c-480a-42c7-95b4-dc9faa55836a,agt-1008,rwilson,LT-RWILSON,aggregator,rwilson,file_access_count,283,,{},2026-06-03 23:59:00+00,HIGH,,2026-06-03 23:59:00+00
2105,pld-90fe569c-480a-42c7-95b4-dc9faa55836a,agt-1008,rwilson,LT-RWILSON,aggregator,rwilson,file_open_count,180,,{},2026-06-03 23:59:00+00,HIGH,,2026-06-03 23:59:00+00
2106,pld-90fe569c-480a-42c7-95b4-dc9faa55836a,agt-1008,rwilson,LT-RWILSON,aggregator,rwilson,file_copy_count,18,,{},2026-06-03 23:59:00+00,HIGH,,2026-06-03 23:59:00+00
2107,pld-90fe569c-480a-42c7-95b4-dc9faa55836a,agt-1008,rwilson,LT-RWILSON,aggregator,rwilson,file_write_count,18,,{},2026-06-03 23:59:00+00,HIGH,,2026-06-03 23:59:00+00
2108,pld-90fe569c-480a-42c7-95b4-dc9faa55836a,agt-1008,rwilson,LT-RWILSON,aggregator,rwilson,file_delete_count,4,,{},2026-06-03 23:59:00+00,HIGH,,2026-06-03 23:59:00+00
2109,pld-90fe569c-480a-42c7-95b4-dc9faa55836a,agt-1008,rwilson,LT-RWILSON,aggregator,rwilson,file_access_after_hours,5,,{},2026-06-03 23:59:00+00,HIGH,,2026-06-03 23:59:00+00
2110,pld-90fe569c-480a-42c7-95b4-dc9faa55836a,agt-1008,rwilson,LT-RWILSON,aggregator,rwilson,http_count,231,,{},2026-06-03 23:59:00+00,HIGH,,2026-06-03 23:59:00+00
2111,pld-90fe569c-480a-42c7-95b4-dc9faa55836a,agt-1008,rwilson,LT-RWILSON,aggregator,rwilson,download_count,1,,{},2026-06-03 23:59:00+00,HIGH,,2026-06-03 23:59:00+00
2112,pld-90fe569c-480a-42c7-95b4-dc9faa55836a,agt-1008,rwilson,LT-RWILSON,aggregator,rwilson,http_after_hours,15,,{},2026-06-03 23:59:00+00,HIGH,,2026-06-03 23:59:00+00
2113,pld-dab8e0fc-98d6-43ff-bea0-9e2ed2f96f9a,agt-1009,esnow,LT-ESNOW,aggregator,esnow,logon_count,1,,{},2026-06-03 23:59:00+00,HIGH,,2026-06-03 23:59:00+00
2114,pld-dab8e0fc-98d6-43ff-bea0-9e2ed2f96f9a,agt-1009,esnow,LT-ESNOW,aggregator,esnow,logoff_count,3,,{},2026-06-03 23:59:00+00,HIGH,,2026-06-03 23:59:00+00
2115,pld-dab8e0fc-98d6-43ff-bea0-9e2ed2f96f9a,agt-1009,esnow,LT-ESNOW,aggregator,esnow,file_access_count,443,,{},2026-06-03 23:59:00+00,HIGH,,2026-06-03 23:59:00+00
2116,pld-dab8e0fc-98d6-43ff-bea0-9e2ed2f96f9a,agt-1009,esnow,LT-ESNOW,aggregator,esnow,file_open_count,92,,{},2026-06-03 23:59:00+00,HIGH,,2026-06-03 23:59:00+00
2117,pld-dab8e0fc-98d6-43ff-bea0-9e2ed2f96f9a,agt-1009,esnow,LT-ESNOW,aggregator,esnow,file_copy_count,15,,{},2026-06-03 23:59:00+00,HIGH,,2026-06-03 23:59:00+00
2118,pld-dab8e0fc-98d6-43ff-bea0-9e2ed2f96f9a,agt-1009,esnow,LT-ESNOW,aggregator,esnow,file_write_count,41,,{},2026-06-03 23:59:00+00,HIGH,,2026-06-03 23:59:00+00
2119,pld-dab8e0fc-98d6-43ff-bea0-9e2ed2f96f9a,agt-1009,esnow,LT-ESNOW,aggregator,esnow,file_delete_count,4,,{},2026-06-03 23:59:00+00,HIGH,,2026-06-03 23:59:00+00
2120,pld-dab8e0fc-98d6-43ff-bea0-9e2ed2f96f9a,agt-1009,esnow,LT-ESNOW,aggregator,esnow,file_access_after_hours,10,,{},2026-06-03 23:59:00+00,HIGH,,2026-06-03 23:59:00+00
2121,pld-dab8e0fc-98d6-43ff-bea0-9e2ed2f96f9a,agt-1009,esnow,LT-ESNOW,aggregator,esnow,http_count,259,,{},2026-06-03 23:59:00+00,HIGH,,2026-06-03 23:59:00+00
2122,pld-dab8e0fc-98d6-43ff-bea0-9e2ed2f96f9a,agt-1009,esnow,LT-ESNOW,aggregator,esnow,job_search_site_visits,20,,{},2026-06-03 23:59:00+00,HIGH,,2026-06-03 23:59:00+00
2123,pld-dab8e0fc-98d6-43ff-bea0-9e2ed2f96f9a,agt-1009,esnow,LT-ESNOW,aggregator,esnow,download_count,2,,{},2026-06-03 23:59:00+00,HIGH,,2026-06-03 23:59:00+00
2124,pld-dab8e0fc-98d6-43ff-bea0-9e2ed2f96f9a,agt-1009,esnow,LT-ESNOW,aggregator,esnow,http_after_hours,16,,{},2026-06-03 23:59:00+00,HIGH,,2026-06-03 23:59:00+00
2125,pld-e81f5be7-3954-45ed-b532-280a26793b7f,agt-1010,badmin,LT-BADMIN,aggregator,badmin,logon_count,1,,{},2026-06-03 23:59:00+00,HIGH,,2026-06-03 23:59:00+00
2126,pld-e81f5be7-3954-45ed-b532-280a26793b7f,agt-1010,badmin,LT-BADMIN,aggregator,badmin,logoff_count,3,,{},2026-06-03 23:59:00+00,HIGH,,2026-06-03 23:59:00+00
2127,pld-e81f5be7-3954-45ed-b532-280a26793b7f,agt-1010,badmin,LT-BADMIN,aggregator,badmin,file_access_count,316,,{},2026-06-03 23:59:00+00,HIGH,,2026-06-03 23:59:00+00
2128,pld-e81f5be7-3954-45ed-b532-280a26793b7f,agt-1010,badmin,LT-BADMIN,aggregator,badmin,file_open_count,132,,{},2026-06-03 23:59:00+00,HIGH,,2026-06-03 23:59:00+00
2129,pld-e81f5be7-3954-45ed-b532-280a26793b7f,agt-1010,badmin,LT-BADMIN,aggregator,badmin,file_copy_count,17,,{},2026-06-03 23:59:00+00,HIGH,,2026-06-03 23:59:00+00
2130,pld-e81f5be7-3954-45ed-b532-280a26793b7f,agt-1010,badmin,LT-BADMIN,aggregator,badmin,file_write_count,44,,{},2026-06-03 23:59:00+00,HIGH,,2026-06-03 23:59:00+00
2131,pld-e81f5be7-3954-45ed-b532-280a26793b7f,agt-1010,badmin,LT-BADMIN,aggregator,badmin,file_delete_count,4,,{},2026-06-03 23:59:00+00,HIGH,,2026-06-03 23:59:00+00
2132,pld-e81f5be7-3954-45ed-b532-280a26793b7f,agt-1010,badmin,LT-BADMIN,aggregator,badmin,file_access_after_hours,6,,{},2026-06-03 23:59:00+00,HIGH,,2026-06-03 23:59:00+00
2133,pld-e81f5be7-3954-45ed-b532-280a26793b7f,agt-1010,badmin,LT-BADMIN,aggregator,badmin,http_count,567,,{},2026-06-03 23:59:00+00,HIGH,,2026-06-03 23:59:00+00
2134,pld-e81f5be7-3954-45ed-b532-280a26793b7f,agt-1010,badmin,LT-BADMIN,aggregator,badmin,download_count,3,,{},2026-06-03 23:59:00+00,HIGH,,2026-06-03 23:59:00+00
2135,pld-e81f5be7-3954-45ed-b532-280a26793b7f,agt-1010,badmin,LT-BADMIN,aggregator,badmin,http_after_hours,8,,{},2026-06-03 23:59:00+00,HIGH,,2026-06-03 23:59:00+00
2136,pld-9ba74016-9c04-4737-b570-37933501114e,agt-1001,jdoe,LT-JDOE,aggregator,jdoe,logon_count,2,,{},2026-06-04 23:59:00+00,HIGH,,2026-06-04 23:59:00+00
2137,pld-9ba74016-9c04-4737-b570-37933501114e,agt-1001,jdoe,LT-JDOE,aggregator,jdoe,logoff_count,3,,{},2026-06-04 23:59:00+00,HIGH,,2026-06-04 23:59:00+00
2138,pld-9ba74016-9c04-4737-b570-37933501114e,agt-1001,jdoe,LT-JDOE,aggregator,jdoe,file_access_count,310,,{},2026-06-04 23:59:00+00,HIGH,,2026-06-04 23:59:00+00
2139,pld-9ba74016-9c04-4737-b570-37933501114e,agt-1001,jdoe,LT-JDOE,aggregator,jdoe,file_open_count,192,,{},2026-06-04 23:59:00+00,HIGH,,2026-06-04 23:59:00+00
2140,pld-9ba74016-9c04-4737-b570-37933501114e,agt-1001,jdoe,LT-JDOE,aggregator,jdoe,file_copy_count,20,,{},2026-06-04 23:59:00+00,HIGH,,2026-06-04 23:59:00+00
2141,pld-9ba74016-9c04-4737-b570-37933501114e,agt-1001,jdoe,LT-JDOE,aggregator,jdoe,file_write_count,34,,{},2026-06-04 23:59:00+00,HIGH,,2026-06-04 23:59:00+00
2142,pld-9ba74016-9c04-4737-b570-37933501114e,agt-1001,jdoe,LT-JDOE,aggregator,jdoe,file_delete_count,3,,{},2026-06-04 23:59:00+00,HIGH,,2026-06-04 23:59:00+00
2143,pld-9ba74016-9c04-4737-b570-37933501114e,agt-1001,jdoe,LT-JDOE,aggregator,jdoe,file_access_after_hours,1,,{},2026-06-04 23:59:00+00,HIGH,,2026-06-04 23:59:00+00
2144,pld-9ba74016-9c04-4737-b570-37933501114e,agt-1001,jdoe,LT-JDOE,aggregator,jdoe,http_count,426,,{},2026-06-04 23:59:00+00,HIGH,,2026-06-04 23:59:00+00
2145,pld-9ba74016-9c04-4737-b570-37933501114e,agt-1001,jdoe,LT-JDOE,aggregator,jdoe,http_after_hours,8,,{},2026-06-04 23:59:00+00,HIGH,,2026-06-04 23:59:00+00
2146,pld-4c7e2dd7-0980-4a18-99c2-b6a1ec56b9ab,agt-1002,asmith,LT-ASMITH,aggregator,asmith,logon_count,3,,{},2026-06-04 23:59:00+00,HIGH,,2026-06-04 23:59:00+00
2147,pld-4c7e2dd7-0980-4a18-99c2-b6a1ec56b9ab,agt-1002,asmith,LT-ASMITH,aggregator,asmith,logoff_count,2,,{},2026-06-04 23:59:00+00,HIGH,,2026-06-04 23:59:00+00
2148,pld-4c7e2dd7-0980-4a18-99c2-b6a1ec56b9ab,agt-1002,asmith,LT-ASMITH,aggregator,asmith,file_access_count,109,,{},2026-06-04 23:59:00+00,HIGH,,2026-06-04 23:59:00+00
2149,pld-4c7e2dd7-0980-4a18-99c2-b6a1ec56b9ab,agt-1002,asmith,LT-ASMITH,aggregator,asmith,file_open_count,56,,{},2026-06-04 23:59:00+00,HIGH,,2026-06-04 23:59:00+00
2150,pld-4c7e2dd7-0980-4a18-99c2-b6a1ec56b9ab,agt-1002,asmith,LT-ASMITH,aggregator,asmith,file_copy_count,11,,{},2026-06-04 23:59:00+00,HIGH,,2026-06-04 23:59:00+00
2151,pld-4c7e2dd7-0980-4a18-99c2-b6a1ec56b9ab,agt-1002,asmith,LT-ASMITH,aggregator,asmith,file_write_count,50,,{},2026-06-04 23:59:00+00,HIGH,,2026-06-04 23:59:00+00
2152,pld-4c7e2dd7-0980-4a18-99c2-b6a1ec56b9ab,agt-1002,asmith,LT-ASMITH,aggregator,asmith,file_delete_count,4,,{},2026-06-04 23:59:00+00,HIGH,,2026-06-04 23:59:00+00
2153,pld-4c7e2dd7-0980-4a18-99c2-b6a1ec56b9ab,agt-1002,asmith,LT-ASMITH,aggregator,asmith,file_access_after_hours,10,,{},2026-06-04 23:59:00+00,HIGH,,2026-06-04 23:59:00+00
2154,pld-4c7e2dd7-0980-4a18-99c2-b6a1ec56b9ab,agt-1002,asmith,LT-ASMITH,aggregator,asmith,http_count,838,,{},2026-06-04 23:59:00+00,HIGH,,2026-06-04 23:59:00+00
2155,pld-4c7e2dd7-0980-4a18-99c2-b6a1ec56b9ab,agt-1002,asmith,LT-ASMITH,aggregator,asmith,download_count,3,,{},2026-06-04 23:59:00+00,HIGH,,2026-06-04 23:59:00+00
2156,pld-4c7e2dd7-0980-4a18-99c2-b6a1ec56b9ab,agt-1002,asmith,LT-ASMITH,aggregator,asmith,http_after_hours,20,,{},2026-06-04 23:59:00+00,HIGH,,2026-06-04 23:59:00+00
2157,pld-77fedb13-068a-4972-9d60-29fa75d369d6,agt-1003,mjones,LT-MJONES,aggregator,mjones,logon_count,3,,{},2026-06-04 23:59:00+00,HIGH,,2026-06-04 23:59:00+00
2158,pld-77fedb13-068a-4972-9d60-29fa75d369d6,agt-1003,mjones,LT-MJONES,aggregator,mjones,logoff_count,1,,{},2026-06-04 23:59:00+00,HIGH,,2026-06-04 23:59:00+00
2159,pld-77fedb13-068a-4972-9d60-29fa75d369d6,agt-1003,mjones,LT-MJONES,aggregator,mjones,file_access_count,487,,{},2026-06-04 23:59:00+00,HIGH,,2026-06-04 23:59:00+00
2160,pld-77fedb13-068a-4972-9d60-29fa75d369d6,agt-1003,mjones,LT-MJONES,aggregator,mjones,file_open_count,118,,{},2026-06-04 23:59:00+00,HIGH,,2026-06-04 23:59:00+00
2161,pld-77fedb13-068a-4972-9d60-29fa75d369d6,agt-1003,mjones,LT-MJONES,aggregator,mjones,file_copy_count,17,,{},2026-06-04 23:59:00+00,HIGH,,2026-06-04 23:59:00+00
2162,pld-77fedb13-068a-4972-9d60-29fa75d369d6,agt-1003,mjones,LT-MJONES,aggregator,mjones,file_write_count,33,,{},2026-06-04 23:59:00+00,HIGH,,2026-06-04 23:59:00+00
2163,pld-77fedb13-068a-4972-9d60-29fa75d369d6,agt-1003,mjones,LT-MJONES,aggregator,mjones,file_delete_count,1,,{},2026-06-04 23:59:00+00,HIGH,,2026-06-04 23:59:00+00
2164,pld-77fedb13-068a-4972-9d60-29fa75d369d6,agt-1003,mjones,LT-MJONES,aggregator,mjones,file_access_after_hours,1,,{},2026-06-04 23:59:00+00,HIGH,,2026-06-04 23:59:00+00
2165,pld-77fedb13-068a-4972-9d60-29fa75d369d6,agt-1003,mjones,LT-MJONES,aggregator,mjones,http_count,843,,{},2026-06-04 23:59:00+00,HIGH,,2026-06-04 23:59:00+00
2166,pld-77fedb13-068a-4972-9d60-29fa75d369d6,agt-1003,mjones,LT-MJONES,aggregator,mjones,download_count,2,,{},2026-06-04 23:59:00+00,HIGH,,2026-06-04 23:59:00+00
2167,pld-77fedb13-068a-4972-9d60-29fa75d369d6,agt-1003,mjones,LT-MJONES,aggregator,mjones,http_after_hours,16,,{},2026-06-04 23:59:00+00,HIGH,,2026-06-04 23:59:00+00
2168,pld-945f3e78-4909-4509-9040-8f68f50efd35,agt-1004,bwilliams,LT-BWILLIAMS,aggregator,bwilliams,logon_count,2,,{},2026-06-04 23:59:00+00,HIGH,,2026-06-04 23:59:00+00
2169,pld-945f3e78-4909-4509-9040-8f68f50efd35,agt-1004,bwilliams,LT-BWILLIAMS,aggregator,bwilliams,logoff_count,3,,{},2026-06-04 23:59:00+00,HIGH,,2026-06-04 23:59:00+00
2170,pld-945f3e78-4909-4509-9040-8f68f50efd35,agt-1004,bwilliams,LT-BWILLIAMS,aggregator,bwilliams,file_access_count,278,,{},2026-06-04 23:59:00+00,HIGH,,2026-06-04 23:59:00+00
2171,pld-945f3e78-4909-4509-9040-8f68f50efd35,agt-1004,bwilliams,LT-BWILLIAMS,aggregator,bwilliams,file_open_count,190,,{},2026-06-04 23:59:00+00,HIGH,,2026-06-04 23:59:00+00
2172,pld-945f3e78-4909-4509-9040-8f68f50efd35,agt-1004,bwilliams,LT-BWILLIAMS,aggregator,bwilliams,file_copy_count,15,,{},2026-06-04 23:59:00+00,HIGH,,2026-06-04 23:59:00+00
2173,pld-945f3e78-4909-4509-9040-8f68f50efd35,agt-1004,bwilliams,LT-BWILLIAMS,aggregator,bwilliams,file_write_count,40,,{},2026-06-04 23:59:00+00,HIGH,,2026-06-04 23:59:00+00
2174,pld-945f3e78-4909-4509-9040-8f68f50efd35,agt-1004,bwilliams,LT-BWILLIAMS,aggregator,bwilliams,file_delete_count,1,,{},2026-06-04 23:59:00+00,HIGH,,2026-06-04 23:59:00+00
2175,pld-945f3e78-4909-4509-9040-8f68f50efd35,agt-1004,bwilliams,LT-BWILLIAMS,aggregator,bwilliams,file_access_after_hours,1,,{},2026-06-04 23:59:00+00,HIGH,,2026-06-04 23:59:00+00
2176,pld-945f3e78-4909-4509-9040-8f68f50efd35,agt-1004,bwilliams,LT-BWILLIAMS,aggregator,bwilliams,http_count,949,,{},2026-06-04 23:59:00+00,HIGH,,2026-06-04 23:59:00+00
2177,pld-945f3e78-4909-4509-9040-8f68f50efd35,agt-1004,bwilliams,LT-BWILLIAMS,aggregator,bwilliams,download_count,5,,{},2026-06-04 23:59:00+00,HIGH,,2026-06-04 23:59:00+00
2178,pld-945f3e78-4909-4509-9040-8f68f50efd35,agt-1004,bwilliams,LT-BWILLIAMS,aggregator,bwilliams,http_after_hours,16,,{},2026-06-04 23:59:00+00,HIGH,,2026-06-04 23:59:00+00
2179,pld-d6c6e0f3-ec51-4b0d-8a52-6a8e23634f71,agt-1005,cdavis,LT-CDAVIS,aggregator,cdavis,logon_count,3,,{},2026-06-04 23:59:00+00,HIGH,,2026-06-04 23:59:00+00
2180,pld-d6c6e0f3-ec51-4b0d-8a52-6a8e23634f71,agt-1005,cdavis,LT-CDAVIS,aggregator,cdavis,logoff_count,3,,{},2026-06-04 23:59:00+00,HIGH,,2026-06-04 23:59:00+00
2181,pld-d6c6e0f3-ec51-4b0d-8a52-6a8e23634f71,agt-1005,cdavis,LT-CDAVIS,aggregator,cdavis,file_access_count,131,,{},2026-06-04 23:59:00+00,HIGH,,2026-06-04 23:59:00+00
2182,pld-d6c6e0f3-ec51-4b0d-8a52-6a8e23634f71,agt-1005,cdavis,LT-CDAVIS,aggregator,cdavis,file_open_count,200,,{},2026-06-04 23:59:00+00,HIGH,,2026-06-04 23:59:00+00
2183,pld-d6c6e0f3-ec51-4b0d-8a52-6a8e23634f71,agt-1005,cdavis,LT-CDAVIS,aggregator,cdavis,file_copy_count,8,,{},2026-06-04 23:59:00+00,HIGH,,2026-06-04 23:59:00+00
2184,pld-d6c6e0f3-ec51-4b0d-8a52-6a8e23634f71,agt-1005,cdavis,LT-CDAVIS,aggregator,cdavis,file_write_count,37,,{},2026-06-04 23:59:00+00,HIGH,,2026-06-04 23:59:00+00
2185,pld-d6c6e0f3-ec51-4b0d-8a52-6a8e23634f71,agt-1005,cdavis,LT-CDAVIS,aggregator,cdavis,file_delete_count,5,,{},2026-06-04 23:59:00+00,HIGH,,2026-06-04 23:59:00+00
2186,pld-d6c6e0f3-ec51-4b0d-8a52-6a8e23634f71,agt-1005,cdavis,LT-CDAVIS,aggregator,cdavis,file_access_after_hours,1,,{},2026-06-04 23:59:00+00,HIGH,,2026-06-04 23:59:00+00
2187,pld-d6c6e0f3-ec51-4b0d-8a52-6a8e23634f71,agt-1005,cdavis,LT-CDAVIS,aggregator,cdavis,http_count,901,,{},2026-06-04 23:59:00+00,HIGH,,2026-06-04 23:59:00+00
2188,pld-d6c6e0f3-ec51-4b0d-8a52-6a8e23634f71,agt-1005,cdavis,LT-CDAVIS,aggregator,cdavis,download_count,5,,{},2026-06-04 23:59:00+00,HIGH,,2026-06-04 23:59:00+00
2189,pld-d6c6e0f3-ec51-4b0d-8a52-6a8e23634f71,agt-1005,cdavis,LT-CDAVIS,aggregator,cdavis,http_after_hours,9,,{},2026-06-04 23:59:00+00,HIGH,,2026-06-04 23:59:00+00
2190,pld-4f871358-0817-4dbd-9e70-1b37783887e7,agt-1006,mscott,LT-MSCOTT,aggregator,mscott,logon_count,1,,{},2026-06-04 23:59:00+00,HIGH,,2026-06-04 23:59:00+00
2191,pld-4f871358-0817-4dbd-9e70-1b37783887e7,agt-1006,mscott,LT-MSCOTT,aggregator,mscott,logoff_count,3,,{},2026-06-04 23:59:00+00,HIGH,,2026-06-04 23:59:00+00
2192,pld-4f871358-0817-4dbd-9e70-1b37783887e7,agt-1006,mscott,LT-MSCOTT,aggregator,mscott,file_access_count,213,,{},2026-06-04 23:59:00+00,HIGH,,2026-06-04 23:59:00+00
2193,pld-4f871358-0817-4dbd-9e70-1b37783887e7,agt-1006,mscott,LT-MSCOTT,aggregator,mscott,file_open_count,77,,{},2026-06-04 23:59:00+00,HIGH,,2026-06-04 23:59:00+00
2194,pld-4f871358-0817-4dbd-9e70-1b37783887e7,agt-1006,mscott,LT-MSCOTT,aggregator,mscott,file_copy_count,6,,{},2026-06-04 23:59:00+00,HIGH,,2026-06-04 23:59:00+00
2195,pld-4f871358-0817-4dbd-9e70-1b37783887e7,agt-1006,mscott,LT-MSCOTT,aggregator,mscott,file_write_count,43,,{},2026-06-04 23:59:00+00,HIGH,,2026-06-04 23:59:00+00
2196,pld-4f871358-0817-4dbd-9e70-1b37783887e7,agt-1006,mscott,LT-MSCOTT,aggregator,mscott,file_delete_count,3,,{},2026-06-04 23:59:00+00,HIGH,,2026-06-04 23:59:00+00
2197,pld-4f871358-0817-4dbd-9e70-1b37783887e7,agt-1006,mscott,LT-MSCOTT,aggregator,mscott,file_access_after_hours,3,,{},2026-06-04 23:59:00+00,HIGH,,2026-06-04 23:59:00+00
2198,pld-4f871358-0817-4dbd-9e70-1b37783887e7,agt-1006,mscott,LT-MSCOTT,aggregator,mscott,http_count,436,,{},2026-06-04 23:59:00+00,HIGH,,2026-06-04 23:59:00+00
2199,pld-4f871358-0817-4dbd-9e70-1b37783887e7,agt-1006,mscott,LT-MSCOTT,aggregator,mscott,download_count,3,,{},2026-06-04 23:59:00+00,HIGH,,2026-06-04 23:59:00+00
2200,pld-4f871358-0817-4dbd-9e70-1b37783887e7,agt-1006,mscott,LT-MSCOTT,aggregator,mscott,http_after_hours,18,,{},2026-06-04 23:59:00+00,HIGH,,2026-06-04 23:59:00+00
2201,pld-fb6154e7-fe25-4ce8-a012-cc7b4dda496b,agt-1007,tjones,LT-TJONES,aggregator,tjones,logon_count,2,,{},2026-06-04 23:59:00+00,HIGH,,2026-06-04 23:59:00+00
2202,pld-fb6154e7-fe25-4ce8-a012-cc7b4dda496b,agt-1007,tjones,LT-TJONES,aggregator,tjones,logoff_count,1,,{},2026-06-04 23:59:00+00,HIGH,,2026-06-04 23:59:00+00
2203,pld-fb6154e7-fe25-4ce8-a012-cc7b4dda496b,agt-1007,tjones,LT-TJONES,aggregator,tjones,file_access_count,372,,{},2026-06-04 23:59:00+00,HIGH,,2026-06-04 23:59:00+00
2204,pld-fb6154e7-fe25-4ce8-a012-cc7b4dda496b,agt-1007,tjones,LT-TJONES,aggregator,tjones,file_open_count,147,,{},2026-06-04 23:59:00+00,HIGH,,2026-06-04 23:59:00+00
2205,pld-fb6154e7-fe25-4ce8-a012-cc7b4dda496b,agt-1007,tjones,LT-TJONES,aggregator,tjones,file_copy_count,13,,{},2026-06-04 23:59:00+00,HIGH,,2026-06-04 23:59:00+00
2206,pld-fb6154e7-fe25-4ce8-a012-cc7b4dda496b,agt-1007,tjones,LT-TJONES,aggregator,tjones,file_write_count,28,,{},2026-06-04 23:59:00+00,HIGH,,2026-06-04 23:59:00+00
2207,pld-fb6154e7-fe25-4ce8-a012-cc7b4dda496b,agt-1007,tjones,LT-TJONES,aggregator,tjones,file_delete_count,5,,{},2026-06-04 23:59:00+00,HIGH,,2026-06-04 23:59:00+00
2208,pld-fb6154e7-fe25-4ce8-a012-cc7b4dda496b,agt-1007,tjones,LT-TJONES,aggregator,tjones,file_access_after_hours,9,,{},2026-06-04 23:59:00+00,HIGH,,2026-06-04 23:59:00+00
2209,pld-fb6154e7-fe25-4ce8-a012-cc7b4dda496b,agt-1007,tjones,LT-TJONES,aggregator,tjones,http_count,740,,{},2026-06-04 23:59:00+00,HIGH,,2026-06-04 23:59:00+00
2210,pld-fb6154e7-fe25-4ce8-a012-cc7b4dda496b,agt-1007,tjones,LT-TJONES,aggregator,tjones,download_count,1,,{},2026-06-04 23:59:00+00,HIGH,,2026-06-04 23:59:00+00
2211,pld-fb6154e7-fe25-4ce8-a012-cc7b4dda496b,agt-1007,tjones,LT-TJONES,aggregator,tjones,http_after_hours,14,,{},2026-06-04 23:59:00+00,HIGH,,2026-06-04 23:59:00+00
2212,pld-cc3adebc-2780-4fc4-acbd-a178afe87300,agt-1008,rwilson,LT-RWILSON,aggregator,rwilson,logon_count,2,,{},2026-06-04 23:59:00+00,HIGH,,2026-06-04 23:59:00+00
2213,pld-cc3adebc-2780-4fc4-acbd-a178afe87300,agt-1008,rwilson,LT-RWILSON,aggregator,rwilson,logoff_count,1,,{},2026-06-04 23:59:00+00,HIGH,,2026-06-04 23:59:00+00
2214,pld-cc3adebc-2780-4fc4-acbd-a178afe87300,agt-1008,rwilson,LT-RWILSON,aggregator,rwilson,file_access_count,195,,{},2026-06-04 23:59:00+00,HIGH,,2026-06-04 23:59:00+00
2215,pld-cc3adebc-2780-4fc4-acbd-a178afe87300,agt-1008,rwilson,LT-RWILSON,aggregator,rwilson,file_open_count,188,,{},2026-06-04 23:59:00+00,HIGH,,2026-06-04 23:59:00+00
2216,pld-cc3adebc-2780-4fc4-acbd-a178afe87300,agt-1008,rwilson,LT-RWILSON,aggregator,rwilson,file_copy_count,10,,{},2026-06-04 23:59:00+00,HIGH,,2026-06-04 23:59:00+00
2217,pld-cc3adebc-2780-4fc4-acbd-a178afe87300,agt-1008,rwilson,LT-RWILSON,aggregator,rwilson,file_write_count,18,,{},2026-06-04 23:59:00+00,HIGH,,2026-06-04 23:59:00+00
2218,pld-cc3adebc-2780-4fc4-acbd-a178afe87300,agt-1008,rwilson,LT-RWILSON,aggregator,rwilson,file_delete_count,2,,{},2026-06-04 23:59:00+00,HIGH,,2026-06-04 23:59:00+00
2219,pld-cc3adebc-2780-4fc4-acbd-a178afe87300,agt-1008,rwilson,LT-RWILSON,aggregator,rwilson,file_access_after_hours,9,,{},2026-06-04 23:59:00+00,HIGH,,2026-06-04 23:59:00+00
2220,pld-cc3adebc-2780-4fc4-acbd-a178afe87300,agt-1008,rwilson,LT-RWILSON,aggregator,rwilson,http_count,425,,{},2026-06-04 23:59:00+00,HIGH,,2026-06-04 23:59:00+00
2221,pld-cc3adebc-2780-4fc4-acbd-a178afe87300,agt-1008,rwilson,LT-RWILSON,aggregator,rwilson,download_count,3,,{},2026-06-04 23:59:00+00,HIGH,,2026-06-04 23:59:00+00
2222,pld-cc3adebc-2780-4fc4-acbd-a178afe87300,agt-1008,rwilson,LT-RWILSON,aggregator,rwilson,http_after_hours,5,,{},2026-06-04 23:59:00+00,HIGH,,2026-06-04 23:59:00+00
2223,pld-9c1ad996-c658-4b30-abdb-4e72c1c9f990,agt-1009,esnow,LT-ESNOW,aggregator,esnow,logon_count,3,,{},2026-06-04 23:59:00+00,HIGH,,2026-06-04 23:59:00+00
2224,pld-9c1ad996-c658-4b30-abdb-4e72c1c9f990,agt-1009,esnow,LT-ESNOW,aggregator,esnow,logoff_count,3,,{},2026-06-04 23:59:00+00,HIGH,,2026-06-04 23:59:00+00
2225,pld-9c1ad996-c658-4b30-abdb-4e72c1c9f990,agt-1009,esnow,LT-ESNOW,aggregator,esnow,file_access_count,485,,{},2026-06-04 23:59:00+00,HIGH,,2026-06-04 23:59:00+00
2226,pld-9c1ad996-c658-4b30-abdb-4e72c1c9f990,agt-1009,esnow,LT-ESNOW,aggregator,esnow,file_open_count,113,,{},2026-06-04 23:59:00+00,HIGH,,2026-06-04 23:59:00+00
2227,pld-9c1ad996-c658-4b30-abdb-4e72c1c9f990,agt-1009,esnow,LT-ESNOW,aggregator,esnow,file_copy_count,12,,{},2026-06-04 23:59:00+00,HIGH,,2026-06-04 23:59:00+00
2228,pld-9c1ad996-c658-4b30-abdb-4e72c1c9f990,agt-1009,esnow,LT-ESNOW,aggregator,esnow,file_write_count,23,,{},2026-06-04 23:59:00+00,HIGH,,2026-06-04 23:59:00+00
2229,pld-9c1ad996-c658-4b30-abdb-4e72c1c9f990,agt-1009,esnow,LT-ESNOW,aggregator,esnow,file_delete_count,5,,{},2026-06-04 23:59:00+00,HIGH,,2026-06-04 23:59:00+00
2230,pld-9c1ad996-c658-4b30-abdb-4e72c1c9f990,agt-1009,esnow,LT-ESNOW,aggregator,esnow,file_access_after_hours,4,,{},2026-06-04 23:59:00+00,HIGH,,2026-06-04 23:59:00+00
2231,pld-9c1ad996-c658-4b30-abdb-4e72c1c9f990,agt-1009,esnow,LT-ESNOW,aggregator,esnow,http_count,205,,{},2026-06-04 23:59:00+00,HIGH,,2026-06-04 23:59:00+00
2232,pld-9c1ad996-c658-4b30-abdb-4e72c1c9f990,agt-1009,esnow,LT-ESNOW,aggregator,esnow,job_search_site_visits,7,,{},2026-06-04 23:59:00+00,HIGH,,2026-06-04 23:59:00+00
2233,pld-9c1ad996-c658-4b30-abdb-4e72c1c9f990,agt-1009,esnow,LT-ESNOW,aggregator,esnow,http_after_hours,20,,{},2026-06-04 23:59:00+00,HIGH,,2026-06-04 23:59:00+00
2234,pld-54cb3d7d-6fc2-44d0-a116-6758869c521f,agt-1010,badmin,LT-BADMIN,aggregator,badmin,logon_count,1,,{},2026-06-04 23:59:00+00,HIGH,,2026-06-04 23:59:00+00
2235,pld-54cb3d7d-6fc2-44d0-a116-6758869c521f,agt-1010,badmin,LT-BADMIN,aggregator,badmin,logoff_count,2,,{},2026-06-04 23:59:00+00,HIGH,,2026-06-04 23:59:00+00
2236,pld-54cb3d7d-6fc2-44d0-a116-6758869c521f,agt-1010,badmin,LT-BADMIN,aggregator,badmin,file_access_count,106,,{},2026-06-04 23:59:00+00,HIGH,,2026-06-04 23:59:00+00
2237,pld-54cb3d7d-6fc2-44d0-a116-6758869c521f,agt-1010,badmin,LT-BADMIN,aggregator,badmin,file_open_count,60,,{},2026-06-04 23:59:00+00,HIGH,,2026-06-04 23:59:00+00
2238,pld-54cb3d7d-6fc2-44d0-a116-6758869c521f,agt-1010,badmin,LT-BADMIN,aggregator,badmin,file_copy_count,5,,{},2026-06-04 23:59:00+00,HIGH,,2026-06-04 23:59:00+00
2239,pld-54cb3d7d-6fc2-44d0-a116-6758869c521f,agt-1010,badmin,LT-BADMIN,aggregator,badmin,file_write_count,29,,{},2026-06-04 23:59:00+00,HIGH,,2026-06-04 23:59:00+00
2240,pld-54cb3d7d-6fc2-44d0-a116-6758869c521f,agt-1010,badmin,LT-BADMIN,aggregator,badmin,file_delete_count,1,,{},2026-06-04 23:59:00+00,HIGH,,2026-06-04 23:59:00+00
2241,pld-54cb3d7d-6fc2-44d0-a116-6758869c521f,agt-1010,badmin,LT-BADMIN,aggregator,badmin,file_access_after_hours,7,,{},2026-06-04 23:59:00+00,HIGH,,2026-06-04 23:59:00+00
2242,pld-54cb3d7d-6fc2-44d0-a116-6758869c521f,agt-1010,badmin,LT-BADMIN,aggregator,badmin,http_count,559,,{},2026-06-04 23:59:00+00,HIGH,,2026-06-04 23:59:00+00
2243,pld-54cb3d7d-6fc2-44d0-a116-6758869c521f,agt-1010,badmin,LT-BADMIN,aggregator,badmin,download_count,4,,{},2026-06-04 23:59:00+00,HIGH,,2026-06-04 23:59:00+00
2244,pld-54cb3d7d-6fc2-44d0-a116-6758869c521f,agt-1010,badmin,LT-BADMIN,aggregator,badmin,http_after_hours,14,,{},2026-06-04 23:59:00+00,HIGH,,2026-06-04 23:59:00+00
2245,pld-28e7bf77-1759-49aa-86c0-27e4c144a5a5,agt-1001,jdoe,LT-JDOE,aggregator,jdoe,logon_count,1,,{},2026-06-05 23:59:00+00,HIGH,,2026-06-05 23:59:00+00
2246,pld-28e7bf77-1759-49aa-86c0-27e4c144a5a5,agt-1001,jdoe,LT-JDOE,aggregator,jdoe,logoff_count,3,,{},2026-06-05 23:59:00+00,HIGH,,2026-06-05 23:59:00+00
2247,pld-28e7bf77-1759-49aa-86c0-27e4c144a5a5,agt-1001,jdoe,LT-JDOE,aggregator,jdoe,file_access_count,255,,{},2026-06-05 23:59:00+00,HIGH,,2026-06-05 23:59:00+00
2248,pld-28e7bf77-1759-49aa-86c0-27e4c144a5a5,agt-1001,jdoe,LT-JDOE,aggregator,jdoe,file_open_count,143,,{},2026-06-05 23:59:00+00,HIGH,,2026-06-05 23:59:00+00
2249,pld-28e7bf77-1759-49aa-86c0-27e4c144a5a5,agt-1001,jdoe,LT-JDOE,aggregator,jdoe,file_copy_count,9,,{},2026-06-05 23:59:00+00,HIGH,,2026-06-05 23:59:00+00
2250,pld-28e7bf77-1759-49aa-86c0-27e4c144a5a5,agt-1001,jdoe,LT-JDOE,aggregator,jdoe,file_write_count,31,,{},2026-06-05 23:59:00+00,HIGH,,2026-06-05 23:59:00+00
2251,pld-28e7bf77-1759-49aa-86c0-27e4c144a5a5,agt-1001,jdoe,LT-JDOE,aggregator,jdoe,file_delete_count,5,,{},2026-06-05 23:59:00+00,HIGH,,2026-06-05 23:59:00+00
2252,pld-28e7bf77-1759-49aa-86c0-27e4c144a5a5,agt-1001,jdoe,LT-JDOE,aggregator,jdoe,file_access_after_hours,8,,{},2026-06-05 23:59:00+00,HIGH,,2026-06-05 23:59:00+00
2253,pld-28e7bf77-1759-49aa-86c0-27e4c144a5a5,agt-1001,jdoe,LT-JDOE,aggregator,jdoe,http_count,453,,{},2026-06-05 23:59:00+00,HIGH,,2026-06-05 23:59:00+00
2254,pld-28e7bf77-1759-49aa-86c0-27e4c144a5a5,agt-1001,jdoe,LT-JDOE,aggregator,jdoe,download_count,4,,{},2026-06-05 23:59:00+00,HIGH,,2026-06-05 23:59:00+00
2255,pld-28e7bf77-1759-49aa-86c0-27e4c144a5a5,agt-1001,jdoe,LT-JDOE,aggregator,jdoe,http_after_hours,10,,{},2026-06-05 23:59:00+00,HIGH,,2026-06-05 23:59:00+00
2256,pld-6c1e2ce2-d4bb-4cb5-b542-96900400881f,agt-1002,asmith,LT-ASMITH,aggregator,asmith,logon_count,1,,{},2026-06-05 23:59:00+00,HIGH,,2026-06-05 23:59:00+00
2257,pld-6c1e2ce2-d4bb-4cb5-b542-96900400881f,agt-1002,asmith,LT-ASMITH,aggregator,asmith,logoff_count,2,,{},2026-06-05 23:59:00+00,HIGH,,2026-06-05 23:59:00+00
2258,pld-6c1e2ce2-d4bb-4cb5-b542-96900400881f,agt-1002,asmith,LT-ASMITH,aggregator,asmith,after_hours_logon,1,,{},2026-06-05 23:59:00+00,HIGH,,2026-06-05 23:59:00+00
2259,pld-6c1e2ce2-d4bb-4cb5-b542-96900400881f,agt-1002,asmith,LT-ASMITH,aggregator,asmith,file_access_count,170,,{},2026-06-05 23:59:00+00,HIGH,,2026-06-05 23:59:00+00
2260,pld-6c1e2ce2-d4bb-4cb5-b542-96900400881f,agt-1002,asmith,LT-ASMITH,aggregator,asmith,file_open_count,71,,{},2026-06-05 23:59:00+00,HIGH,,2026-06-05 23:59:00+00
2261,pld-6c1e2ce2-d4bb-4cb5-b542-96900400881f,agt-1002,asmith,LT-ASMITH,aggregator,asmith,file_copy_count,13,,{},2026-06-05 23:59:00+00,HIGH,,2026-06-05 23:59:00+00
2262,pld-6c1e2ce2-d4bb-4cb5-b542-96900400881f,agt-1002,asmith,LT-ASMITH,aggregator,asmith,file_write_count,47,,{},2026-06-05 23:59:00+00,HIGH,,2026-06-05 23:59:00+00
2263,pld-6c1e2ce2-d4bb-4cb5-b542-96900400881f,agt-1002,asmith,LT-ASMITH,aggregator,asmith,file_delete_count,2,,{},2026-06-05 23:59:00+00,HIGH,,2026-06-05 23:59:00+00
2264,pld-6c1e2ce2-d4bb-4cb5-b542-96900400881f,agt-1002,asmith,LT-ASMITH,aggregator,asmith,file_access_after_hours,145,,{},2026-06-05 23:59:00+00,HIGH,,2026-06-05 23:59:00+00
2265,pld-6c1e2ce2-d4bb-4cb5-b542-96900400881f,agt-1002,asmith,LT-ASMITH,aggregator,asmith,http_count,562,,{},2026-06-05 23:59:00+00,HIGH,,2026-06-05 23:59:00+00
2266,pld-6c1e2ce2-d4bb-4cb5-b542-96900400881f,agt-1002,asmith,LT-ASMITH,aggregator,asmith,http_after_hours,187,,{},2026-06-05 23:59:00+00,HIGH,,2026-06-05 23:59:00+00
2267,pld-9e7bca1c-1f6e-4b61-a096-aa55811dfed7,agt-1003,mjones,LT-MJONES,aggregator,mjones,logon_count,2,,{},2026-06-05 23:59:00+00,HIGH,,2026-06-05 23:59:00+00
2268,pld-9e7bca1c-1f6e-4b61-a096-aa55811dfed7,agt-1003,mjones,LT-MJONES,aggregator,mjones,logoff_count,2,,{},2026-06-05 23:59:00+00,HIGH,,2026-06-05 23:59:00+00
2269,pld-9e7bca1c-1f6e-4b61-a096-aa55811dfed7,agt-1003,mjones,LT-MJONES,aggregator,mjones,file_access_count,418,,{},2026-06-05 23:59:00+00,HIGH,,2026-06-05 23:59:00+00
2270,pld-9e7bca1c-1f6e-4b61-a096-aa55811dfed7,agt-1003,mjones,LT-MJONES,aggregator,mjones,file_open_count,160,,{},2026-06-05 23:59:00+00,HIGH,,2026-06-05 23:59:00+00
2271,pld-9e7bca1c-1f6e-4b61-a096-aa55811dfed7,agt-1003,mjones,LT-MJONES,aggregator,mjones,file_copy_count,5,,{},2026-06-05 23:59:00+00,HIGH,,2026-06-05 23:59:00+00
2272,pld-9e7bca1c-1f6e-4b61-a096-aa55811dfed7,agt-1003,mjones,LT-MJONES,aggregator,mjones,file_write_count,22,,{},2026-06-05 23:59:00+00,HIGH,,2026-06-05 23:59:00+00
2273,pld-9e7bca1c-1f6e-4b61-a096-aa55811dfed7,agt-1003,mjones,LT-MJONES,aggregator,mjones,file_delete_count,3,,{},2026-06-05 23:59:00+00,HIGH,,2026-06-05 23:59:00+00
2274,pld-9e7bca1c-1f6e-4b61-a096-aa55811dfed7,agt-1003,mjones,LT-MJONES,aggregator,mjones,file_access_after_hours,5,,{},2026-06-05 23:59:00+00,HIGH,,2026-06-05 23:59:00+00
2275,pld-9e7bca1c-1f6e-4b61-a096-aa55811dfed7,agt-1003,mjones,LT-MJONES,aggregator,mjones,http_count,499,,{},2026-06-05 23:59:00+00,HIGH,,2026-06-05 23:59:00+00
2276,pld-9e7bca1c-1f6e-4b61-a096-aa55811dfed7,agt-1003,mjones,LT-MJONES,aggregator,mjones,http_after_hours,1,,{},2026-06-05 23:59:00+00,HIGH,,2026-06-05 23:59:00+00
2277,pld-2cbd0e17-e656-4345-bd99-9d8333dfef64,agt-1004,bwilliams,LT-BWILLIAMS,aggregator,bwilliams,logon_count,2,,{},2026-06-05 23:59:00+00,HIGH,,2026-06-05 23:59:00+00
2278,pld-2cbd0e17-e656-4345-bd99-9d8333dfef64,agt-1004,bwilliams,LT-BWILLIAMS,aggregator,bwilliams,logoff_count,3,,{},2026-06-05 23:59:00+00,HIGH,,2026-06-05 23:59:00+00
2279,pld-2cbd0e17-e656-4345-bd99-9d8333dfef64,agt-1004,bwilliams,LT-BWILLIAMS,aggregator,bwilliams,file_access_count,291,,{},2026-06-05 23:59:00+00,HIGH,,2026-06-05 23:59:00+00
2280,pld-2cbd0e17-e656-4345-bd99-9d8333dfef64,agt-1004,bwilliams,LT-BWILLIAMS,aggregator,bwilliams,file_open_count,164,,{},2026-06-05 23:59:00+00,HIGH,,2026-06-05 23:59:00+00
2281,pld-2cbd0e17-e656-4345-bd99-9d8333dfef64,agt-1004,bwilliams,LT-BWILLIAMS,aggregator,bwilliams,file_copy_count,12,,{},2026-06-05 23:59:00+00,HIGH,,2026-06-05 23:59:00+00
2282,pld-2cbd0e17-e656-4345-bd99-9d8333dfef64,agt-1004,bwilliams,LT-BWILLIAMS,aggregator,bwilliams,file_write_count,31,,{},2026-06-05 23:59:00+00,HIGH,,2026-06-05 23:59:00+00
2283,pld-2cbd0e17-e656-4345-bd99-9d8333dfef64,agt-1004,bwilliams,LT-BWILLIAMS,aggregator,bwilliams,file_delete_count,3,,{},2026-06-05 23:59:00+00,HIGH,,2026-06-05 23:59:00+00
2284,pld-2cbd0e17-e656-4345-bd99-9d8333dfef64,agt-1004,bwilliams,LT-BWILLIAMS,aggregator,bwilliams,file_access_after_hours,2,,{},2026-06-05 23:59:00+00,HIGH,,2026-06-05 23:59:00+00
2285,pld-2cbd0e17-e656-4345-bd99-9d8333dfef64,agt-1004,bwilliams,LT-BWILLIAMS,aggregator,bwilliams,http_count,764,,{},2026-06-05 23:59:00+00,HIGH,,2026-06-05 23:59:00+00
2286,pld-2cbd0e17-e656-4345-bd99-9d8333dfef64,agt-1004,bwilliams,LT-BWILLIAMS,aggregator,bwilliams,download_count,5,,{},2026-06-05 23:59:00+00,HIGH,,2026-06-05 23:59:00+00
2287,pld-2cbd0e17-e656-4345-bd99-9d8333dfef64,agt-1004,bwilliams,LT-BWILLIAMS,aggregator,bwilliams,http_after_hours,6,,{},2026-06-05 23:59:00+00,HIGH,,2026-06-05 23:59:00+00
2288,pld-3fd4d225-c298-42a8-8bf9-064de0718c16,agt-1005,cdavis,LT-CDAVIS,aggregator,cdavis,logon_count,3,,{},2026-06-05 23:59:00+00,HIGH,,2026-06-05 23:59:00+00
2289,pld-3fd4d225-c298-42a8-8bf9-064de0718c16,agt-1005,cdavis,LT-CDAVIS,aggregator,cdavis,logoff_count,3,,{},2026-06-05 23:59:00+00,HIGH,,2026-06-05 23:59:00+00
2290,pld-3fd4d225-c298-42a8-8bf9-064de0718c16,agt-1005,cdavis,LT-CDAVIS,aggregator,cdavis,file_access_count,334,,{},2026-06-05 23:59:00+00,HIGH,,2026-06-05 23:59:00+00
2291,pld-3fd4d225-c298-42a8-8bf9-064de0718c16,agt-1005,cdavis,LT-CDAVIS,aggregator,cdavis,file_open_count,120,,{},2026-06-05 23:59:00+00,HIGH,,2026-06-05 23:59:00+00
2292,pld-3fd4d225-c298-42a8-8bf9-064de0718c16,agt-1005,cdavis,LT-CDAVIS,aggregator,cdavis,file_copy_count,7,,{},2026-06-05 23:59:00+00,HIGH,,2026-06-05 23:59:00+00
2293,pld-3fd4d225-c298-42a8-8bf9-064de0718c16,agt-1005,cdavis,LT-CDAVIS,aggregator,cdavis,file_write_count,37,,{},2026-06-05 23:59:00+00,HIGH,,2026-06-05 23:59:00+00
2294,pld-3fd4d225-c298-42a8-8bf9-064de0718c16,agt-1005,cdavis,LT-CDAVIS,aggregator,cdavis,file_access_after_hours,4,,{},2026-06-05 23:59:00+00,HIGH,,2026-06-05 23:59:00+00
2295,pld-3fd4d225-c298-42a8-8bf9-064de0718c16,agt-1005,cdavis,LT-CDAVIS,aggregator,cdavis,http_count,529,,{},2026-06-05 23:59:00+00,HIGH,,2026-06-05 23:59:00+00
2296,pld-3fd4d225-c298-42a8-8bf9-064de0718c16,agt-1005,cdavis,LT-CDAVIS,aggregator,cdavis,download_count,1,,{},2026-06-05 23:59:00+00,HIGH,,2026-06-05 23:59:00+00
2297,pld-3fd4d225-c298-42a8-8bf9-064de0718c16,agt-1005,cdavis,LT-CDAVIS,aggregator,cdavis,http_after_hours,17,,{},2026-06-05 23:59:00+00,HIGH,,2026-06-05 23:59:00+00
2298,pld-38bb8128-46c9-48fa-8d9d-d8f8f0003b4c,agt-1006,mscott,LT-MSCOTT,aggregator,mscott,logon_count,2,,{},2026-06-05 23:59:00+00,HIGH,,2026-06-05 23:59:00+00
2299,pld-38bb8128-46c9-48fa-8d9d-d8f8f0003b4c,agt-1006,mscott,LT-MSCOTT,aggregator,mscott,logoff_count,3,,{},2026-06-05 23:59:00+00,HIGH,,2026-06-05 23:59:00+00
2300,pld-38bb8128-46c9-48fa-8d9d-d8f8f0003b4c,agt-1006,mscott,LT-MSCOTT,aggregator,mscott,after_hours_logon,1,,{},2026-06-05 23:59:00+00,HIGH,,2026-06-05 23:59:00+00
2301,pld-38bb8128-46c9-48fa-8d9d-d8f8f0003b4c,agt-1006,mscott,LT-MSCOTT,aggregator,mscott,file_access_count,166,,{},2026-06-05 23:59:00+00,HIGH,,2026-06-05 23:59:00+00
2302,pld-38bb8128-46c9-48fa-8d9d-d8f8f0003b4c,agt-1006,mscott,LT-MSCOTT,aggregator,mscott,file_open_count,135,,{},2026-06-05 23:59:00+00,HIGH,,2026-06-05 23:59:00+00
2303,pld-38bb8128-46c9-48fa-8d9d-d8f8f0003b4c,agt-1006,mscott,LT-MSCOTT,aggregator,mscott,file_copy_count,14,,{},2026-06-05 23:59:00+00,HIGH,,2026-06-05 23:59:00+00
2304,pld-38bb8128-46c9-48fa-8d9d-d8f8f0003b4c,agt-1006,mscott,LT-MSCOTT,aggregator,mscott,file_write_count,48,,{},2026-06-05 23:59:00+00,HIGH,,2026-06-05 23:59:00+00
2305,pld-38bb8128-46c9-48fa-8d9d-d8f8f0003b4c,agt-1006,mscott,LT-MSCOTT,aggregator,mscott,file_access_after_hours,172,,{},2026-06-05 23:59:00+00,HIGH,,2026-06-05 23:59:00+00
2306,pld-38bb8128-46c9-48fa-8d9d-d8f8f0003b4c,agt-1006,mscott,LT-MSCOTT,aggregator,mscott,http_count,342,,{},2026-06-05 23:59:00+00,HIGH,,2026-06-05 23:59:00+00
2307,pld-38bb8128-46c9-48fa-8d9d-d8f8f0003b4c,agt-1006,mscott,LT-MSCOTT,aggregator,mscott,download_count,5,,{},2026-06-05 23:59:00+00,HIGH,,2026-06-05 23:59:00+00
2308,pld-38bb8128-46c9-48fa-8d9d-d8f8f0003b4c,agt-1006,mscott,LT-MSCOTT,aggregator,mscott,http_after_hours,60,,{},2026-06-05 23:59:00+00,HIGH,,2026-06-05 23:59:00+00
2309,pld-6aebcde3-daee-4bc7-89e6-338e19b0442c,agt-1007,tjones,LT-TJONES,aggregator,tjones,logon_count,1,,{},2026-06-05 23:59:00+00,HIGH,,2026-06-05 23:59:00+00
2310,pld-6aebcde3-daee-4bc7-89e6-338e19b0442c,agt-1007,tjones,LT-TJONES,aggregator,tjones,logoff_count,2,,{},2026-06-05 23:59:00+00,HIGH,,2026-06-05 23:59:00+00
2311,pld-6aebcde3-daee-4bc7-89e6-338e19b0442c,agt-1007,tjones,LT-TJONES,aggregator,tjones,file_access_count,404,,{},2026-06-05 23:59:00+00,HIGH,,2026-06-05 23:59:00+00
2312,pld-6aebcde3-daee-4bc7-89e6-338e19b0442c,agt-1007,tjones,LT-TJONES,aggregator,tjones,file_open_count,169,,{},2026-06-05 23:59:00+00,HIGH,,2026-06-05 23:59:00+00
2313,pld-6aebcde3-daee-4bc7-89e6-338e19b0442c,agt-1007,tjones,LT-TJONES,aggregator,tjones,file_copy_count,13,,{},2026-06-05 23:59:00+00,HIGH,,2026-06-05 23:59:00+00
2314,pld-6aebcde3-daee-4bc7-89e6-338e19b0442c,agt-1007,tjones,LT-TJONES,aggregator,tjones,file_write_count,17,,{},2026-06-05 23:59:00+00,HIGH,,2026-06-05 23:59:00+00
2315,pld-6aebcde3-daee-4bc7-89e6-338e19b0442c,agt-1007,tjones,LT-TJONES,aggregator,tjones,file_delete_count,1,,{},2026-06-05 23:59:00+00,HIGH,,2026-06-05 23:59:00+00
2316,pld-6aebcde3-daee-4bc7-89e6-338e19b0442c,agt-1007,tjones,LT-TJONES,aggregator,tjones,file_access_after_hours,7,,{},2026-06-05 23:59:00+00,HIGH,,2026-06-05 23:59:00+00
2317,pld-6aebcde3-daee-4bc7-89e6-338e19b0442c,agt-1007,tjones,LT-TJONES,aggregator,tjones,http_count,290,,{},2026-06-05 23:59:00+00,HIGH,,2026-06-05 23:59:00+00
2318,pld-6aebcde3-daee-4bc7-89e6-338e19b0442c,agt-1007,tjones,LT-TJONES,aggregator,tjones,download_count,3,,{},2026-06-05 23:59:00+00,HIGH,,2026-06-05 23:59:00+00
2319,pld-6aebcde3-daee-4bc7-89e6-338e19b0442c,agt-1007,tjones,LT-TJONES,aggregator,tjones,http_after_hours,5,,{},2026-06-05 23:59:00+00,HIGH,,2026-06-05 23:59:00+00
2320,pld-e1b0e9c5-9bcd-45c1-a784-39f6f9115d6f,agt-1008,rwilson,LT-RWILSON,aggregator,rwilson,logon_count,3,,{},2026-06-05 23:59:00+00,HIGH,,2026-06-05 23:59:00+00
2321,pld-e1b0e9c5-9bcd-45c1-a784-39f6f9115d6f,agt-1008,rwilson,LT-RWILSON,aggregator,rwilson,logoff_count,1,,{},2026-06-05 23:59:00+00,HIGH,,2026-06-05 23:59:00+00
2322,pld-e1b0e9c5-9bcd-45c1-a784-39f6f9115d6f,agt-1008,rwilson,LT-RWILSON,aggregator,rwilson,file_access_count,109,,{},2026-06-05 23:59:00+00,HIGH,,2026-06-05 23:59:00+00
2323,pld-e1b0e9c5-9bcd-45c1-a784-39f6f9115d6f,agt-1008,rwilson,LT-RWILSON,aggregator,rwilson,file_open_count,189,,{},2026-06-05 23:59:00+00,HIGH,,2026-06-05 23:59:00+00
2324,pld-e1b0e9c5-9bcd-45c1-a784-39f6f9115d6f,agt-1008,rwilson,LT-RWILSON,aggregator,rwilson,file_copy_count,6,,{},2026-06-05 23:59:00+00,HIGH,,2026-06-05 23:59:00+00
2325,pld-e1b0e9c5-9bcd-45c1-a784-39f6f9115d6f,agt-1008,rwilson,LT-RWILSON,aggregator,rwilson,file_write_count,26,,{},2026-06-05 23:59:00+00,HIGH,,2026-06-05 23:59:00+00
2326,pld-e1b0e9c5-9bcd-45c1-a784-39f6f9115d6f,agt-1008,rwilson,LT-RWILSON,aggregator,rwilson,file_delete_count,3,,{},2026-06-05 23:59:00+00,HIGH,,2026-06-05 23:59:00+00
2327,pld-e1b0e9c5-9bcd-45c1-a784-39f6f9115d6f,agt-1008,rwilson,LT-RWILSON,aggregator,rwilson,file_access_after_hours,1,,{},2026-06-05 23:59:00+00,HIGH,,2026-06-05 23:59:00+00
2328,pld-e1b0e9c5-9bcd-45c1-a784-39f6f9115d6f,agt-1008,rwilson,LT-RWILSON,aggregator,rwilson,http_count,598,,{},2026-06-05 23:59:00+00,HIGH,,2026-06-05 23:59:00+00
2329,pld-e1b0e9c5-9bcd-45c1-a784-39f6f9115d6f,agt-1008,rwilson,LT-RWILSON,aggregator,rwilson,http_after_hours,11,,{},2026-06-05 23:59:00+00,HIGH,,2026-06-05 23:59:00+00
2330,pld-5c28b3be-1407-443c-bf6c-daf54dd979cc,agt-1009,esnow,LT-ESNOW,aggregator,esnow,logon_count,2,,{},2026-06-05 23:59:00+00,HIGH,,2026-06-05 23:59:00+00
2331,pld-5c28b3be-1407-443c-bf6c-daf54dd979cc,agt-1009,esnow,LT-ESNOW,aggregator,esnow,logoff_count,3,,{},2026-06-05 23:59:00+00,HIGH,,2026-06-05 23:59:00+00
2332,pld-5c28b3be-1407-443c-bf6c-daf54dd979cc,agt-1009,esnow,LT-ESNOW,aggregator,esnow,after_hours_logon,1,,{},2026-06-05 23:59:00+00,HIGH,,2026-06-05 23:59:00+00
2333,pld-5c28b3be-1407-443c-bf6c-daf54dd979cc,agt-1009,esnow,LT-ESNOW,aggregator,esnow,file_access_count,123,,{},2026-06-05 23:59:00+00,HIGH,,2026-06-05 23:59:00+00
2334,pld-5c28b3be-1407-443c-bf6c-daf54dd979cc,agt-1009,esnow,LT-ESNOW,aggregator,esnow,file_open_count,112,,{},2026-06-05 23:59:00+00,HIGH,,2026-06-05 23:59:00+00
2335,pld-5c28b3be-1407-443c-bf6c-daf54dd979cc,agt-1009,esnow,LT-ESNOW,aggregator,esnow,file_copy_count,11,,{},2026-06-05 23:59:00+00,HIGH,,2026-06-05 23:59:00+00
2336,pld-5c28b3be-1407-443c-bf6c-daf54dd979cc,agt-1009,esnow,LT-ESNOW,aggregator,esnow,file_write_count,15,,{},2026-06-05 23:59:00+00,HIGH,,2026-06-05 23:59:00+00
2337,pld-5c28b3be-1407-443c-bf6c-daf54dd979cc,agt-1009,esnow,LT-ESNOW,aggregator,esnow,file_delete_count,3,,{},2026-06-05 23:59:00+00,HIGH,,2026-06-05 23:59:00+00
2338,pld-5c28b3be-1407-443c-bf6c-daf54dd979cc,agt-1009,esnow,LT-ESNOW,aggregator,esnow,sensitive_file_access,75,,{},2026-06-05 23:59:00+00,HIGH,,2026-06-05 23:59:00+00
2339,pld-5c28b3be-1407-443c-bf6c-daf54dd979cc,agt-1009,esnow,LT-ESNOW,aggregator,esnow,external_drive_file_copy,74,,{},2026-06-05 23:59:00+00,HIGH,,2026-06-05 23:59:00+00
2340,pld-5c28b3be-1407-443c-bf6c-daf54dd979cc,agt-1009,esnow,LT-ESNOW,aggregator,esnow,file_access_after_hours,207,,{},2026-06-05 23:59:00+00,HIGH,,2026-06-05 23:59:00+00
2341,pld-5c28b3be-1407-443c-bf6c-daf54dd979cc,agt-1009,esnow,LT-ESNOW,aggregator,esnow,large_file_transfer_count,8,,{},2026-06-05 23:59:00+00,HIGH,,2026-06-05 23:59:00+00
2342,pld-5c28b3be-1407-443c-bf6c-daf54dd979cc,agt-1009,esnow,LT-ESNOW,aggregator,esnow,usb_connect_count,1,,{},2026-06-05 23:59:00+00,HIGH,,2026-06-05 23:59:00+00
2343,pld-5c28b3be-1407-443c-bf6c-daf54dd979cc,agt-1009,esnow,LT-ESNOW,aggregator,esnow,usb_file_transfer_count,65,,{},2026-06-05 23:59:00+00,HIGH,,2026-06-05 23:59:00+00
2344,pld-5c28b3be-1407-443c-bf6c-daf54dd979cc,agt-1009,esnow,LT-ESNOW,aggregator,esnow,http_count,235,,{},2026-06-05 23:59:00+00,HIGH,,2026-06-05 23:59:00+00
2345,pld-5c28b3be-1407-443c-bf6c-daf54dd979cc,agt-1009,esnow,LT-ESNOW,aggregator,esnow,job_search_site_visits,13,,{},2026-06-05 23:59:00+00,HIGH,,2026-06-05 23:59:00+00
2346,pld-5c28b3be-1407-443c-bf6c-daf54dd979cc,agt-1009,esnow,LT-ESNOW,aggregator,esnow,download_count,1,,{},2026-06-05 23:59:00+00,HIGH,,2026-06-05 23:59:00+00
2347,pld-5c28b3be-1407-443c-bf6c-daf54dd979cc,agt-1009,esnow,LT-ESNOW,aggregator,esnow,http_after_hours,1,,{},2026-06-05 23:59:00+00,HIGH,,2026-06-05 23:59:00+00
2348,pld-129dc150-786c-4fdf-8e40-aeb9a96dc83d,agt-1010,badmin,LT-BADMIN,aggregator,badmin,logon_count,1,,{},2026-06-05 23:59:00+00,HIGH,,2026-06-05 23:59:00+00
2349,pld-129dc150-786c-4fdf-8e40-aeb9a96dc83d,agt-1010,badmin,LT-BADMIN,aggregator,badmin,logoff_count,1,,{},2026-06-05 23:59:00+00,HIGH,,2026-06-05 23:59:00+00
2350,pld-129dc150-786c-4fdf-8e40-aeb9a96dc83d,agt-1010,badmin,LT-BADMIN,aggregator,badmin,file_access_count,422,,{},2026-06-05 23:59:00+00,HIGH,,2026-06-05 23:59:00+00
2351,pld-129dc150-786c-4fdf-8e40-aeb9a96dc83d,agt-1010,badmin,LT-BADMIN,aggregator,badmin,file_open_count,118,,{},2026-06-05 23:59:00+00,HIGH,,2026-06-05 23:59:00+00
2352,pld-129dc150-786c-4fdf-8e40-aeb9a96dc83d,agt-1010,badmin,LT-BADMIN,aggregator,badmin,file_copy_count,6,,{},2026-06-05 23:59:00+00,HIGH,,2026-06-05 23:59:00+00
2353,pld-129dc150-786c-4fdf-8e40-aeb9a96dc83d,agt-1010,badmin,LT-BADMIN,aggregator,badmin,file_write_count,33,,{},2026-06-05 23:59:00+00,HIGH,,2026-06-05 23:59:00+00
2354,pld-129dc150-786c-4fdf-8e40-aeb9a96dc83d,agt-1010,badmin,LT-BADMIN,aggregator,badmin,file_delete_count,5,,{},2026-06-05 23:59:00+00,HIGH,,2026-06-05 23:59:00+00
2355,pld-129dc150-786c-4fdf-8e40-aeb9a96dc83d,agt-1010,badmin,LT-BADMIN,aggregator,badmin,file_access_after_hours,2,,{},2026-06-05 23:59:00+00,HIGH,,2026-06-05 23:59:00+00
2356,pld-129dc150-786c-4fdf-8e40-aeb9a96dc83d,agt-1010,badmin,LT-BADMIN,aggregator,badmin,http_count,901,,{},2026-06-05 23:59:00+00,HIGH,,2026-06-05 23:59:00+00
2357,pld-129dc150-786c-4fdf-8e40-aeb9a96dc83d,agt-1010,badmin,LT-BADMIN,aggregator,badmin,http_after_hours,7,,{},2026-06-05 23:59:00+00,HIGH,,2026-06-05 23:59:00+00
2358,pld-b57eb87e-08f4-4ac8-ade0-082d51be66f4,agt-1001,jdoe,LT-JDOE,aggregator,jdoe,logon_count,2,,{},2026-06-06 23:59:00+00,HIGH,,2026-06-06 23:59:00+00
2359,pld-b57eb87e-08f4-4ac8-ade0-082d51be66f4,agt-1001,jdoe,LT-JDOE,aggregator,jdoe,logoff_count,2,,{},2026-06-06 23:59:00+00,HIGH,,2026-06-06 23:59:00+00
2360,pld-b57eb87e-08f4-4ac8-ade0-082d51be66f4,agt-1001,jdoe,LT-JDOE,aggregator,jdoe,file_access_count,47,,{},2026-06-06 23:59:00+00,HIGH,,2026-06-06 23:59:00+00
2361,pld-b57eb87e-08f4-4ac8-ade0-082d51be66f4,agt-1001,jdoe,LT-JDOE,aggregator,jdoe,file_open_count,135,,{},2026-06-06 23:59:00+00,HIGH,,2026-06-06 23:59:00+00
2362,pld-b57eb87e-08f4-4ac8-ade0-082d51be66f4,agt-1001,jdoe,LT-JDOE,aggregator,jdoe,file_copy_count,16,,{},2026-06-06 23:59:00+00,HIGH,,2026-06-06 23:59:00+00
2363,pld-b57eb87e-08f4-4ac8-ade0-082d51be66f4,agt-1001,jdoe,LT-JDOE,aggregator,jdoe,file_write_count,16,,{},2026-06-06 23:59:00+00,HIGH,,2026-06-06 23:59:00+00
2364,pld-b57eb87e-08f4-4ac8-ade0-082d51be66f4,agt-1001,jdoe,LT-JDOE,aggregator,jdoe,file_delete_count,4,,{},2026-06-06 23:59:00+00,HIGH,,2026-06-06 23:59:00+00
2365,pld-b57eb87e-08f4-4ac8-ade0-082d51be66f4,agt-1001,jdoe,LT-JDOE,aggregator,jdoe,file_access_after_hours,2,,{},2026-06-06 23:59:00+00,HIGH,,2026-06-06 23:59:00+00
2366,pld-b57eb87e-08f4-4ac8-ade0-082d51be66f4,agt-1001,jdoe,LT-JDOE,aggregator,jdoe,http_count,72,,{},2026-06-06 23:59:00+00,HIGH,,2026-06-06 23:59:00+00
2367,pld-b57eb87e-08f4-4ac8-ade0-082d51be66f4,agt-1001,jdoe,LT-JDOE,aggregator,jdoe,download_count,2,,{},2026-06-06 23:59:00+00,HIGH,,2026-06-06 23:59:00+00
2368,pld-c2be7e0f-6690-420a-9154-02351aa06a10,agt-1002,asmith,LT-ASMITH,aggregator,asmith,logon_count,1,,{},2026-06-06 23:59:00+00,HIGH,,2026-06-06 23:59:00+00
2369,pld-c2be7e0f-6690-420a-9154-02351aa06a10,agt-1002,asmith,LT-ASMITH,aggregator,asmith,logoff_count,2,,{},2026-06-06 23:59:00+00,HIGH,,2026-06-06 23:59:00+00
2370,pld-c2be7e0f-6690-420a-9154-02351aa06a10,agt-1002,asmith,LT-ASMITH,aggregator,asmith,file_access_count,2,,{},2026-06-06 23:59:00+00,HIGH,,2026-06-06 23:59:00+00
2371,pld-c2be7e0f-6690-420a-9154-02351aa06a10,agt-1002,asmith,LT-ASMITH,aggregator,asmith,file_open_count,120,,{},2026-06-06 23:59:00+00,HIGH,,2026-06-06 23:59:00+00
2372,pld-c2be7e0f-6690-420a-9154-02351aa06a10,agt-1002,asmith,LT-ASMITH,aggregator,asmith,file_copy_count,11,,{},2026-06-06 23:59:00+00,HIGH,,2026-06-06 23:59:00+00
2373,pld-c2be7e0f-6690-420a-9154-02351aa06a10,agt-1002,asmith,LT-ASMITH,aggregator,asmith,file_write_count,43,,{},2026-06-06 23:59:00+00,HIGH,,2026-06-06 23:59:00+00
2374,pld-c2be7e0f-6690-420a-9154-02351aa06a10,agt-1002,asmith,LT-ASMITH,aggregator,asmith,file_delete_count,1,,{},2026-06-06 23:59:00+00,HIGH,,2026-06-06 23:59:00+00
2375,pld-c2be7e0f-6690-420a-9154-02351aa06a10,agt-1002,asmith,LT-ASMITH,aggregator,asmith,file_access_after_hours,6,,{},2026-06-06 23:59:00+00,HIGH,,2026-06-06 23:59:00+00
2376,pld-c2be7e0f-6690-420a-9154-02351aa06a10,agt-1002,asmith,LT-ASMITH,aggregator,asmith,http_count,37,,{},2026-06-06 23:59:00+00,HIGH,,2026-06-06 23:59:00+00
2377,pld-c2be7e0f-6690-420a-9154-02351aa06a10,agt-1002,asmith,LT-ASMITH,aggregator,asmith,download_count,5,,{},2026-06-06 23:59:00+00,HIGH,,2026-06-06 23:59:00+00
2378,pld-c2be7e0f-6690-420a-9154-02351aa06a10,agt-1002,asmith,LT-ASMITH,aggregator,asmith,http_after_hours,9,,{},2026-06-06 23:59:00+00,HIGH,,2026-06-06 23:59:00+00
2379,pld-d32ef59c-e371-454f-965b-d550f6843290,agt-1003,mjones,LT-MJONES,aggregator,mjones,logon_count,2,,{},2026-06-06 23:59:00+00,HIGH,,2026-06-06 23:59:00+00
2380,pld-d32ef59c-e371-454f-965b-d550f6843290,agt-1003,mjones,LT-MJONES,aggregator,mjones,logoff_count,3,,{},2026-06-06 23:59:00+00,HIGH,,2026-06-06 23:59:00+00
2381,pld-d32ef59c-e371-454f-965b-d550f6843290,agt-1003,mjones,LT-MJONES,aggregator,mjones,file_access_count,45,,{},2026-06-06 23:59:00+00,HIGH,,2026-06-06 23:59:00+00
2382,pld-d32ef59c-e371-454f-965b-d550f6843290,agt-1003,mjones,LT-MJONES,aggregator,mjones,file_open_count,56,,{},2026-06-06 23:59:00+00,HIGH,,2026-06-06 23:59:00+00
2383,pld-d32ef59c-e371-454f-965b-d550f6843290,agt-1003,mjones,LT-MJONES,aggregator,mjones,file_copy_count,5,,{},2026-06-06 23:59:00+00,HIGH,,2026-06-06 23:59:00+00
2384,pld-d32ef59c-e371-454f-965b-d550f6843290,agt-1003,mjones,LT-MJONES,aggregator,mjones,file_write_count,36,,{},2026-06-06 23:59:00+00,HIGH,,2026-06-06 23:59:00+00
2385,pld-d32ef59c-e371-454f-965b-d550f6843290,agt-1003,mjones,LT-MJONES,aggregator,mjones,file_delete_count,4,,{},2026-06-06 23:59:00+00,HIGH,,2026-06-06 23:59:00+00
2386,pld-d32ef59c-e371-454f-965b-d550f6843290,agt-1003,mjones,LT-MJONES,aggregator,mjones,file_access_after_hours,6,,{},2026-06-06 23:59:00+00,HIGH,,2026-06-06 23:59:00+00
2387,pld-d32ef59c-e371-454f-965b-d550f6843290,agt-1003,mjones,LT-MJONES,aggregator,mjones,http_count,38,,{},2026-06-06 23:59:00+00,HIGH,,2026-06-06 23:59:00+00
2388,pld-d32ef59c-e371-454f-965b-d550f6843290,agt-1003,mjones,LT-MJONES,aggregator,mjones,download_count,3,,{},2026-06-06 23:59:00+00,HIGH,,2026-06-06 23:59:00+00
2389,pld-d32ef59c-e371-454f-965b-d550f6843290,agt-1003,mjones,LT-MJONES,aggregator,mjones,http_after_hours,5,,{},2026-06-06 23:59:00+00,HIGH,,2026-06-06 23:59:00+00
2390,pld-34dad284-f2cf-4375-a2b7-87fd1a352450,agt-1004,bwilliams,LT-BWILLIAMS,aggregator,bwilliams,logon_count,2,,{},2026-06-06 23:59:00+00,HIGH,,2026-06-06 23:59:00+00
2391,pld-34dad284-f2cf-4375-a2b7-87fd1a352450,agt-1004,bwilliams,LT-BWILLIAMS,aggregator,bwilliams,logoff_count,3,,{},2026-06-06 23:59:00+00,HIGH,,2026-06-06 23:59:00+00
2392,pld-34dad284-f2cf-4375-a2b7-87fd1a352450,agt-1004,bwilliams,LT-BWILLIAMS,aggregator,bwilliams,file_access_count,21,,{},2026-06-06 23:59:00+00,HIGH,,2026-06-06 23:59:00+00
2393,pld-34dad284-f2cf-4375-a2b7-87fd1a352450,agt-1004,bwilliams,LT-BWILLIAMS,aggregator,bwilliams,file_open_count,90,,{},2026-06-06 23:59:00+00,HIGH,,2026-06-06 23:59:00+00
2394,pld-34dad284-f2cf-4375-a2b7-87fd1a352450,agt-1004,bwilliams,LT-BWILLIAMS,aggregator,bwilliams,file_copy_count,20,,{},2026-06-06 23:59:00+00,HIGH,,2026-06-06 23:59:00+00
2395,pld-34dad284-f2cf-4375-a2b7-87fd1a352450,agt-1004,bwilliams,LT-BWILLIAMS,aggregator,bwilliams,file_write_count,18,,{},2026-06-06 23:59:00+00,HIGH,,2026-06-06 23:59:00+00
2396,pld-34dad284-f2cf-4375-a2b7-87fd1a352450,agt-1004,bwilliams,LT-BWILLIAMS,aggregator,bwilliams,file_delete_count,4,,{},2026-06-06 23:59:00+00,HIGH,,2026-06-06 23:59:00+00
2397,pld-34dad284-f2cf-4375-a2b7-87fd1a352450,agt-1004,bwilliams,LT-BWILLIAMS,aggregator,bwilliams,file_access_after_hours,8,,{},2026-06-06 23:59:00+00,HIGH,,2026-06-06 23:59:00+00
2398,pld-34dad284-f2cf-4375-a2b7-87fd1a352450,agt-1004,bwilliams,LT-BWILLIAMS,aggregator,bwilliams,http_count,9,,{},2026-06-06 23:59:00+00,HIGH,,2026-06-06 23:59:00+00
2399,pld-34dad284-f2cf-4375-a2b7-87fd1a352450,agt-1004,bwilliams,LT-BWILLIAMS,aggregator,bwilliams,download_count,4,,{},2026-06-06 23:59:00+00,HIGH,,2026-06-06 23:59:00+00
2400,pld-c730d177-c48a-4426-a84a-4acf62031a18,agt-1005,cdavis,LT-CDAVIS,aggregator,cdavis,logon_count,2,,{},2026-06-06 23:59:00+00,HIGH,,2026-06-06 23:59:00+00
2401,pld-c730d177-c48a-4426-a84a-4acf62031a18,agt-1005,cdavis,LT-CDAVIS,aggregator,cdavis,logoff_count,2,,{},2026-06-06 23:59:00+00,HIGH,,2026-06-06 23:59:00+00
2402,pld-c730d177-c48a-4426-a84a-4acf62031a18,agt-1005,cdavis,LT-CDAVIS,aggregator,cdavis,file_access_count,28,,{},2026-06-06 23:59:00+00,HIGH,,2026-06-06 23:59:00+00
2403,pld-c730d177-c48a-4426-a84a-4acf62031a18,agt-1005,cdavis,LT-CDAVIS,aggregator,cdavis,file_open_count,136,,{},2026-06-06 23:59:00+00,HIGH,,2026-06-06 23:59:00+00
2404,pld-c730d177-c48a-4426-a84a-4acf62031a18,agt-1005,cdavis,LT-CDAVIS,aggregator,cdavis,file_copy_count,7,,{},2026-06-06 23:59:00+00,HIGH,,2026-06-06 23:59:00+00
2405,pld-c730d177-c48a-4426-a84a-4acf62031a18,agt-1005,cdavis,LT-CDAVIS,aggregator,cdavis,file_write_count,37,,{},2026-06-06 23:59:00+00,HIGH,,2026-06-06 23:59:00+00
2406,pld-c730d177-c48a-4426-a84a-4acf62031a18,agt-1005,cdavis,LT-CDAVIS,aggregator,cdavis,file_access_after_hours,2,,{},2026-06-06 23:59:00+00,HIGH,,2026-06-06 23:59:00+00
2407,pld-c730d177-c48a-4426-a84a-4acf62031a18,agt-1005,cdavis,LT-CDAVIS,aggregator,cdavis,usb_connect_count,1,,{},2026-06-06 23:59:00+00,HIGH,,2026-06-06 23:59:00+00
2408,pld-c730d177-c48a-4426-a84a-4acf62031a18,agt-1005,cdavis,LT-CDAVIS,aggregator,cdavis,usb_disconnect_count,1,,{},2026-06-06 23:59:00+00,HIGH,,2026-06-06 23:59:00+00
2409,pld-c730d177-c48a-4426-a84a-4acf62031a18,agt-1005,cdavis,LT-CDAVIS,aggregator,cdavis,usb_file_transfer_count,2,,{},2026-06-06 23:59:00+00,HIGH,,2026-06-06 23:59:00+00
2410,pld-c730d177-c48a-4426-a84a-4acf62031a18,agt-1005,cdavis,LT-CDAVIS,aggregator,cdavis,http_count,4,,{},2026-06-06 23:59:00+00,HIGH,,2026-06-06 23:59:00+00
2411,pld-c730d177-c48a-4426-a84a-4acf62031a18,agt-1005,cdavis,LT-CDAVIS,aggregator,cdavis,download_count,1,,{},2026-06-06 23:59:00+00,HIGH,,2026-06-06 23:59:00+00
2412,pld-c730d177-c48a-4426-a84a-4acf62031a18,agt-1005,cdavis,LT-CDAVIS,aggregator,cdavis,http_after_hours,12,,{},2026-06-06 23:59:00+00,HIGH,,2026-06-06 23:59:00+00
2413,pld-3ab14f7e-866e-4108-af96-087e04bfd789,agt-1006,mscott,LT-MSCOTT,aggregator,mscott,logon_count,1,,{},2026-06-06 23:59:00+00,HIGH,,2026-06-06 23:59:00+00
2414,pld-3ab14f7e-866e-4108-af96-087e04bfd789,agt-1006,mscott,LT-MSCOTT,aggregator,mscott,logoff_count,3,,{},2026-06-06 23:59:00+00,HIGH,,2026-06-06 23:59:00+00
2415,pld-3ab14f7e-866e-4108-af96-087e04bfd789,agt-1006,mscott,LT-MSCOTT,aggregator,mscott,file_access_count,22,,{},2026-06-06 23:59:00+00,HIGH,,2026-06-06 23:59:00+00
2416,pld-3ab14f7e-866e-4108-af96-087e04bfd789,agt-1006,mscott,LT-MSCOTT,aggregator,mscott,file_open_count,185,,{},2026-06-06 23:59:00+00,HIGH,,2026-06-06 23:59:00+00
2417,pld-3ab14f7e-866e-4108-af96-087e04bfd789,agt-1006,mscott,LT-MSCOTT,aggregator,mscott,file_copy_count,19,,{},2026-06-06 23:59:00+00,HIGH,,2026-06-06 23:59:00+00
2418,pld-3ab14f7e-866e-4108-af96-087e04bfd789,agt-1006,mscott,LT-MSCOTT,aggregator,mscott,file_write_count,23,,{},2026-06-06 23:59:00+00,HIGH,,2026-06-06 23:59:00+00
2419,pld-3ab14f7e-866e-4108-af96-087e04bfd789,agt-1006,mscott,LT-MSCOTT,aggregator,mscott,file_access_after_hours,6,,{},2026-06-06 23:59:00+00,HIGH,,2026-06-06 23:59:00+00
2420,pld-3ab14f7e-866e-4108-af96-087e04bfd789,agt-1006,mscott,LT-MSCOTT,aggregator,mscott,http_count,86,,{},2026-06-06 23:59:00+00,HIGH,,2026-06-06 23:59:00+00
2421,pld-3ab14f7e-866e-4108-af96-087e04bfd789,agt-1006,mscott,LT-MSCOTT,aggregator,mscott,download_count,1,,{},2026-06-06 23:59:00+00,HIGH,,2026-06-06 23:59:00+00
2422,pld-3ab14f7e-866e-4108-af96-087e04bfd789,agt-1006,mscott,LT-MSCOTT,aggregator,mscott,http_after_hours,11,,{},2026-06-06 23:59:00+00,HIGH,,2026-06-06 23:59:00+00
2423,pld-e332ddcd-40bc-4354-ab25-93a1006047b7,agt-1007,tjones,LT-TJONES,aggregator,tjones,logon_count,3,,{},2026-06-06 23:59:00+00,HIGH,,2026-06-06 23:59:00+00
2424,pld-e332ddcd-40bc-4354-ab25-93a1006047b7,agt-1007,tjones,LT-TJONES,aggregator,tjones,logoff_count,2,,{},2026-06-06 23:59:00+00,HIGH,,2026-06-06 23:59:00+00
2425,pld-e332ddcd-40bc-4354-ab25-93a1006047b7,agt-1007,tjones,LT-TJONES,aggregator,tjones,file_access_count,46,,{},2026-06-06 23:59:00+00,HIGH,,2026-06-06 23:59:00+00
2426,pld-e332ddcd-40bc-4354-ab25-93a1006047b7,agt-1007,tjones,LT-TJONES,aggregator,tjones,file_open_count,129,,{},2026-06-06 23:59:00+00,HIGH,,2026-06-06 23:59:00+00
2427,pld-e332ddcd-40bc-4354-ab25-93a1006047b7,agt-1007,tjones,LT-TJONES,aggregator,tjones,file_copy_count,14,,{},2026-06-06 23:59:00+00,HIGH,,2026-06-06 23:59:00+00
2428,pld-e332ddcd-40bc-4354-ab25-93a1006047b7,agt-1007,tjones,LT-TJONES,aggregator,tjones,file_write_count,22,,{},2026-06-06 23:59:00+00,HIGH,,2026-06-06 23:59:00+00
2429,pld-e332ddcd-40bc-4354-ab25-93a1006047b7,agt-1007,tjones,LT-TJONES,aggregator,tjones,file_access_after_hours,3,,{},2026-06-06 23:59:00+00,HIGH,,2026-06-06 23:59:00+00
2430,pld-e332ddcd-40bc-4354-ab25-93a1006047b7,agt-1007,tjones,LT-TJONES,aggregator,tjones,http_count,31,,{},2026-06-06 23:59:00+00,HIGH,,2026-06-06 23:59:00+00
2431,pld-e332ddcd-40bc-4354-ab25-93a1006047b7,agt-1007,tjones,LT-TJONES,aggregator,tjones,download_count,4,,{},2026-06-06 23:59:00+00,HIGH,,2026-06-06 23:59:00+00
2432,pld-1338a658-2b62-44a8-ac92-be4ff0b50f3a,agt-1008,rwilson,LT-RWILSON,aggregator,rwilson,logon_count,3,,{},2026-06-06 23:59:00+00,HIGH,,2026-06-06 23:59:00+00
2433,pld-1338a658-2b62-44a8-ac92-be4ff0b50f3a,agt-1008,rwilson,LT-RWILSON,aggregator,rwilson,logoff_count,3,,{},2026-06-06 23:59:00+00,HIGH,,2026-06-06 23:59:00+00
2434,pld-1338a658-2b62-44a8-ac92-be4ff0b50f3a,agt-1008,rwilson,LT-RWILSON,aggregator,rwilson,file_access_count,16,,{},2026-06-06 23:59:00+00,HIGH,,2026-06-06 23:59:00+00
2435,pld-1338a658-2b62-44a8-ac92-be4ff0b50f3a,agt-1008,rwilson,LT-RWILSON,aggregator,rwilson,file_open_count,130,,{},2026-06-06 23:59:00+00,HIGH,,2026-06-06 23:59:00+00
2436,pld-1338a658-2b62-44a8-ac92-be4ff0b50f3a,agt-1008,rwilson,LT-RWILSON,aggregator,rwilson,file_copy_count,14,,{},2026-06-06 23:59:00+00,HIGH,,2026-06-06 23:59:00+00
2437,pld-1338a658-2b62-44a8-ac92-be4ff0b50f3a,agt-1008,rwilson,LT-RWILSON,aggregator,rwilson,file_write_count,16,,{},2026-06-06 23:59:00+00,HIGH,,2026-06-06 23:59:00+00
2438,pld-1338a658-2b62-44a8-ac92-be4ff0b50f3a,agt-1008,rwilson,LT-RWILSON,aggregator,rwilson,file_delete_count,3,,{},2026-06-06 23:59:00+00,HIGH,,2026-06-06 23:59:00+00
2439,pld-1338a658-2b62-44a8-ac92-be4ff0b50f3a,agt-1008,rwilson,LT-RWILSON,aggregator,rwilson,file_access_after_hours,4,,{},2026-06-06 23:59:00+00,HIGH,,2026-06-06 23:59:00+00
2440,pld-1338a658-2b62-44a8-ac92-be4ff0b50f3a,agt-1008,rwilson,LT-RWILSON,aggregator,rwilson,http_count,71,,{},2026-06-06 23:59:00+00,HIGH,,2026-06-06 23:59:00+00
2441,pld-1338a658-2b62-44a8-ac92-be4ff0b50f3a,agt-1008,rwilson,LT-RWILSON,aggregator,rwilson,download_count,2,,{},2026-06-06 23:59:00+00,HIGH,,2026-06-06 23:59:00+00
2442,pld-1338a658-2b62-44a8-ac92-be4ff0b50f3a,agt-1008,rwilson,LT-RWILSON,aggregator,rwilson,http_after_hours,1,,{},2026-06-06 23:59:00+00,HIGH,,2026-06-06 23:59:00+00
2443,pld-a0804ffb-05e4-4b9e-a2d4-e7aea9aa1461,agt-1009,esnow,LT-ESNOW,aggregator,esnow,logon_count,1,,{},2026-06-06 23:59:00+00,HIGH,,2026-06-06 23:59:00+00
2444,pld-a0804ffb-05e4-4b9e-a2d4-e7aea9aa1461,agt-1009,esnow,LT-ESNOW,aggregator,esnow,logoff_count,2,,{},2026-06-06 23:59:00+00,HIGH,,2026-06-06 23:59:00+00
2445,pld-a0804ffb-05e4-4b9e-a2d4-e7aea9aa1461,agt-1009,esnow,LT-ESNOW,aggregator,esnow,file_access_count,35,,{},2026-06-06 23:59:00+00,HIGH,,2026-06-06 23:59:00+00
2446,pld-a0804ffb-05e4-4b9e-a2d4-e7aea9aa1461,agt-1009,esnow,LT-ESNOW,aggregator,esnow,file_open_count,116,,{},2026-06-06 23:59:00+00,HIGH,,2026-06-06 23:59:00+00
2447,pld-a0804ffb-05e4-4b9e-a2d4-e7aea9aa1461,agt-1009,esnow,LT-ESNOW,aggregator,esnow,file_copy_count,7,,{},2026-06-06 23:59:00+00,HIGH,,2026-06-06 23:59:00+00
2448,pld-a0804ffb-05e4-4b9e-a2d4-e7aea9aa1461,agt-1009,esnow,LT-ESNOW,aggregator,esnow,file_write_count,35,,{},2026-06-06 23:59:00+00,HIGH,,2026-06-06 23:59:00+00
2449,pld-a0804ffb-05e4-4b9e-a2d4-e7aea9aa1461,agt-1009,esnow,LT-ESNOW,aggregator,esnow,file_delete_count,4,,{},2026-06-06 23:59:00+00,HIGH,,2026-06-06 23:59:00+00
2450,pld-a0804ffb-05e4-4b9e-a2d4-e7aea9aa1461,agt-1009,esnow,LT-ESNOW,aggregator,esnow,file_access_after_hours,8,,{},2026-06-06 23:59:00+00,HIGH,,2026-06-06 23:59:00+00
2451,pld-a0804ffb-05e4-4b9e-a2d4-e7aea9aa1461,agt-1009,esnow,LT-ESNOW,aggregator,esnow,http_count,98,,{},2026-06-06 23:59:00+00,HIGH,,2026-06-06 23:59:00+00
2452,pld-a0804ffb-05e4-4b9e-a2d4-e7aea9aa1461,agt-1009,esnow,LT-ESNOW,aggregator,esnow,job_search_site_visits,9,,{},2026-06-06 23:59:00+00,HIGH,,2026-06-06 23:59:00+00
2453,pld-a0804ffb-05e4-4b9e-a2d4-e7aea9aa1461,agt-1009,esnow,LT-ESNOW,aggregator,esnow,download_count,1,,{},2026-06-06 23:59:00+00,HIGH,,2026-06-06 23:59:00+00
2454,pld-a0804ffb-05e4-4b9e-a2d4-e7aea9aa1461,agt-1009,esnow,LT-ESNOW,aggregator,esnow,http_after_hours,10,,{},2026-06-06 23:59:00+00,HIGH,,2026-06-06 23:59:00+00
2455,pld-f3c48855-0bc8-4e66-a1ad-959dd75aa275,agt-1010,badmin,LT-BADMIN,aggregator,badmin,logon_count,2,,{},2026-06-06 23:59:00+00,HIGH,,2026-06-06 23:59:00+00
2456,pld-f3c48855-0bc8-4e66-a1ad-959dd75aa275,agt-1010,badmin,LT-BADMIN,aggregator,badmin,logoff_count,2,,{},2026-06-06 23:59:00+00,HIGH,,2026-06-06 23:59:00+00
2457,pld-f3c48855-0bc8-4e66-a1ad-959dd75aa275,agt-1010,badmin,LT-BADMIN,aggregator,badmin,file_access_count,33,,{},2026-06-06 23:59:00+00,HIGH,,2026-06-06 23:59:00+00
2458,pld-f3c48855-0bc8-4e66-a1ad-959dd75aa275,agt-1010,badmin,LT-BADMIN,aggregator,badmin,file_open_count,84,,{},2026-06-06 23:59:00+00,HIGH,,2026-06-06 23:59:00+00
2459,pld-f3c48855-0bc8-4e66-a1ad-959dd75aa275,agt-1010,badmin,LT-BADMIN,aggregator,badmin,file_copy_count,18,,{},2026-06-06 23:59:00+00,HIGH,,2026-06-06 23:59:00+00
2460,pld-f3c48855-0bc8-4e66-a1ad-959dd75aa275,agt-1010,badmin,LT-BADMIN,aggregator,badmin,file_write_count,18,,{},2026-06-06 23:59:00+00,HIGH,,2026-06-06 23:59:00+00
2461,pld-f3c48855-0bc8-4e66-a1ad-959dd75aa275,agt-1010,badmin,LT-BADMIN,aggregator,badmin,file_access_after_hours,5,,{},2026-06-06 23:59:00+00,HIGH,,2026-06-06 23:59:00+00
2462,pld-f3c48855-0bc8-4e66-a1ad-959dd75aa275,agt-1010,badmin,LT-BADMIN,aggregator,badmin,http_count,92,,{},2026-06-06 23:59:00+00,HIGH,,2026-06-06 23:59:00+00
2463,pld-f3c48855-0bc8-4e66-a1ad-959dd75aa275,agt-1010,badmin,LT-BADMIN,aggregator,badmin,download_count,1,,{},2026-06-06 23:59:00+00,HIGH,,2026-06-06 23:59:00+00
2464,pld-f3c48855-0bc8-4e66-a1ad-959dd75aa275,agt-1010,badmin,LT-BADMIN,aggregator,badmin,http_after_hours,12,,{},2026-06-06 23:59:00+00,HIGH,,2026-06-06 23:59:00+00
2465,pld-3af29d25-ef3b-48bb-8942-f6222b7d923f,agt-1001,jdoe,LT-JDOE,aggregator,jdoe,logon_count,3,,{},2026-06-07 23:59:00+00,HIGH,,2026-06-07 23:59:00+00
2466,pld-3af29d25-ef3b-48bb-8942-f6222b7d923f,agt-1001,jdoe,LT-JDOE,aggregator,jdoe,logoff_count,1,,{},2026-06-07 23:59:00+00,HIGH,,2026-06-07 23:59:00+00
2467,pld-3af29d25-ef3b-48bb-8942-f6222b7d923f,agt-1001,jdoe,LT-JDOE,aggregator,jdoe,weekend_logon,1,,{},2026-06-07 23:59:00+00,HIGH,,2026-06-07 23:59:00+00
2468,pld-3af29d25-ef3b-48bb-8942-f6222b7d923f,agt-1001,jdoe,LT-JDOE,aggregator,jdoe,file_access_count,15,,{},2026-06-07 23:59:00+00,HIGH,,2026-06-07 23:59:00+00
2469,pld-3af29d25-ef3b-48bb-8942-f6222b7d923f,agt-1001,jdoe,LT-JDOE,aggregator,jdoe,file_open_count,156,,{},2026-06-07 23:59:00+00,HIGH,,2026-06-07 23:59:00+00
2470,pld-3af29d25-ef3b-48bb-8942-f6222b7d923f,agt-1001,jdoe,LT-JDOE,aggregator,jdoe,file_copy_count,8,,{},2026-06-07 23:59:00+00,HIGH,,2026-06-07 23:59:00+00
2471,pld-3af29d25-ef3b-48bb-8942-f6222b7d923f,agt-1001,jdoe,LT-JDOE,aggregator,jdoe,file_write_count,44,,{},2026-06-07 23:59:00+00,HIGH,,2026-06-07 23:59:00+00
2472,pld-3af29d25-ef3b-48bb-8942-f6222b7d923f,agt-1001,jdoe,LT-JDOE,aggregator,jdoe,file_access_after_hours,7,,{},2026-06-07 23:59:00+00,HIGH,,2026-06-07 23:59:00+00
2473,pld-3af29d25-ef3b-48bb-8942-f6222b7d923f,agt-1001,jdoe,LT-JDOE,aggregator,jdoe,http_count,77,,{},2026-06-07 23:59:00+00,HIGH,,2026-06-07 23:59:00+00
2474,pld-3af29d25-ef3b-48bb-8942-f6222b7d923f,agt-1001,jdoe,LT-JDOE,aggregator,jdoe,download_count,5,,{},2026-06-07 23:59:00+00,HIGH,,2026-06-07 23:59:00+00
2475,pld-3af29d25-ef3b-48bb-8942-f6222b7d923f,agt-1001,jdoe,LT-JDOE,aggregator,jdoe,http_after_hours,6,,{},2026-06-07 23:59:00+00,HIGH,,2026-06-07 23:59:00+00
2476,pld-353729c5-92bb-483d-84b7-179b098d0fe6,agt-1002,asmith,LT-ASMITH,aggregator,asmith,logon_count,1,,{},2026-06-07 23:59:00+00,HIGH,,2026-06-07 23:59:00+00
2477,pld-353729c5-92bb-483d-84b7-179b098d0fe6,agt-1002,asmith,LT-ASMITH,aggregator,asmith,logoff_count,3,,{},2026-06-07 23:59:00+00,HIGH,,2026-06-07 23:59:00+00
2478,pld-353729c5-92bb-483d-84b7-179b098d0fe6,agt-1002,asmith,LT-ASMITH,aggregator,asmith,file_access_count,35,,{},2026-06-07 23:59:00+00,HIGH,,2026-06-07 23:59:00+00
2479,pld-353729c5-92bb-483d-84b7-179b098d0fe6,agt-1002,asmith,LT-ASMITH,aggregator,asmith,file_open_count,121,,{},2026-06-07 23:59:00+00,HIGH,,2026-06-07 23:59:00+00
2480,pld-353729c5-92bb-483d-84b7-179b098d0fe6,agt-1002,asmith,LT-ASMITH,aggregator,asmith,file_copy_count,9,,{},2026-06-07 23:59:00+00,HIGH,,2026-06-07 23:59:00+00
2481,pld-353729c5-92bb-483d-84b7-179b098d0fe6,agt-1002,asmith,LT-ASMITH,aggregator,asmith,file_write_count,34,,{},2026-06-07 23:59:00+00,HIGH,,2026-06-07 23:59:00+00
2482,pld-353729c5-92bb-483d-84b7-179b098d0fe6,agt-1002,asmith,LT-ASMITH,aggregator,asmith,file_delete_count,2,,{},2026-06-07 23:59:00+00,HIGH,,2026-06-07 23:59:00+00
2483,pld-353729c5-92bb-483d-84b7-179b098d0fe6,agt-1002,asmith,LT-ASMITH,aggregator,asmith,file_access_after_hours,7,,{},2026-06-07 23:59:00+00,HIGH,,2026-06-07 23:59:00+00
2484,pld-353729c5-92bb-483d-84b7-179b098d0fe6,agt-1002,asmith,LT-ASMITH,aggregator,asmith,http_count,42,,{},2026-06-07 23:59:00+00,HIGH,,2026-06-07 23:59:00+00
2485,pld-353729c5-92bb-483d-84b7-179b098d0fe6,agt-1002,asmith,LT-ASMITH,aggregator,asmith,download_count,5,,{},2026-06-07 23:59:00+00,HIGH,,2026-06-07 23:59:00+00
2486,pld-353729c5-92bb-483d-84b7-179b098d0fe6,agt-1002,asmith,LT-ASMITH,aggregator,asmith,http_after_hours,13,,{},2026-06-07 23:59:00+00,HIGH,,2026-06-07 23:59:00+00
2487,pld-556f095b-f9d4-4581-b804-38de27cfd61f,agt-1003,mjones,LT-MJONES,aggregator,mjones,logon_count,1,,{},2026-06-07 23:59:00+00,HIGH,,2026-06-07 23:59:00+00
2488,pld-556f095b-f9d4-4581-b804-38de27cfd61f,agt-1003,mjones,LT-MJONES,aggregator,mjones,logoff_count,2,,{},2026-06-07 23:59:00+00,HIGH,,2026-06-07 23:59:00+00
2489,pld-556f095b-f9d4-4581-b804-38de27cfd61f,agt-1003,mjones,LT-MJONES,aggregator,mjones,file_access_count,32,,{},2026-06-07 23:59:00+00,HIGH,,2026-06-07 23:59:00+00
2490,pld-556f095b-f9d4-4581-b804-38de27cfd61f,agt-1003,mjones,LT-MJONES,aggregator,mjones,file_open_count,178,,{},2026-06-07 23:59:00+00,HIGH,,2026-06-07 23:59:00+00
2491,pld-556f095b-f9d4-4581-b804-38de27cfd61f,agt-1003,mjones,LT-MJONES,aggregator,mjones,file_copy_count,15,,{},2026-06-07 23:59:00+00,HIGH,,2026-06-07 23:59:00+00
2492,pld-556f095b-f9d4-4581-b804-38de27cfd61f,agt-1003,mjones,LT-MJONES,aggregator,mjones,file_write_count,50,,{},2026-06-07 23:59:00+00,HIGH,,2026-06-07 23:59:00+00
2493,pld-556f095b-f9d4-4581-b804-38de27cfd61f,agt-1003,mjones,LT-MJONES,aggregator,mjones,file_delete_count,1,,{},2026-06-07 23:59:00+00,HIGH,,2026-06-07 23:59:00+00
2494,pld-556f095b-f9d4-4581-b804-38de27cfd61f,agt-1003,mjones,LT-MJONES,aggregator,mjones,file_access_after_hours,10,,{},2026-06-07 23:59:00+00,HIGH,,2026-06-07 23:59:00+00
2495,pld-556f095b-f9d4-4581-b804-38de27cfd61f,agt-1003,mjones,LT-MJONES,aggregator,mjones,http_count,95,,{},2026-06-07 23:59:00+00,HIGH,,2026-06-07 23:59:00+00
2496,pld-556f095b-f9d4-4581-b804-38de27cfd61f,agt-1003,mjones,LT-MJONES,aggregator,mjones,download_count,2,,{},2026-06-07 23:59:00+00,HIGH,,2026-06-07 23:59:00+00
2497,pld-556f095b-f9d4-4581-b804-38de27cfd61f,agt-1003,mjones,LT-MJONES,aggregator,mjones,http_after_hours,1,,{},2026-06-07 23:59:00+00,HIGH,,2026-06-07 23:59:00+00
2498,pld-86842440-8a54-4d14-8e77-6425fae07ef2,agt-1004,bwilliams,LT-BWILLIAMS,aggregator,bwilliams,logon_count,2,,{},2026-06-07 23:59:00+00,HIGH,,2026-06-07 23:59:00+00
2499,pld-86842440-8a54-4d14-8e77-6425fae07ef2,agt-1004,bwilliams,LT-BWILLIAMS,aggregator,bwilliams,logoff_count,1,,{},2026-06-07 23:59:00+00,HIGH,,2026-06-07 23:59:00+00
2500,pld-86842440-8a54-4d14-8e77-6425fae07ef2,agt-1004,bwilliams,LT-BWILLIAMS,aggregator,bwilliams,file_access_count,17,,{},2026-06-07 23:59:00+00,HIGH,,2026-06-07 23:59:00+00
2501,pld-86842440-8a54-4d14-8e77-6425fae07ef2,agt-1004,bwilliams,LT-BWILLIAMS,aggregator,bwilliams,file_open_count,102,,{},2026-06-07 23:59:00+00,HIGH,,2026-06-07 23:59:00+00
2502,pld-86842440-8a54-4d14-8e77-6425fae07ef2,agt-1004,bwilliams,LT-BWILLIAMS,aggregator,bwilliams,file_copy_count,13,,{},2026-06-07 23:59:00+00,HIGH,,2026-06-07 23:59:00+00
2503,pld-86842440-8a54-4d14-8e77-6425fae07ef2,agt-1004,bwilliams,LT-BWILLIAMS,aggregator,bwilliams,file_write_count,19,,{},2026-06-07 23:59:00+00,HIGH,,2026-06-07 23:59:00+00
2504,pld-86842440-8a54-4d14-8e77-6425fae07ef2,agt-1004,bwilliams,LT-BWILLIAMS,aggregator,bwilliams,file_access_after_hours,9,,{},2026-06-07 23:59:00+00,HIGH,,2026-06-07 23:59:00+00
2505,pld-86842440-8a54-4d14-8e77-6425fae07ef2,agt-1004,bwilliams,LT-BWILLIAMS,aggregator,bwilliams,http_count,44,,{},2026-06-07 23:59:00+00,HIGH,,2026-06-07 23:59:00+00
2506,pld-86842440-8a54-4d14-8e77-6425fae07ef2,agt-1004,bwilliams,LT-BWILLIAMS,aggregator,bwilliams,http_after_hours,13,,{},2026-06-07 23:59:00+00,HIGH,,2026-06-07 23:59:00+00
2507,pld-5b113310-f13a-45be-8f03-c723ba6cfa20,agt-1005,cdavis,LT-CDAVIS,aggregator,cdavis,logon_count,2,,{},2026-06-07 23:59:00+00,HIGH,,2026-06-07 23:59:00+00
2508,pld-5b113310-f13a-45be-8f03-c723ba6cfa20,agt-1005,cdavis,LT-CDAVIS,aggregator,cdavis,logoff_count,2,,{},2026-06-07 23:59:00+00,HIGH,,2026-06-07 23:59:00+00
2509,pld-5b113310-f13a-45be-8f03-c723ba6cfa20,agt-1005,cdavis,LT-CDAVIS,aggregator,cdavis,after_hours_logon,1,,{},2026-06-07 23:59:00+00,HIGH,,2026-06-07 23:59:00+00
2510,pld-5b113310-f13a-45be-8f03-c723ba6cfa20,agt-1005,cdavis,LT-CDAVIS,aggregator,cdavis,file_access_count,9,,{},2026-06-07 23:59:00+00,HIGH,,2026-06-07 23:59:00+00
2511,pld-5b113310-f13a-45be-8f03-c723ba6cfa20,agt-1005,cdavis,LT-CDAVIS,aggregator,cdavis,file_open_count,151,,{},2026-06-07 23:59:00+00,HIGH,,2026-06-07 23:59:00+00
2512,pld-5b113310-f13a-45be-8f03-c723ba6cfa20,agt-1005,cdavis,LT-CDAVIS,aggregator,cdavis,file_copy_count,6,,{},2026-06-07 23:59:00+00,HIGH,,2026-06-07 23:59:00+00
2513,pld-5b113310-f13a-45be-8f03-c723ba6cfa20,agt-1005,cdavis,LT-CDAVIS,aggregator,cdavis,file_write_count,26,,{},2026-06-07 23:59:00+00,HIGH,,2026-06-07 23:59:00+00
2514,pld-5b113310-f13a-45be-8f03-c723ba6cfa20,agt-1005,cdavis,LT-CDAVIS,aggregator,cdavis,file_delete_count,2,,{},2026-06-07 23:59:00+00,HIGH,,2026-06-07 23:59:00+00
2515,pld-5b113310-f13a-45be-8f03-c723ba6cfa20,agt-1005,cdavis,LT-CDAVIS,aggregator,cdavis,file_access_after_hours,84,,{},2026-06-07 23:59:00+00,HIGH,,2026-06-07 23:59:00+00
2516,pld-5b113310-f13a-45be-8f03-c723ba6cfa20,agt-1005,cdavis,LT-CDAVIS,aggregator,cdavis,http_count,100,,{},2026-06-07 23:59:00+00,HIGH,,2026-06-07 23:59:00+00
2517,pld-5b113310-f13a-45be-8f03-c723ba6cfa20,agt-1005,cdavis,LT-CDAVIS,aggregator,cdavis,download_count,5,,{},2026-06-07 23:59:00+00,HIGH,,2026-06-07 23:59:00+00
2518,pld-5b113310-f13a-45be-8f03-c723ba6cfa20,agt-1005,cdavis,LT-CDAVIS,aggregator,cdavis,http_after_hours,112,,{},2026-06-07 23:59:00+00,HIGH,,2026-06-07 23:59:00+00
2519,pld-2250a7f7-deff-413c-ba9a-ebed5ff36e82,agt-1006,mscott,LT-MSCOTT,aggregator,mscott,logon_count,2,,{},2026-06-07 23:59:00+00,HIGH,,2026-06-07 23:59:00+00
2520,pld-2250a7f7-deff-413c-ba9a-ebed5ff36e82,agt-1006,mscott,LT-MSCOTT,aggregator,mscott,logoff_count,3,,{},2026-06-07 23:59:00+00,HIGH,,2026-06-07 23:59:00+00
2521,pld-2250a7f7-deff-413c-ba9a-ebed5ff36e82,agt-1006,mscott,LT-MSCOTT,aggregator,mscott,weekend_logon,1,,{},2026-06-07 23:59:00+00,HIGH,,2026-06-07 23:59:00+00
2522,pld-2250a7f7-deff-413c-ba9a-ebed5ff36e82,agt-1006,mscott,LT-MSCOTT,aggregator,mscott,file_access_count,35,,{},2026-06-07 23:59:00+00,HIGH,,2026-06-07 23:59:00+00
2523,pld-2250a7f7-deff-413c-ba9a-ebed5ff36e82,agt-1006,mscott,LT-MSCOTT,aggregator,mscott,file_open_count,88,,{},2026-06-07 23:59:00+00,HIGH,,2026-06-07 23:59:00+00
2524,pld-2250a7f7-deff-413c-ba9a-ebed5ff36e82,agt-1006,mscott,LT-MSCOTT,aggregator,mscott,file_copy_count,15,,{},2026-06-07 23:59:00+00,HIGH,,2026-06-07 23:59:00+00
2525,pld-2250a7f7-deff-413c-ba9a-ebed5ff36e82,agt-1006,mscott,LT-MSCOTT,aggregator,mscott,file_write_count,12,,{},2026-06-07 23:59:00+00,HIGH,,2026-06-07 23:59:00+00
2526,pld-2250a7f7-deff-413c-ba9a-ebed5ff36e82,agt-1006,mscott,LT-MSCOTT,aggregator,mscott,file_delete_count,2,,{},2026-06-07 23:59:00+00,HIGH,,2026-06-07 23:59:00+00
2527,pld-2250a7f7-deff-413c-ba9a-ebed5ff36e82,agt-1006,mscott,LT-MSCOTT,aggregator,mscott,file_access_after_hours,7,,{},2026-06-07 23:59:00+00,HIGH,,2026-06-07 23:59:00+00
2528,pld-2250a7f7-deff-413c-ba9a-ebed5ff36e82,agt-1006,mscott,LT-MSCOTT,aggregator,mscott,http_count,69,,{},2026-06-07 23:59:00+00,HIGH,,2026-06-07 23:59:00+00
2529,pld-2250a7f7-deff-413c-ba9a-ebed5ff36e82,agt-1006,mscott,LT-MSCOTT,aggregator,mscott,http_after_hours,6,,{},2026-06-07 23:59:00+00,HIGH,,2026-06-07 23:59:00+00
2530,pld-3389cb84-99cc-452b-a5e6-04934035f3e3,agt-1007,tjones,LT-TJONES,aggregator,tjones,logon_count,3,,{},2026-06-07 23:59:00+00,HIGH,,2026-06-07 23:59:00+00
2531,pld-3389cb84-99cc-452b-a5e6-04934035f3e3,agt-1007,tjones,LT-TJONES,aggregator,tjones,logoff_count,1,,{},2026-06-07 23:59:00+00,HIGH,,2026-06-07 23:59:00+00
2532,pld-3389cb84-99cc-452b-a5e6-04934035f3e3,agt-1007,tjones,LT-TJONES,aggregator,tjones,weekend_logon,1,,{},2026-06-07 23:59:00+00,HIGH,,2026-06-07 23:59:00+00
2533,pld-3389cb84-99cc-452b-a5e6-04934035f3e3,agt-1007,tjones,LT-TJONES,aggregator,tjones,file_access_count,5,,{},2026-06-07 23:59:00+00,HIGH,,2026-06-07 23:59:00+00
2534,pld-3389cb84-99cc-452b-a5e6-04934035f3e3,agt-1007,tjones,LT-TJONES,aggregator,tjones,file_open_count,196,,{},2026-06-07 23:59:00+00,HIGH,,2026-06-07 23:59:00+00
2535,pld-3389cb84-99cc-452b-a5e6-04934035f3e3,agt-1007,tjones,LT-TJONES,aggregator,tjones,file_copy_count,7,,{},2026-06-07 23:59:00+00,HIGH,,2026-06-07 23:59:00+00
2536,pld-3389cb84-99cc-452b-a5e6-04934035f3e3,agt-1007,tjones,LT-TJONES,aggregator,tjones,file_write_count,28,,{},2026-06-07 23:59:00+00,HIGH,,2026-06-07 23:59:00+00
2537,pld-3389cb84-99cc-452b-a5e6-04934035f3e3,agt-1007,tjones,LT-TJONES,aggregator,tjones,file_delete_count,5,,{},2026-06-07 23:59:00+00,HIGH,,2026-06-07 23:59:00+00
2538,pld-3389cb84-99cc-452b-a5e6-04934035f3e3,agt-1007,tjones,LT-TJONES,aggregator,tjones,file_access_after_hours,1,,{},2026-06-07 23:59:00+00,HIGH,,2026-06-07 23:59:00+00
2539,pld-3389cb84-99cc-452b-a5e6-04934035f3e3,agt-1007,tjones,LT-TJONES,aggregator,tjones,http_count,96,,{},2026-06-07 23:59:00+00,HIGH,,2026-06-07 23:59:00+00
2540,pld-3389cb84-99cc-452b-a5e6-04934035f3e3,agt-1007,tjones,LT-TJONES,aggregator,tjones,download_count,1,,{},2026-06-07 23:59:00+00,HIGH,,2026-06-07 23:59:00+00
2541,pld-3389cb84-99cc-452b-a5e6-04934035f3e3,agt-1007,tjones,LT-TJONES,aggregator,tjones,http_after_hours,12,,{},2026-06-07 23:59:00+00,HIGH,,2026-06-07 23:59:00+00
2542,pld-23826076-8c93-4c02-a941-ea0c472381ba,agt-1008,rwilson,LT-RWILSON,aggregator,rwilson,logon_count,1,,{},2026-06-07 23:59:00+00,HIGH,,2026-06-07 23:59:00+00
2543,pld-23826076-8c93-4c02-a941-ea0c472381ba,agt-1008,rwilson,LT-RWILSON,aggregator,rwilson,logoff_count,3,,{},2026-06-07 23:59:00+00,HIGH,,2026-06-07 23:59:00+00
2544,pld-23826076-8c93-4c02-a941-ea0c472381ba,agt-1008,rwilson,LT-RWILSON,aggregator,rwilson,weekend_logon,1,,{},2026-06-07 23:59:00+00,HIGH,,2026-06-07 23:59:00+00
2545,pld-23826076-8c93-4c02-a941-ea0c472381ba,agt-1008,rwilson,LT-RWILSON,aggregator,rwilson,file_access_count,36,,{},2026-06-07 23:59:00+00,HIGH,,2026-06-07 23:59:00+00
2546,pld-23826076-8c93-4c02-a941-ea0c472381ba,agt-1008,rwilson,LT-RWILSON,aggregator,rwilson,file_open_count,92,,{},2026-06-07 23:59:00+00,HIGH,,2026-06-07 23:59:00+00
2547,pld-23826076-8c93-4c02-a941-ea0c472381ba,agt-1008,rwilson,LT-RWILSON,aggregator,rwilson,file_copy_count,18,,{},2026-06-07 23:59:00+00,HIGH,,2026-06-07 23:59:00+00
2548,pld-23826076-8c93-4c02-a941-ea0c472381ba,agt-1008,rwilson,LT-RWILSON,aggregator,rwilson,file_write_count,35,,{},2026-06-07 23:59:00+00,HIGH,,2026-06-07 23:59:00+00
2549,pld-23826076-8c93-4c02-a941-ea0c472381ba,agt-1008,rwilson,LT-RWILSON,aggregator,rwilson,file_delete_count,1,,{},2026-06-07 23:59:00+00,HIGH,,2026-06-07 23:59:00+00
2550,pld-23826076-8c93-4c02-a941-ea0c472381ba,agt-1008,rwilson,LT-RWILSON,aggregator,rwilson,file_access_after_hours,1,,{},2026-06-07 23:59:00+00,HIGH,,2026-06-07 23:59:00+00
2551,pld-23826076-8c93-4c02-a941-ea0c472381ba,agt-1008,rwilson,LT-RWILSON,aggregator,rwilson,http_count,73,,{},2026-06-07 23:59:00+00,HIGH,,2026-06-07 23:59:00+00
2552,pld-23826076-8c93-4c02-a941-ea0c472381ba,agt-1008,rwilson,LT-RWILSON,aggregator,rwilson,download_count,4,,{},2026-06-07 23:59:00+00,HIGH,,2026-06-07 23:59:00+00
2553,pld-23826076-8c93-4c02-a941-ea0c472381ba,agt-1008,rwilson,LT-RWILSON,aggregator,rwilson,http_after_hours,9,,{},2026-06-07 23:59:00+00,HIGH,,2026-06-07 23:59:00+00
2554,pld-bd199dda-3657-40d7-87c2-37d65a1533bb,agt-1009,esnow,LT-ESNOW,aggregator,esnow,logon_count,2,,{},2026-06-07 23:59:00+00,HIGH,,2026-06-07 23:59:00+00
2555,pld-bd199dda-3657-40d7-87c2-37d65a1533bb,agt-1009,esnow,LT-ESNOW,aggregator,esnow,logoff_count,2,,{},2026-06-07 23:59:00+00,HIGH,,2026-06-07 23:59:00+00
2556,pld-bd199dda-3657-40d7-87c2-37d65a1533bb,agt-1009,esnow,LT-ESNOW,aggregator,esnow,file_access_count,45,,{},2026-06-07 23:59:00+00,HIGH,,2026-06-07 23:59:00+00
2557,pld-bd199dda-3657-40d7-87c2-37d65a1533bb,agt-1009,esnow,LT-ESNOW,aggregator,esnow,file_open_count,119,,{},2026-06-07 23:59:00+00,HIGH,,2026-06-07 23:59:00+00
2558,pld-bd199dda-3657-40d7-87c2-37d65a1533bb,agt-1009,esnow,LT-ESNOW,aggregator,esnow,file_copy_count,19,,{},2026-06-07 23:59:00+00,HIGH,,2026-06-07 23:59:00+00
2559,pld-bd199dda-3657-40d7-87c2-37d65a1533bb,agt-1009,esnow,LT-ESNOW,aggregator,esnow,file_write_count,26,,{},2026-06-07 23:59:00+00,HIGH,,2026-06-07 23:59:00+00
2560,pld-bd199dda-3657-40d7-87c2-37d65a1533bb,agt-1009,esnow,LT-ESNOW,aggregator,esnow,file_delete_count,5,,{},2026-06-07 23:59:00+00,HIGH,,2026-06-07 23:59:00+00
2561,pld-bd199dda-3657-40d7-87c2-37d65a1533bb,agt-1009,esnow,LT-ESNOW,aggregator,esnow,file_access_after_hours,4,,{},2026-06-07 23:59:00+00,HIGH,,2026-06-07 23:59:00+00
2562,pld-bd199dda-3657-40d7-87c2-37d65a1533bb,agt-1009,esnow,LT-ESNOW,aggregator,esnow,http_count,43,,{},2026-06-07 23:59:00+00,HIGH,,2026-06-07 23:59:00+00
2563,pld-bd199dda-3657-40d7-87c2-37d65a1533bb,agt-1009,esnow,LT-ESNOW,aggregator,esnow,job_search_site_visits,13,,{},2026-06-07 23:59:00+00,HIGH,,2026-06-07 23:59:00+00
2564,pld-bd199dda-3657-40d7-87c2-37d65a1533bb,agt-1009,esnow,LT-ESNOW,aggregator,esnow,download_count,4,,{},2026-06-07 23:59:00+00,HIGH,,2026-06-07 23:59:00+00
2565,pld-bd199dda-3657-40d7-87c2-37d65a1533bb,agt-1009,esnow,LT-ESNOW,aggregator,esnow,http_after_hours,7,,{},2026-06-07 23:59:00+00,HIGH,,2026-06-07 23:59:00+00
2566,pld-7e7f1ffd-2bf8-45fa-8788-b2e923c1a37c,agt-1010,badmin,LT-BADMIN,aggregator,badmin,logon_count,3,,{},2026-06-07 23:59:00+00,HIGH,,2026-06-07 23:59:00+00
2567,pld-7e7f1ffd-2bf8-45fa-8788-b2e923c1a37c,agt-1010,badmin,LT-BADMIN,aggregator,badmin,logoff_count,1,,{},2026-06-07 23:59:00+00,HIGH,,2026-06-07 23:59:00+00
2568,pld-7e7f1ffd-2bf8-45fa-8788-b2e923c1a37c,agt-1010,badmin,LT-BADMIN,aggregator,badmin,file_access_count,45,,{},2026-06-07 23:59:00+00,HIGH,,2026-06-07 23:59:00+00
2569,pld-7e7f1ffd-2bf8-45fa-8788-b2e923c1a37c,agt-1010,badmin,LT-BADMIN,aggregator,badmin,file_open_count,68,,{},2026-06-07 23:59:00+00,HIGH,,2026-06-07 23:59:00+00
2570,pld-7e7f1ffd-2bf8-45fa-8788-b2e923c1a37c,agt-1010,badmin,LT-BADMIN,aggregator,badmin,file_copy_count,17,,{},2026-06-07 23:59:00+00,HIGH,,2026-06-07 23:59:00+00
2571,pld-7e7f1ffd-2bf8-45fa-8788-b2e923c1a37c,agt-1010,badmin,LT-BADMIN,aggregator,badmin,file_write_count,15,,{},2026-06-07 23:59:00+00,HIGH,,2026-06-07 23:59:00+00
2572,pld-7e7f1ffd-2bf8-45fa-8788-b2e923c1a37c,agt-1010,badmin,LT-BADMIN,aggregator,badmin,file_delete_count,1,,{},2026-06-07 23:59:00+00,HIGH,,2026-06-07 23:59:00+00
2573,pld-7e7f1ffd-2bf8-45fa-8788-b2e923c1a37c,agt-1010,badmin,LT-BADMIN,aggregator,badmin,file_access_after_hours,2,,{},2026-06-07 23:59:00+00,HIGH,,2026-06-07 23:59:00+00
2574,pld-7e7f1ffd-2bf8-45fa-8788-b2e923c1a37c,agt-1010,badmin,LT-BADMIN,aggregator,badmin,http_count,62,,{},2026-06-07 23:59:00+00,HIGH,,2026-06-07 23:59:00+00
2575,pld-7e7f1ffd-2bf8-45fa-8788-b2e923c1a37c,agt-1010,badmin,LT-BADMIN,aggregator,badmin,download_count,5,,{},2026-06-07 23:59:00+00,HIGH,,2026-06-07 23:59:00+00
2576,pld-7e7f1ffd-2bf8-45fa-8788-b2e923c1a37c,agt-1010,badmin,LT-BADMIN,aggregator,badmin,http_after_hours,11,,{},2026-06-07 23:59:00+00,HIGH,,2026-06-07 23:59:00+00
2577,pld-7402a3df-2557-4ee0-80ee-b66fc3928460,agt-1001,jdoe,LT-JDOE,aggregator,jdoe,logon_count,3,,{},2026-06-08 23:59:00+00,HIGH,,2026-06-08 23:59:00+00
2578,pld-7402a3df-2557-4ee0-80ee-b66fc3928460,agt-1001,jdoe,LT-JDOE,aggregator,jdoe,logoff_count,1,,{},2026-06-08 23:59:00+00,HIGH,,2026-06-08 23:59:00+00
2579,pld-7402a3df-2557-4ee0-80ee-b66fc3928460,agt-1001,jdoe,LT-JDOE,aggregator,jdoe,file_access_count,117,,{},2026-06-08 23:59:00+00,HIGH,,2026-06-08 23:59:00+00
2580,pld-7402a3df-2557-4ee0-80ee-b66fc3928460,agt-1001,jdoe,LT-JDOE,aggregator,jdoe,file_open_count,115,,{},2026-06-08 23:59:00+00,HIGH,,2026-06-08 23:59:00+00
2581,pld-7402a3df-2557-4ee0-80ee-b66fc3928460,agt-1001,jdoe,LT-JDOE,aggregator,jdoe,file_copy_count,19,,{},2026-06-08 23:59:00+00,HIGH,,2026-06-08 23:59:00+00
2582,pld-7402a3df-2557-4ee0-80ee-b66fc3928460,agt-1001,jdoe,LT-JDOE,aggregator,jdoe,file_write_count,29,,{},2026-06-08 23:59:00+00,HIGH,,2026-06-08 23:59:00+00
2583,pld-7402a3df-2557-4ee0-80ee-b66fc3928460,agt-1001,jdoe,LT-JDOE,aggregator,jdoe,file_delete_count,1,,{},2026-06-08 23:59:00+00,HIGH,,2026-06-08 23:59:00+00
2584,pld-7402a3df-2557-4ee0-80ee-b66fc3928460,agt-1001,jdoe,LT-JDOE,aggregator,jdoe,file_access_after_hours,10,,{},2026-06-08 23:59:00+00,HIGH,,2026-06-08 23:59:00+00
2585,pld-7402a3df-2557-4ee0-80ee-b66fc3928460,agt-1001,jdoe,LT-JDOE,aggregator,jdoe,http_count,786,,{},2026-06-08 23:59:00+00,HIGH,,2026-06-08 23:59:00+00
2586,pld-7402a3df-2557-4ee0-80ee-b66fc3928460,agt-1001,jdoe,LT-JDOE,aggregator,jdoe,download_count,5,,{},2026-06-08 23:59:00+00,HIGH,,2026-06-08 23:59:00+00
2587,pld-7402a3df-2557-4ee0-80ee-b66fc3928460,agt-1001,jdoe,LT-JDOE,aggregator,jdoe,http_after_hours,6,,{},2026-06-08 23:59:00+00,HIGH,,2026-06-08 23:59:00+00
2588,pld-18813e52-7d24-4c0d-b92b-06f5d449372b,agt-1002,asmith,LT-ASMITH,aggregator,asmith,logon_count,1,,{},2026-06-08 23:59:00+00,HIGH,,2026-06-08 23:59:00+00
2589,pld-18813e52-7d24-4c0d-b92b-06f5d449372b,agt-1002,asmith,LT-ASMITH,aggregator,asmith,logoff_count,1,,{},2026-06-08 23:59:00+00,HIGH,,2026-06-08 23:59:00+00
2590,pld-18813e52-7d24-4c0d-b92b-06f5d449372b,agt-1002,asmith,LT-ASMITH,aggregator,asmith,file_access_count,493,,{},2026-06-08 23:59:00+00,HIGH,,2026-06-08 23:59:00+00
2591,pld-18813e52-7d24-4c0d-b92b-06f5d449372b,agt-1002,asmith,LT-ASMITH,aggregator,asmith,file_open_count,104,,{},2026-06-08 23:59:00+00,HIGH,,2026-06-08 23:59:00+00
2592,pld-18813e52-7d24-4c0d-b92b-06f5d449372b,agt-1002,asmith,LT-ASMITH,aggregator,asmith,file_copy_count,7,,{},2026-06-08 23:59:00+00,HIGH,,2026-06-08 23:59:00+00
2593,pld-18813e52-7d24-4c0d-b92b-06f5d449372b,agt-1002,asmith,LT-ASMITH,aggregator,asmith,file_write_count,41,,{},2026-06-08 23:59:00+00,HIGH,,2026-06-08 23:59:00+00
2594,pld-18813e52-7d24-4c0d-b92b-06f5d449372b,agt-1002,asmith,LT-ASMITH,aggregator,asmith,file_delete_count,4,,{},2026-06-08 23:59:00+00,HIGH,,2026-06-08 23:59:00+00
2595,pld-18813e52-7d24-4c0d-b92b-06f5d449372b,agt-1002,asmith,LT-ASMITH,aggregator,asmith,http_count,312,,{},2026-06-08 23:59:00+00,HIGH,,2026-06-08 23:59:00+00
2596,pld-18813e52-7d24-4c0d-b92b-06f5d449372b,agt-1002,asmith,LT-ASMITH,aggregator,asmith,download_count,1,,{},2026-06-08 23:59:00+00,HIGH,,2026-06-08 23:59:00+00
2597,pld-18813e52-7d24-4c0d-b92b-06f5d449372b,agt-1002,asmith,LT-ASMITH,aggregator,asmith,http_after_hours,12,,{},2026-06-08 23:59:00+00,HIGH,,2026-06-08 23:59:00+00
2598,pld-6fd972f8-4310-45a1-9e55-2ed6a5a28705,agt-1003,mjones,LT-MJONES,aggregator,mjones,logon_count,3,,{},2026-06-08 23:59:00+00,HIGH,,2026-06-08 23:59:00+00
2599,pld-6fd972f8-4310-45a1-9e55-2ed6a5a28705,agt-1003,mjones,LT-MJONES,aggregator,mjones,logoff_count,1,,{},2026-06-08 23:59:00+00,HIGH,,2026-06-08 23:59:00+00
2600,pld-6fd972f8-4310-45a1-9e55-2ed6a5a28705,agt-1003,mjones,LT-MJONES,aggregator,mjones,file_access_count,231,,{},2026-06-08 23:59:00+00,HIGH,,2026-06-08 23:59:00+00
2601,pld-6fd972f8-4310-45a1-9e55-2ed6a5a28705,agt-1003,mjones,LT-MJONES,aggregator,mjones,file_open_count,159,,{},2026-06-08 23:59:00+00,HIGH,,2026-06-08 23:59:00+00
2602,pld-6fd972f8-4310-45a1-9e55-2ed6a5a28705,agt-1003,mjones,LT-MJONES,aggregator,mjones,file_copy_count,16,,{},2026-06-08 23:59:00+00,HIGH,,2026-06-08 23:59:00+00
2603,pld-6fd972f8-4310-45a1-9e55-2ed6a5a28705,agt-1003,mjones,LT-MJONES,aggregator,mjones,file_write_count,11,,{},2026-06-08 23:59:00+00,HIGH,,2026-06-08 23:59:00+00
2604,pld-6fd972f8-4310-45a1-9e55-2ed6a5a28705,agt-1003,mjones,LT-MJONES,aggregator,mjones,file_delete_count,4,,{},2026-06-08 23:59:00+00,HIGH,,2026-06-08 23:59:00+00
2605,pld-6fd972f8-4310-45a1-9e55-2ed6a5a28705,agt-1003,mjones,LT-MJONES,aggregator,mjones,file_access_after_hours,3,,{},2026-06-08 23:59:00+00,HIGH,,2026-06-08 23:59:00+00
2606,pld-6fd972f8-4310-45a1-9e55-2ed6a5a28705,agt-1003,mjones,LT-MJONES,aggregator,mjones,http_count,452,,{},2026-06-08 23:59:00+00,HIGH,,2026-06-08 23:59:00+00
2607,pld-6fd972f8-4310-45a1-9e55-2ed6a5a28705,agt-1003,mjones,LT-MJONES,aggregator,mjones,http_after_hours,16,,{},2026-06-08 23:59:00+00,HIGH,,2026-06-08 23:59:00+00
2608,pld-40c2a7c9-1fe0-421a-8422-f0fed036fa48,agt-1004,bwilliams,LT-BWILLIAMS,aggregator,bwilliams,logon_count,2,,{},2026-06-08 23:59:00+00,HIGH,,2026-06-08 23:59:00+00
2609,pld-40c2a7c9-1fe0-421a-8422-f0fed036fa48,agt-1004,bwilliams,LT-BWILLIAMS,aggregator,bwilliams,logoff_count,3,,{},2026-06-08 23:59:00+00,HIGH,,2026-06-08 23:59:00+00
2610,pld-40c2a7c9-1fe0-421a-8422-f0fed036fa48,agt-1004,bwilliams,LT-BWILLIAMS,aggregator,bwilliams,file_access_count,500,,{},2026-06-08 23:59:00+00,HIGH,,2026-06-08 23:59:00+00
2611,pld-40c2a7c9-1fe0-421a-8422-f0fed036fa48,agt-1004,bwilliams,LT-BWILLIAMS,aggregator,bwilliams,file_open_count,200,,{},2026-06-08 23:59:00+00,HIGH,,2026-06-08 23:59:00+00
2612,pld-40c2a7c9-1fe0-421a-8422-f0fed036fa48,agt-1004,bwilliams,LT-BWILLIAMS,aggregator,bwilliams,file_copy_count,18,,{},2026-06-08 23:59:00+00,HIGH,,2026-06-08 23:59:00+00
2613,pld-40c2a7c9-1fe0-421a-8422-f0fed036fa48,agt-1004,bwilliams,LT-BWILLIAMS,aggregator,bwilliams,file_write_count,23,,{},2026-06-08 23:59:00+00,HIGH,,2026-06-08 23:59:00+00
2614,pld-40c2a7c9-1fe0-421a-8422-f0fed036fa48,agt-1004,bwilliams,LT-BWILLIAMS,aggregator,bwilliams,file_delete_count,5,,{},2026-06-08 23:59:00+00,HIGH,,2026-06-08 23:59:00+00
2615,pld-40c2a7c9-1fe0-421a-8422-f0fed036fa48,agt-1004,bwilliams,LT-BWILLIAMS,aggregator,bwilliams,file_access_after_hours,3,,{},2026-06-08 23:59:00+00,HIGH,,2026-06-08 23:59:00+00
2616,pld-40c2a7c9-1fe0-421a-8422-f0fed036fa48,agt-1004,bwilliams,LT-BWILLIAMS,aggregator,bwilliams,http_count,478,,{},2026-06-08 23:59:00+00,HIGH,,2026-06-08 23:59:00+00
2617,pld-584b0364-9410-44e2-904b-606a25144ced,agt-1005,cdavis,LT-CDAVIS,aggregator,cdavis,logon_count,2,,{},2026-06-08 23:59:00+00,HIGH,,2026-06-08 23:59:00+00
2618,pld-584b0364-9410-44e2-904b-606a25144ced,agt-1005,cdavis,LT-CDAVIS,aggregator,cdavis,logoff_count,2,,{},2026-06-08 23:59:00+00,HIGH,,2026-06-08 23:59:00+00
2619,pld-584b0364-9410-44e2-904b-606a25144ced,agt-1005,cdavis,LT-CDAVIS,aggregator,cdavis,file_access_count,362,,{},2026-06-08 23:59:00+00,HIGH,,2026-06-08 23:59:00+00
2620,pld-584b0364-9410-44e2-904b-606a25144ced,agt-1005,cdavis,LT-CDAVIS,aggregator,cdavis,file_open_count,101,,{},2026-06-08 23:59:00+00,HIGH,,2026-06-08 23:59:00+00
2621,pld-584b0364-9410-44e2-904b-606a25144ced,agt-1005,cdavis,LT-CDAVIS,aggregator,cdavis,file_copy_count,19,,{},2026-06-08 23:59:00+00,HIGH,,2026-06-08 23:59:00+00
2622,pld-584b0364-9410-44e2-904b-606a25144ced,agt-1005,cdavis,LT-CDAVIS,aggregator,cdavis,file_write_count,30,,{},2026-06-08 23:59:00+00,HIGH,,2026-06-08 23:59:00+00
2623,pld-584b0364-9410-44e2-904b-606a25144ced,agt-1005,cdavis,LT-CDAVIS,aggregator,cdavis,file_delete_count,5,,{},2026-06-08 23:59:00+00,HIGH,,2026-06-08 23:59:00+00
2624,pld-584b0364-9410-44e2-904b-606a25144ced,agt-1005,cdavis,LT-CDAVIS,aggregator,cdavis,file_access_after_hours,3,,{},2026-06-08 23:59:00+00,HIGH,,2026-06-08 23:59:00+00
2625,pld-584b0364-9410-44e2-904b-606a25144ced,agt-1005,cdavis,LT-CDAVIS,aggregator,cdavis,http_count,474,,{},2026-06-08 23:59:00+00,HIGH,,2026-06-08 23:59:00+00
2626,pld-584b0364-9410-44e2-904b-606a25144ced,agt-1005,cdavis,LT-CDAVIS,aggregator,cdavis,download_count,5,,{},2026-06-08 23:59:00+00,HIGH,,2026-06-08 23:59:00+00
2627,pld-584b0364-9410-44e2-904b-606a25144ced,agt-1005,cdavis,LT-CDAVIS,aggregator,cdavis,http_after_hours,19,,{},2026-06-08 23:59:00+00,HIGH,,2026-06-08 23:59:00+00
2628,pld-fc23fb73-1261-4cb1-b840-1a144396afd8,agt-1006,mscott,LT-MSCOTT,aggregator,mscott,logon_count,1,,{},2026-06-08 23:59:00+00,HIGH,,2026-06-08 23:59:00+00
2629,pld-fc23fb73-1261-4cb1-b840-1a144396afd8,agt-1006,mscott,LT-MSCOTT,aggregator,mscott,logoff_count,1,,{},2026-06-08 23:59:00+00,HIGH,,2026-06-08 23:59:00+00
2630,pld-fc23fb73-1261-4cb1-b840-1a144396afd8,agt-1006,mscott,LT-MSCOTT,aggregator,mscott,file_access_count,395,,{},2026-06-08 23:59:00+00,HIGH,,2026-06-08 23:59:00+00
2631,pld-fc23fb73-1261-4cb1-b840-1a144396afd8,agt-1006,mscott,LT-MSCOTT,aggregator,mscott,file_open_count,164,,{},2026-06-08 23:59:00+00,HIGH,,2026-06-08 23:59:00+00
2632,pld-fc23fb73-1261-4cb1-b840-1a144396afd8,agt-1006,mscott,LT-MSCOTT,aggregator,mscott,file_copy_count,8,,{},2026-06-08 23:59:00+00,HIGH,,2026-06-08 23:59:00+00
2633,pld-fc23fb73-1261-4cb1-b840-1a144396afd8,agt-1006,mscott,LT-MSCOTT,aggregator,mscott,file_write_count,22,,{},2026-06-08 23:59:00+00,HIGH,,2026-06-08 23:59:00+00
2634,pld-fc23fb73-1261-4cb1-b840-1a144396afd8,agt-1006,mscott,LT-MSCOTT,aggregator,mscott,file_delete_count,5,,{},2026-06-08 23:59:00+00,HIGH,,2026-06-08 23:59:00+00
2635,pld-fc23fb73-1261-4cb1-b840-1a144396afd8,agt-1006,mscott,LT-MSCOTT,aggregator,mscott,file_access_after_hours,2,,{},2026-06-08 23:59:00+00,HIGH,,2026-06-08 23:59:00+00
2636,pld-fc23fb73-1261-4cb1-b840-1a144396afd8,agt-1006,mscott,LT-MSCOTT,aggregator,mscott,http_count,440,,{},2026-06-08 23:59:00+00,HIGH,,2026-06-08 23:59:00+00
2637,pld-fc23fb73-1261-4cb1-b840-1a144396afd8,agt-1006,mscott,LT-MSCOTT,aggregator,mscott,download_count,3,,{},2026-06-08 23:59:00+00,HIGH,,2026-06-08 23:59:00+00
2638,pld-fc23fb73-1261-4cb1-b840-1a144396afd8,agt-1006,mscott,LT-MSCOTT,aggregator,mscott,http_after_hours,12,,{},2026-06-08 23:59:00+00,HIGH,,2026-06-08 23:59:00+00
2639,pld-938eceb1-13cb-4b05-aec4-69356d1fe738,agt-1007,tjones,LT-TJONES,aggregator,tjones,logon_count,1,,{},2026-06-08 23:59:00+00,HIGH,,2026-06-08 23:59:00+00
2640,pld-938eceb1-13cb-4b05-aec4-69356d1fe738,agt-1007,tjones,LT-TJONES,aggregator,tjones,logoff_count,2,,{},2026-06-08 23:59:00+00,HIGH,,2026-06-08 23:59:00+00
2641,pld-938eceb1-13cb-4b05-aec4-69356d1fe738,agt-1007,tjones,LT-TJONES,aggregator,tjones,file_access_count,412,,{},2026-06-08 23:59:00+00,HIGH,,2026-06-08 23:59:00+00
2642,pld-938eceb1-13cb-4b05-aec4-69356d1fe738,agt-1007,tjones,LT-TJONES,aggregator,tjones,file_open_count,162,,{},2026-06-08 23:59:00+00,HIGH,,2026-06-08 23:59:00+00
2643,pld-938eceb1-13cb-4b05-aec4-69356d1fe738,agt-1007,tjones,LT-TJONES,aggregator,tjones,file_copy_count,20,,{},2026-06-08 23:59:00+00,HIGH,,2026-06-08 23:59:00+00
2644,pld-938eceb1-13cb-4b05-aec4-69356d1fe738,agt-1007,tjones,LT-TJONES,aggregator,tjones,file_write_count,24,,{},2026-06-08 23:59:00+00,HIGH,,2026-06-08 23:59:00+00
2645,pld-938eceb1-13cb-4b05-aec4-69356d1fe738,agt-1007,tjones,LT-TJONES,aggregator,tjones,file_access_after_hours,5,,{},2026-06-08 23:59:00+00,HIGH,,2026-06-08 23:59:00+00
2646,pld-938eceb1-13cb-4b05-aec4-69356d1fe738,agt-1007,tjones,LT-TJONES,aggregator,tjones,http_count,910,,{},2026-06-08 23:59:00+00,HIGH,,2026-06-08 23:59:00+00
2647,pld-938eceb1-13cb-4b05-aec4-69356d1fe738,agt-1007,tjones,LT-TJONES,aggregator,tjones,download_count,2,,{},2026-06-08 23:59:00+00,HIGH,,2026-06-08 23:59:00+00
2648,pld-938eceb1-13cb-4b05-aec4-69356d1fe738,agt-1007,tjones,LT-TJONES,aggregator,tjones,http_after_hours,15,,{},2026-06-08 23:59:00+00,HIGH,,2026-06-08 23:59:00+00
2649,pld-46779da7-cd4f-489c-992d-7155d160e0f4,agt-1008,rwilson,LT-RWILSON,aggregator,rwilson,logon_count,3,,{},2026-06-08 23:59:00+00,HIGH,,2026-06-08 23:59:00+00
2650,pld-46779da7-cd4f-489c-992d-7155d160e0f4,agt-1008,rwilson,LT-RWILSON,aggregator,rwilson,logoff_count,2,,{},2026-06-08 23:59:00+00,HIGH,,2026-06-08 23:59:00+00
2651,pld-46779da7-cd4f-489c-992d-7155d160e0f4,agt-1008,rwilson,LT-RWILSON,aggregator,rwilson,file_access_count,366,,{},2026-06-08 23:59:00+00,HIGH,,2026-06-08 23:59:00+00
2652,pld-46779da7-cd4f-489c-992d-7155d160e0f4,agt-1008,rwilson,LT-RWILSON,aggregator,rwilson,file_open_count,95,,{},2026-06-08 23:59:00+00,HIGH,,2026-06-08 23:59:00+00
2653,pld-46779da7-cd4f-489c-992d-7155d160e0f4,agt-1008,rwilson,LT-RWILSON,aggregator,rwilson,file_copy_count,18,,{},2026-06-08 23:59:00+00,HIGH,,2026-06-08 23:59:00+00
2654,pld-46779da7-cd4f-489c-992d-7155d160e0f4,agt-1008,rwilson,LT-RWILSON,aggregator,rwilson,file_write_count,50,,{},2026-06-08 23:59:00+00,HIGH,,2026-06-08 23:59:00+00
2655,pld-46779da7-cd4f-489c-992d-7155d160e0f4,agt-1008,rwilson,LT-RWILSON,aggregator,rwilson,file_delete_count,5,,{},2026-06-08 23:59:00+00,HIGH,,2026-06-08 23:59:00+00
2656,pld-46779da7-cd4f-489c-992d-7155d160e0f4,agt-1008,rwilson,LT-RWILSON,aggregator,rwilson,file_access_after_hours,10,,{},2026-06-08 23:59:00+00,HIGH,,2026-06-08 23:59:00+00
2657,pld-46779da7-cd4f-489c-992d-7155d160e0f4,agt-1008,rwilson,LT-RWILSON,aggregator,rwilson,http_count,938,,{},2026-06-08 23:59:00+00,HIGH,,2026-06-08 23:59:00+00
2658,pld-46779da7-cd4f-489c-992d-7155d160e0f4,agt-1008,rwilson,LT-RWILSON,aggregator,rwilson,download_count,4,,{},2026-06-08 23:59:00+00,HIGH,,2026-06-08 23:59:00+00
2659,pld-46779da7-cd4f-489c-992d-7155d160e0f4,agt-1008,rwilson,LT-RWILSON,aggregator,rwilson,http_after_hours,12,,{},2026-06-08 23:59:00+00,HIGH,,2026-06-08 23:59:00+00
2660,pld-89b5cd66-5cb8-4807-b9d8-94222dda774d,agt-1009,esnow,LT-ESNOW,aggregator,esnow,logon_count,2,,{},2026-06-08 23:59:00+00,HIGH,,2026-06-08 23:59:00+00
2661,pld-89b5cd66-5cb8-4807-b9d8-94222dda774d,agt-1009,esnow,LT-ESNOW,aggregator,esnow,logoff_count,2,,{},2026-06-08 23:59:00+00,HIGH,,2026-06-08 23:59:00+00
2662,pld-89b5cd66-5cb8-4807-b9d8-94222dda774d,agt-1009,esnow,LT-ESNOW,aggregator,esnow,file_access_count,145,,{},2026-06-08 23:59:00+00,HIGH,,2026-06-08 23:59:00+00
2663,pld-89b5cd66-5cb8-4807-b9d8-94222dda774d,agt-1009,esnow,LT-ESNOW,aggregator,esnow,file_open_count,101,,{},2026-06-08 23:59:00+00,HIGH,,2026-06-08 23:59:00+00
2664,pld-89b5cd66-5cb8-4807-b9d8-94222dda774d,agt-1009,esnow,LT-ESNOW,aggregator,esnow,file_copy_count,7,,{},2026-06-08 23:59:00+00,HIGH,,2026-06-08 23:59:00+00
2665,pld-89b5cd66-5cb8-4807-b9d8-94222dda774d,agt-1009,esnow,LT-ESNOW,aggregator,esnow,file_write_count,49,,{},2026-06-08 23:59:00+00,HIGH,,2026-06-08 23:59:00+00
2666,pld-89b5cd66-5cb8-4807-b9d8-94222dda774d,agt-1009,esnow,LT-ESNOW,aggregator,esnow,file_delete_count,1,,{},2026-06-08 23:59:00+00,HIGH,,2026-06-08 23:59:00+00
2667,pld-89b5cd66-5cb8-4807-b9d8-94222dda774d,agt-1009,esnow,LT-ESNOW,aggregator,esnow,file_access_after_hours,9,,{},2026-06-08 23:59:00+00,HIGH,,2026-06-08 23:59:00+00
2668,pld-89b5cd66-5cb8-4807-b9d8-94222dda774d,agt-1009,esnow,LT-ESNOW,aggregator,esnow,http_count,738,,{},2026-06-08 23:59:00+00,HIGH,,2026-06-08 23:59:00+00
2669,pld-89b5cd66-5cb8-4807-b9d8-94222dda774d,agt-1009,esnow,LT-ESNOW,aggregator,esnow,job_search_site_visits,7,,{},2026-06-08 23:59:00+00,HIGH,,2026-06-08 23:59:00+00
2670,pld-89b5cd66-5cb8-4807-b9d8-94222dda774d,agt-1009,esnow,LT-ESNOW,aggregator,esnow,download_count,5,,{},2026-06-08 23:59:00+00,HIGH,,2026-06-08 23:59:00+00
2671,pld-89b5cd66-5cb8-4807-b9d8-94222dda774d,agt-1009,esnow,LT-ESNOW,aggregator,esnow,http_after_hours,14,,{},2026-06-08 23:59:00+00,HIGH,,2026-06-08 23:59:00+00
2672,pld-4e46140d-b7e2-4742-b43d-8fb745f23667,agt-1010,badmin,LT-BADMIN,aggregator,badmin,logon_count,3,,{},2026-06-08 23:59:00+00,HIGH,,2026-06-08 23:59:00+00
2673,pld-4e46140d-b7e2-4742-b43d-8fb745f23667,agt-1010,badmin,LT-BADMIN,aggregator,badmin,logoff_count,2,,{},2026-06-08 23:59:00+00,HIGH,,2026-06-08 23:59:00+00
2674,pld-4e46140d-b7e2-4742-b43d-8fb745f23667,agt-1010,badmin,LT-BADMIN,aggregator,badmin,file_access_count,410,,{},2026-06-08 23:59:00+00,HIGH,,2026-06-08 23:59:00+00
2675,pld-4e46140d-b7e2-4742-b43d-8fb745f23667,agt-1010,badmin,LT-BADMIN,aggregator,badmin,file_open_count,176,,{},2026-06-08 23:59:00+00,HIGH,,2026-06-08 23:59:00+00
2676,pld-4e46140d-b7e2-4742-b43d-8fb745f23667,agt-1010,badmin,LT-BADMIN,aggregator,badmin,file_copy_count,11,,{},2026-06-08 23:59:00+00,HIGH,,2026-06-08 23:59:00+00
2677,pld-4e46140d-b7e2-4742-b43d-8fb745f23667,agt-1010,badmin,LT-BADMIN,aggregator,badmin,file_write_count,44,,{},2026-06-08 23:59:00+00,HIGH,,2026-06-08 23:59:00+00
2678,pld-4e46140d-b7e2-4742-b43d-8fb745f23667,agt-1010,badmin,LT-BADMIN,aggregator,badmin,file_delete_count,3,,{},2026-06-08 23:59:00+00,HIGH,,2026-06-08 23:59:00+00
2679,pld-4e46140d-b7e2-4742-b43d-8fb745f23667,agt-1010,badmin,LT-BADMIN,aggregator,badmin,file_access_after_hours,1,,{},2026-06-08 23:59:00+00,HIGH,,2026-06-08 23:59:00+00
2680,pld-4e46140d-b7e2-4742-b43d-8fb745f23667,agt-1010,badmin,LT-BADMIN,aggregator,badmin,http_count,846,,{},2026-06-08 23:59:00+00,HIGH,,2026-06-08 23:59:00+00
2681,pld-4e46140d-b7e2-4742-b43d-8fb745f23667,agt-1010,badmin,LT-BADMIN,aggregator,badmin,download_count,1,,{},2026-06-08 23:59:00+00,HIGH,,2026-06-08 23:59:00+00
2682,pld-4e46140d-b7e2-4742-b43d-8fb745f23667,agt-1010,badmin,LT-BADMIN,aggregator,badmin,http_after_hours,2,,{},2026-06-08 23:59:00+00,HIGH,,2026-06-08 23:59:00+00
2683,pld-c8f4bb19-903d-4fac-953f-1551e49491c7,agt-1001,jdoe,LT-JDOE,aggregator,jdoe,logon_count,2,,{},2026-06-09 23:59:00+00,HIGH,,2026-06-09 23:59:00+00
2684,pld-c8f4bb19-903d-4fac-953f-1551e49491c7,agt-1001,jdoe,LT-JDOE,aggregator,jdoe,logoff_count,1,,{},2026-06-09 23:59:00+00,HIGH,,2026-06-09 23:59:00+00
2685,pld-c8f4bb19-903d-4fac-953f-1551e49491c7,agt-1001,jdoe,LT-JDOE,aggregator,jdoe,file_access_count,223,,{},2026-06-09 23:59:00+00,HIGH,,2026-06-09 23:59:00+00
2686,pld-c8f4bb19-903d-4fac-953f-1551e49491c7,agt-1001,jdoe,LT-JDOE,aggregator,jdoe,file_open_count,130,,{},2026-06-09 23:59:00+00,HIGH,,2026-06-09 23:59:00+00
2687,pld-c8f4bb19-903d-4fac-953f-1551e49491c7,agt-1001,jdoe,LT-JDOE,aggregator,jdoe,file_copy_count,15,,{},2026-06-09 23:59:00+00,HIGH,,2026-06-09 23:59:00+00
2688,pld-c8f4bb19-903d-4fac-953f-1551e49491c7,agt-1001,jdoe,LT-JDOE,aggregator,jdoe,file_write_count,46,,{},2026-06-09 23:59:00+00,HIGH,,2026-06-09 23:59:00+00
2689,pld-c8f4bb19-903d-4fac-953f-1551e49491c7,agt-1001,jdoe,LT-JDOE,aggregator,jdoe,file_delete_count,1,,{},2026-06-09 23:59:00+00,HIGH,,2026-06-09 23:59:00+00
2690,pld-c8f4bb19-903d-4fac-953f-1551e49491c7,agt-1001,jdoe,LT-JDOE,aggregator,jdoe,file_access_after_hours,5,,{},2026-06-09 23:59:00+00,HIGH,,2026-06-09 23:59:00+00
2691,pld-c8f4bb19-903d-4fac-953f-1551e49491c7,agt-1001,jdoe,LT-JDOE,aggregator,jdoe,http_count,431,,{},2026-06-09 23:59:00+00,HIGH,,2026-06-09 23:59:00+00
2692,pld-c8f4bb19-903d-4fac-953f-1551e49491c7,agt-1001,jdoe,LT-JDOE,aggregator,jdoe,download_count,1,,{},2026-06-09 23:59:00+00,HIGH,,2026-06-09 23:59:00+00
2693,pld-c8f4bb19-903d-4fac-953f-1551e49491c7,agt-1001,jdoe,LT-JDOE,aggregator,jdoe,http_after_hours,7,,{},2026-06-09 23:59:00+00,HIGH,,2026-06-09 23:59:00+00
2694,pld-a11b4688-83d3-4551-a30c-686cdd8c5d05,agt-1002,asmith,LT-ASMITH,aggregator,asmith,logon_count,2,,{},2026-06-09 23:59:00+00,HIGH,,2026-06-09 23:59:00+00
2695,pld-a11b4688-83d3-4551-a30c-686cdd8c5d05,agt-1002,asmith,LT-ASMITH,aggregator,asmith,logoff_count,3,,{},2026-06-09 23:59:00+00,HIGH,,2026-06-09 23:59:00+00
2696,pld-a11b4688-83d3-4551-a30c-686cdd8c5d05,agt-1002,asmith,LT-ASMITH,aggregator,asmith,file_access_count,157,,{},2026-06-09 23:59:00+00,HIGH,,2026-06-09 23:59:00+00
2697,pld-a11b4688-83d3-4551-a30c-686cdd8c5d05,agt-1002,asmith,LT-ASMITH,aggregator,asmith,file_open_count,132,,{},2026-06-09 23:59:00+00,HIGH,,2026-06-09 23:59:00+00
2698,pld-a11b4688-83d3-4551-a30c-686cdd8c5d05,agt-1002,asmith,LT-ASMITH,aggregator,asmith,file_copy_count,5,,{},2026-06-09 23:59:00+00,HIGH,,2026-06-09 23:59:00+00
2699,pld-a11b4688-83d3-4551-a30c-686cdd8c5d05,agt-1002,asmith,LT-ASMITH,aggregator,asmith,file_write_count,29,,{},2026-06-09 23:59:00+00,HIGH,,2026-06-09 23:59:00+00
2700,pld-a11b4688-83d3-4551-a30c-686cdd8c5d05,agt-1002,asmith,LT-ASMITH,aggregator,asmith,file_access_after_hours,9,,{},2026-06-09 23:59:00+00,HIGH,,2026-06-09 23:59:00+00
2701,pld-a11b4688-83d3-4551-a30c-686cdd8c5d05,agt-1002,asmith,LT-ASMITH,aggregator,asmith,usb_connect_count,1,,{},2026-06-09 23:59:00+00,HIGH,,2026-06-09 23:59:00+00
2702,pld-a11b4688-83d3-4551-a30c-686cdd8c5d05,agt-1002,asmith,LT-ASMITH,aggregator,asmith,usb_disconnect_count,1,,{},2026-06-09 23:59:00+00,HIGH,,2026-06-09 23:59:00+00
2703,pld-a11b4688-83d3-4551-a30c-686cdd8c5d05,agt-1002,asmith,LT-ASMITH,aggregator,asmith,usb_file_transfer_count,5,,{},2026-06-09 23:59:00+00,HIGH,,2026-06-09 23:59:00+00
2704,pld-a11b4688-83d3-4551-a30c-686cdd8c5d05,agt-1002,asmith,LT-ASMITH,aggregator,asmith,http_count,636,,{},2026-06-09 23:59:00+00,HIGH,,2026-06-09 23:59:00+00
2705,pld-a11b4688-83d3-4551-a30c-686cdd8c5d05,agt-1002,asmith,LT-ASMITH,aggregator,asmith,download_count,5,,{},2026-06-09 23:59:00+00,HIGH,,2026-06-09 23:59:00+00
2706,pld-a11b4688-83d3-4551-a30c-686cdd8c5d05,agt-1002,asmith,LT-ASMITH,aggregator,asmith,http_after_hours,2,,{},2026-06-09 23:59:00+00,HIGH,,2026-06-09 23:59:00+00
2707,pld-5d46eb7f-838c-4d54-a3a3-bdac214cdbfe,agt-1003,mjones,LT-MJONES,aggregator,mjones,logon_count,2,,{},2026-06-09 23:59:00+00,HIGH,,2026-06-09 23:59:00+00
2708,pld-5d46eb7f-838c-4d54-a3a3-bdac214cdbfe,agt-1003,mjones,LT-MJONES,aggregator,mjones,logoff_count,1,,{},2026-06-09 23:59:00+00,HIGH,,2026-06-09 23:59:00+00
2709,pld-5d46eb7f-838c-4d54-a3a3-bdac214cdbfe,agt-1003,mjones,LT-MJONES,aggregator,mjones,file_access_count,216,,{},2026-06-09 23:59:00+00,HIGH,,2026-06-09 23:59:00+00
2710,pld-5d46eb7f-838c-4d54-a3a3-bdac214cdbfe,agt-1003,mjones,LT-MJONES,aggregator,mjones,file_open_count,177,,{},2026-06-09 23:59:00+00,HIGH,,2026-06-09 23:59:00+00
2711,pld-5d46eb7f-838c-4d54-a3a3-bdac214cdbfe,agt-1003,mjones,LT-MJONES,aggregator,mjones,file_copy_count,6,,{},2026-06-09 23:59:00+00,HIGH,,2026-06-09 23:59:00+00
2712,pld-5d46eb7f-838c-4d54-a3a3-bdac214cdbfe,agt-1003,mjones,LT-MJONES,aggregator,mjones,file_write_count,44,,{},2026-06-09 23:59:00+00,HIGH,,2026-06-09 23:59:00+00
2713,pld-5d46eb7f-838c-4d54-a3a3-bdac214cdbfe,agt-1003,mjones,LT-MJONES,aggregator,mjones,file_access_after_hours,7,,{},2026-06-09 23:59:00+00,HIGH,,2026-06-09 23:59:00+00
2714,pld-5d46eb7f-838c-4d54-a3a3-bdac214cdbfe,agt-1003,mjones,LT-MJONES,aggregator,mjones,usb_connect_count,1,,{},2026-06-09 23:59:00+00,HIGH,,2026-06-09 23:59:00+00
2715,pld-5d46eb7f-838c-4d54-a3a3-bdac214cdbfe,agt-1003,mjones,LT-MJONES,aggregator,mjones,usb_disconnect_count,1,,{},2026-06-09 23:59:00+00,HIGH,,2026-06-09 23:59:00+00
2716,pld-5d46eb7f-838c-4d54-a3a3-bdac214cdbfe,agt-1003,mjones,LT-MJONES,aggregator,mjones,usb_file_transfer_count,4,,{},2026-06-09 23:59:00+00,HIGH,,2026-06-09 23:59:00+00
2717,pld-5d46eb7f-838c-4d54-a3a3-bdac214cdbfe,agt-1003,mjones,LT-MJONES,aggregator,mjones,http_count,619,,{},2026-06-09 23:59:00+00,HIGH,,2026-06-09 23:59:00+00
2718,pld-5d46eb7f-838c-4d54-a3a3-bdac214cdbfe,agt-1003,mjones,LT-MJONES,aggregator,mjones,download_count,5,,{},2026-06-09 23:59:00+00,HIGH,,2026-06-09 23:59:00+00
2719,pld-5d46eb7f-838c-4d54-a3a3-bdac214cdbfe,agt-1003,mjones,LT-MJONES,aggregator,mjones,http_after_hours,7,,{},2026-06-09 23:59:00+00,HIGH,,2026-06-09 23:59:00+00
2720,pld-7b45c2ac-cb5a-4ac2-b862-49d6e7f801cb,agt-1004,bwilliams,LT-BWILLIAMS,aggregator,bwilliams,logon_count,1,,{},2026-06-09 23:59:00+00,HIGH,,2026-06-09 23:59:00+00
2721,pld-7b45c2ac-cb5a-4ac2-b862-49d6e7f801cb,agt-1004,bwilliams,LT-BWILLIAMS,aggregator,bwilliams,logoff_count,1,,{},2026-06-09 23:59:00+00,HIGH,,2026-06-09 23:59:00+00
2722,pld-7b45c2ac-cb5a-4ac2-b862-49d6e7f801cb,agt-1004,bwilliams,LT-BWILLIAMS,aggregator,bwilliams,file_access_count,443,,{},2026-06-09 23:59:00+00,HIGH,,2026-06-09 23:59:00+00
2723,pld-7b45c2ac-cb5a-4ac2-b862-49d6e7f801cb,agt-1004,bwilliams,LT-BWILLIAMS,aggregator,bwilliams,file_open_count,172,,{},2026-06-09 23:59:00+00,HIGH,,2026-06-09 23:59:00+00
2724,pld-7b45c2ac-cb5a-4ac2-b862-49d6e7f801cb,agt-1004,bwilliams,LT-BWILLIAMS,aggregator,bwilliams,file_copy_count,8,,{},2026-06-09 23:59:00+00,HIGH,,2026-06-09 23:59:00+00
2725,pld-7b45c2ac-cb5a-4ac2-b862-49d6e7f801cb,agt-1004,bwilliams,LT-BWILLIAMS,aggregator,bwilliams,file_write_count,26,,{},2026-06-09 23:59:00+00,HIGH,,2026-06-09 23:59:00+00
2726,pld-7b45c2ac-cb5a-4ac2-b862-49d6e7f801cb,agt-1004,bwilliams,LT-BWILLIAMS,aggregator,bwilliams,file_delete_count,1,,{},2026-06-09 23:59:00+00,HIGH,,2026-06-09 23:59:00+00
2727,pld-7b45c2ac-cb5a-4ac2-b862-49d6e7f801cb,agt-1004,bwilliams,LT-BWILLIAMS,aggregator,bwilliams,file_access_after_hours,10,,{},2026-06-09 23:59:00+00,HIGH,,2026-06-09 23:59:00+00
2728,pld-7b45c2ac-cb5a-4ac2-b862-49d6e7f801cb,agt-1004,bwilliams,LT-BWILLIAMS,aggregator,bwilliams,http_count,728,,{},2026-06-09 23:59:00+00,HIGH,,2026-06-09 23:59:00+00
2729,pld-7b45c2ac-cb5a-4ac2-b862-49d6e7f801cb,agt-1004,bwilliams,LT-BWILLIAMS,aggregator,bwilliams,download_count,1,,{},2026-06-09 23:59:00+00,HIGH,,2026-06-09 23:59:00+00
2730,pld-7b45c2ac-cb5a-4ac2-b862-49d6e7f801cb,agt-1004,bwilliams,LT-BWILLIAMS,aggregator,bwilliams,http_after_hours,6,,{},2026-06-09 23:59:00+00,HIGH,,2026-06-09 23:59:00+00
2731,pld-4155c646-7293-407b-a5ab-5b0977c55a4c,agt-1005,cdavis,LT-CDAVIS,aggregator,cdavis,logon_count,1,,{},2026-06-09 23:59:00+00,HIGH,,2026-06-09 23:59:00+00
2732,pld-4155c646-7293-407b-a5ab-5b0977c55a4c,agt-1005,cdavis,LT-CDAVIS,aggregator,cdavis,logoff_count,2,,{},2026-06-09 23:59:00+00,HIGH,,2026-06-09 23:59:00+00
2733,pld-4155c646-7293-407b-a5ab-5b0977c55a4c,agt-1005,cdavis,LT-CDAVIS,aggregator,cdavis,file_access_count,299,,{},2026-06-09 23:59:00+00,HIGH,,2026-06-09 23:59:00+00
2734,pld-4155c646-7293-407b-a5ab-5b0977c55a4c,agt-1005,cdavis,LT-CDAVIS,aggregator,cdavis,file_open_count,183,,{},2026-06-09 23:59:00+00,HIGH,,2026-06-09 23:59:00+00
2735,pld-4155c646-7293-407b-a5ab-5b0977c55a4c,agt-1005,cdavis,LT-CDAVIS,aggregator,cdavis,file_copy_count,10,,{},2026-06-09 23:59:00+00,HIGH,,2026-06-09 23:59:00+00
2736,pld-4155c646-7293-407b-a5ab-5b0977c55a4c,agt-1005,cdavis,LT-CDAVIS,aggregator,cdavis,file_write_count,17,,{},2026-06-09 23:59:00+00,HIGH,,2026-06-09 23:59:00+00
2737,pld-4155c646-7293-407b-a5ab-5b0977c55a4c,agt-1005,cdavis,LT-CDAVIS,aggregator,cdavis,file_delete_count,4,,{},2026-06-09 23:59:00+00,HIGH,,2026-06-09 23:59:00+00
2738,pld-4155c646-7293-407b-a5ab-5b0977c55a4c,agt-1005,cdavis,LT-CDAVIS,aggregator,cdavis,file_access_after_hours,10,,{},2026-06-09 23:59:00+00,HIGH,,2026-06-09 23:59:00+00
2739,pld-4155c646-7293-407b-a5ab-5b0977c55a4c,agt-1005,cdavis,LT-CDAVIS,aggregator,cdavis,http_count,352,,{},2026-06-09 23:59:00+00,HIGH,,2026-06-09 23:59:00+00
2740,pld-4155c646-7293-407b-a5ab-5b0977c55a4c,agt-1005,cdavis,LT-CDAVIS,aggregator,cdavis,download_count,5,,{},2026-06-09 23:59:00+00,HIGH,,2026-06-09 23:59:00+00
2741,pld-4155c646-7293-407b-a5ab-5b0977c55a4c,agt-1005,cdavis,LT-CDAVIS,aggregator,cdavis,http_after_hours,7,,{},2026-06-09 23:59:00+00,HIGH,,2026-06-09 23:59:00+00
2742,pld-532c15ce-0564-4327-8168-c90deed9c256,agt-1006,mscott,LT-MSCOTT,aggregator,mscott,logon_count,1,,{},2026-06-09 23:59:00+00,HIGH,,2026-06-09 23:59:00+00
2743,pld-532c15ce-0564-4327-8168-c90deed9c256,agt-1006,mscott,LT-MSCOTT,aggregator,mscott,logoff_count,3,,{},2026-06-09 23:59:00+00,HIGH,,2026-06-09 23:59:00+00
2744,pld-532c15ce-0564-4327-8168-c90deed9c256,agt-1006,mscott,LT-MSCOTT,aggregator,mscott,file_access_count,351,,{},2026-06-09 23:59:00+00,HIGH,,2026-06-09 23:59:00+00
2745,pld-532c15ce-0564-4327-8168-c90deed9c256,agt-1006,mscott,LT-MSCOTT,aggregator,mscott,file_open_count,186,,{},2026-06-09 23:59:00+00,HIGH,,2026-06-09 23:59:00+00
2746,pld-532c15ce-0564-4327-8168-c90deed9c256,agt-1006,mscott,LT-MSCOTT,aggregator,mscott,file_copy_count,14,,{},2026-06-09 23:59:00+00,HIGH,,2026-06-09 23:59:00+00
2747,pld-532c15ce-0564-4327-8168-c90deed9c256,agt-1006,mscott,LT-MSCOTT,aggregator,mscott,file_write_count,36,,{},2026-06-09 23:59:00+00,HIGH,,2026-06-09 23:59:00+00
2748,pld-532c15ce-0564-4327-8168-c90deed9c256,agt-1006,mscott,LT-MSCOTT,aggregator,mscott,file_delete_count,5,,{},2026-06-09 23:59:00+00,HIGH,,2026-06-09 23:59:00+00
2749,pld-532c15ce-0564-4327-8168-c90deed9c256,agt-1006,mscott,LT-MSCOTT,aggregator,mscott,file_access_after_hours,1,,{},2026-06-09 23:59:00+00,HIGH,,2026-06-09 23:59:00+00
2750,pld-532c15ce-0564-4327-8168-c90deed9c256,agt-1006,mscott,LT-MSCOTT,aggregator,mscott,http_count,541,,{},2026-06-09 23:59:00+00,HIGH,,2026-06-09 23:59:00+00
2751,pld-532c15ce-0564-4327-8168-c90deed9c256,agt-1006,mscott,LT-MSCOTT,aggregator,mscott,download_count,4,,{},2026-06-09 23:59:00+00,HIGH,,2026-06-09 23:59:00+00
2752,pld-532c15ce-0564-4327-8168-c90deed9c256,agt-1006,mscott,LT-MSCOTT,aggregator,mscott,http_after_hours,8,,{},2026-06-09 23:59:00+00,HIGH,,2026-06-09 23:59:00+00
2753,pld-60dd0161-1907-4082-b875-c54978e63ea7,agt-1007,tjones,LT-TJONES,aggregator,tjones,logon_count,2,,{},2026-06-09 23:59:00+00,HIGH,,2026-06-09 23:59:00+00
2754,pld-60dd0161-1907-4082-b875-c54978e63ea7,agt-1007,tjones,LT-TJONES,aggregator,tjones,logoff_count,1,,{},2026-06-09 23:59:00+00,HIGH,,2026-06-09 23:59:00+00
2755,pld-60dd0161-1907-4082-b875-c54978e63ea7,agt-1007,tjones,LT-TJONES,aggregator,tjones,file_access_count,126,,{},2026-06-09 23:59:00+00,HIGH,,2026-06-09 23:59:00+00
2756,pld-60dd0161-1907-4082-b875-c54978e63ea7,agt-1007,tjones,LT-TJONES,aggregator,tjones,file_open_count,180,,{},2026-06-09 23:59:00+00,HIGH,,2026-06-09 23:59:00+00
2757,pld-60dd0161-1907-4082-b875-c54978e63ea7,agt-1007,tjones,LT-TJONES,aggregator,tjones,file_copy_count,17,,{},2026-06-09 23:59:00+00,HIGH,,2026-06-09 23:59:00+00
2758,pld-60dd0161-1907-4082-b875-c54978e63ea7,agt-1007,tjones,LT-TJONES,aggregator,tjones,file_write_count,30,,{},2026-06-09 23:59:00+00,HIGH,,2026-06-09 23:59:00+00
2759,pld-60dd0161-1907-4082-b875-c54978e63ea7,agt-1007,tjones,LT-TJONES,aggregator,tjones,file_delete_count,4,,{},2026-06-09 23:59:00+00,HIGH,,2026-06-09 23:59:00+00
2760,pld-60dd0161-1907-4082-b875-c54978e63ea7,agt-1007,tjones,LT-TJONES,aggregator,tjones,http_count,904,,{},2026-06-09 23:59:00+00,HIGH,,2026-06-09 23:59:00+00
2761,pld-60dd0161-1907-4082-b875-c54978e63ea7,agt-1007,tjones,LT-TJONES,aggregator,tjones,download_count,2,,{},2026-06-09 23:59:00+00,HIGH,,2026-06-09 23:59:00+00
2762,pld-60dd0161-1907-4082-b875-c54978e63ea7,agt-1007,tjones,LT-TJONES,aggregator,tjones,http_after_hours,20,,{},2026-06-09 23:59:00+00,HIGH,,2026-06-09 23:59:00+00
2763,pld-8ad6d7d7-8939-4b9e-ac38-77e228f813d4,agt-1008,rwilson,LT-RWILSON,aggregator,rwilson,logon_count,2,,{},2026-06-09 23:59:00+00,HIGH,,2026-06-09 23:59:00+00
2764,pld-8ad6d7d7-8939-4b9e-ac38-77e228f813d4,agt-1008,rwilson,LT-RWILSON,aggregator,rwilson,logoff_count,2,,{},2026-06-09 23:59:00+00,HIGH,,2026-06-09 23:59:00+00
2765,pld-8ad6d7d7-8939-4b9e-ac38-77e228f813d4,agt-1008,rwilson,LT-RWILSON,aggregator,rwilson,file_access_count,186,,{},2026-06-09 23:59:00+00,HIGH,,2026-06-09 23:59:00+00
2766,pld-8ad6d7d7-8939-4b9e-ac38-77e228f813d4,agt-1008,rwilson,LT-RWILSON,aggregator,rwilson,file_open_count,144,,{},2026-06-09 23:59:00+00,HIGH,,2026-06-09 23:59:00+00
2767,pld-8ad6d7d7-8939-4b9e-ac38-77e228f813d4,agt-1008,rwilson,LT-RWILSON,aggregator,rwilson,file_copy_count,7,,{},2026-06-09 23:59:00+00,HIGH,,2026-06-09 23:59:00+00
2768,pld-8ad6d7d7-8939-4b9e-ac38-77e228f813d4,agt-1008,rwilson,LT-RWILSON,aggregator,rwilson,file_write_count,12,,{},2026-06-09 23:59:00+00,HIGH,,2026-06-09 23:59:00+00
2769,pld-8ad6d7d7-8939-4b9e-ac38-77e228f813d4,agt-1008,rwilson,LT-RWILSON,aggregator,rwilson,file_access_after_hours,4,,{},2026-06-09 23:59:00+00,HIGH,,2026-06-09 23:59:00+00
2770,pld-8ad6d7d7-8939-4b9e-ac38-77e228f813d4,agt-1008,rwilson,LT-RWILSON,aggregator,rwilson,http_count,808,,{},2026-06-09 23:59:00+00,HIGH,,2026-06-09 23:59:00+00
2771,pld-8ad6d7d7-8939-4b9e-ac38-77e228f813d4,agt-1008,rwilson,LT-RWILSON,aggregator,rwilson,download_count,4,,{},2026-06-09 23:59:00+00,HIGH,,2026-06-09 23:59:00+00
2772,pld-e983bf65-be21-4fe2-a408-bcd9281316e7,agt-1009,esnow,LT-ESNOW,aggregator,esnow,logon_count,1,,{},2026-06-09 23:59:00+00,HIGH,,2026-06-09 23:59:00+00
2773,pld-e983bf65-be21-4fe2-a408-bcd9281316e7,agt-1009,esnow,LT-ESNOW,aggregator,esnow,logoff_count,1,,{},2026-06-09 23:59:00+00,HIGH,,2026-06-09 23:59:00+00
2774,pld-e983bf65-be21-4fe2-a408-bcd9281316e7,agt-1009,esnow,LT-ESNOW,aggregator,esnow,file_access_count,189,,{},2026-06-09 23:59:00+00,HIGH,,2026-06-09 23:59:00+00
2775,pld-e983bf65-be21-4fe2-a408-bcd9281316e7,agt-1009,esnow,LT-ESNOW,aggregator,esnow,file_open_count,176,,{},2026-06-09 23:59:00+00,HIGH,,2026-06-09 23:59:00+00
2776,pld-e983bf65-be21-4fe2-a408-bcd9281316e7,agt-1009,esnow,LT-ESNOW,aggregator,esnow,file_copy_count,20,,{},2026-06-09 23:59:00+00,HIGH,,2026-06-09 23:59:00+00
2777,pld-e983bf65-be21-4fe2-a408-bcd9281316e7,agt-1009,esnow,LT-ESNOW,aggregator,esnow,file_write_count,42,,{},2026-06-09 23:59:00+00,HIGH,,2026-06-09 23:59:00+00
2778,pld-e983bf65-be21-4fe2-a408-bcd9281316e7,agt-1009,esnow,LT-ESNOW,aggregator,esnow,file_delete_count,1,,{},2026-06-09 23:59:00+00,HIGH,,2026-06-09 23:59:00+00
2779,pld-e983bf65-be21-4fe2-a408-bcd9281316e7,agt-1009,esnow,LT-ESNOW,aggregator,esnow,file_access_after_hours,9,,{},2026-06-09 23:59:00+00,HIGH,,2026-06-09 23:59:00+00
2780,pld-e983bf65-be21-4fe2-a408-bcd9281316e7,agt-1009,esnow,LT-ESNOW,aggregator,esnow,http_count,932,,{},2026-06-09 23:59:00+00,HIGH,,2026-06-09 23:59:00+00
2781,pld-e983bf65-be21-4fe2-a408-bcd9281316e7,agt-1009,esnow,LT-ESNOW,aggregator,esnow,job_search_site_visits,5,,{},2026-06-09 23:59:00+00,HIGH,,2026-06-09 23:59:00+00
2782,pld-e983bf65-be21-4fe2-a408-bcd9281316e7,agt-1009,esnow,LT-ESNOW,aggregator,esnow,download_count,1,,{},2026-06-09 23:59:00+00,HIGH,,2026-06-09 23:59:00+00
2783,pld-e983bf65-be21-4fe2-a408-bcd9281316e7,agt-1009,esnow,LT-ESNOW,aggregator,esnow,http_after_hours,13,,{},2026-06-09 23:59:00+00,HIGH,,2026-06-09 23:59:00+00
2784,pld-b2c6d632-5aa9-4b83-bdd0-272dc03265c8,agt-1010,badmin,LT-BADMIN,aggregator,badmin,logon_count,3,,{},2026-06-09 23:59:00+00,HIGH,,2026-06-09 23:59:00+00
2785,pld-b2c6d632-5aa9-4b83-bdd0-272dc03265c8,agt-1010,badmin,LT-BADMIN,aggregator,badmin,logoff_count,3,,{},2026-06-09 23:59:00+00,HIGH,,2026-06-09 23:59:00+00
2786,pld-b2c6d632-5aa9-4b83-bdd0-272dc03265c8,agt-1010,badmin,LT-BADMIN,aggregator,badmin,file_access_count,210,,{},2026-06-09 23:59:00+00,HIGH,,2026-06-09 23:59:00+00
2787,pld-b2c6d632-5aa9-4b83-bdd0-272dc03265c8,agt-1010,badmin,LT-BADMIN,aggregator,badmin,file_open_count,83,,{},2026-06-09 23:59:00+00,HIGH,,2026-06-09 23:59:00+00
2788,pld-b2c6d632-5aa9-4b83-bdd0-272dc03265c8,agt-1010,badmin,LT-BADMIN,aggregator,badmin,file_copy_count,10,,{},2026-06-09 23:59:00+00,HIGH,,2026-06-09 23:59:00+00
2789,pld-b2c6d632-5aa9-4b83-bdd0-272dc03265c8,agt-1010,badmin,LT-BADMIN,aggregator,badmin,file_write_count,46,,{},2026-06-09 23:59:00+00,HIGH,,2026-06-09 23:59:00+00
2790,pld-b2c6d632-5aa9-4b83-bdd0-272dc03265c8,agt-1010,badmin,LT-BADMIN,aggregator,badmin,file_delete_count,3,,{},2026-06-09 23:59:00+00,HIGH,,2026-06-09 23:59:00+00
2791,pld-b2c6d632-5aa9-4b83-bdd0-272dc03265c8,agt-1010,badmin,LT-BADMIN,aggregator,badmin,file_access_after_hours,1,,{},2026-06-09 23:59:00+00,HIGH,,2026-06-09 23:59:00+00
2792,pld-b2c6d632-5aa9-4b83-bdd0-272dc03265c8,agt-1010,badmin,LT-BADMIN,aggregator,badmin,http_count,847,,{},2026-06-09 23:59:00+00,HIGH,,2026-06-09 23:59:00+00
2793,pld-b2c6d632-5aa9-4b83-bdd0-272dc03265c8,agt-1010,badmin,LT-BADMIN,aggregator,badmin,http_after_hours,3,,{},2026-06-09 23:59:00+00,HIGH,,2026-06-09 23:59:00+00
2794,pld-07585c71-9b99-4d3a-853a-f66c1aad2463,agt-1001,jdoe,LT-JDOE,aggregator,jdoe,logon_count,3,,{},2026-06-10 23:59:00+00,HIGH,,2026-06-10 23:59:00+00
2795,pld-07585c71-9b99-4d3a-853a-f66c1aad2463,agt-1001,jdoe,LT-JDOE,aggregator,jdoe,logoff_count,1,,{},2026-06-10 23:59:00+00,HIGH,,2026-06-10 23:59:00+00
2796,pld-07585c71-9b99-4d3a-853a-f66c1aad2463,agt-1001,jdoe,LT-JDOE,aggregator,jdoe,file_access_count,437,,{},2026-06-10 23:59:00+00,HIGH,,2026-06-10 23:59:00+00
2797,pld-07585c71-9b99-4d3a-853a-f66c1aad2463,agt-1001,jdoe,LT-JDOE,aggregator,jdoe,file_open_count,153,,{},2026-06-10 23:59:00+00,HIGH,,2026-06-10 23:59:00+00
2798,pld-07585c71-9b99-4d3a-853a-f66c1aad2463,agt-1001,jdoe,LT-JDOE,aggregator,jdoe,file_copy_count,18,,{},2026-06-10 23:59:00+00,HIGH,,2026-06-10 23:59:00+00
2799,pld-07585c71-9b99-4d3a-853a-f66c1aad2463,agt-1001,jdoe,LT-JDOE,aggregator,jdoe,file_write_count,46,,{},2026-06-10 23:59:00+00,HIGH,,2026-06-10 23:59:00+00
2800,pld-07585c71-9b99-4d3a-853a-f66c1aad2463,agt-1001,jdoe,LT-JDOE,aggregator,jdoe,file_delete_count,1,,{},2026-06-10 23:59:00+00,HIGH,,2026-06-10 23:59:00+00
2801,pld-07585c71-9b99-4d3a-853a-f66c1aad2463,agt-1001,jdoe,LT-JDOE,aggregator,jdoe,file_access_after_hours,5,,{},2026-06-10 23:59:00+00,HIGH,,2026-06-10 23:59:00+00
2802,pld-07585c71-9b99-4d3a-853a-f66c1aad2463,agt-1001,jdoe,LT-JDOE,aggregator,jdoe,http_count,440,,{},2026-06-10 23:59:00+00,HIGH,,2026-06-10 23:59:00+00
2803,pld-07585c71-9b99-4d3a-853a-f66c1aad2463,agt-1001,jdoe,LT-JDOE,aggregator,jdoe,http_after_hours,14,,{},2026-06-10 23:59:00+00,HIGH,,2026-06-10 23:59:00+00
2804,pld-1a41b5b3-635c-4ff2-9565-da67edfc8842,agt-1002,asmith,LT-ASMITH,aggregator,asmith,logon_count,2,,{},2026-06-10 23:59:00+00,HIGH,,2026-06-10 23:59:00+00
2805,pld-1a41b5b3-635c-4ff2-9565-da67edfc8842,agt-1002,asmith,LT-ASMITH,aggregator,asmith,logoff_count,3,,{},2026-06-10 23:59:00+00,HIGH,,2026-06-10 23:59:00+00
2806,pld-1a41b5b3-635c-4ff2-9565-da67edfc8842,agt-1002,asmith,LT-ASMITH,aggregator,asmith,file_access_count,276,,{},2026-06-10 23:59:00+00,HIGH,,2026-06-10 23:59:00+00
2807,pld-1a41b5b3-635c-4ff2-9565-da67edfc8842,agt-1002,asmith,LT-ASMITH,aggregator,asmith,file_open_count,139,,{},2026-06-10 23:59:00+00,HIGH,,2026-06-10 23:59:00+00
2808,pld-1a41b5b3-635c-4ff2-9565-da67edfc8842,agt-1002,asmith,LT-ASMITH,aggregator,asmith,file_copy_count,5,,{},2026-06-10 23:59:00+00,HIGH,,2026-06-10 23:59:00+00
2809,pld-1a41b5b3-635c-4ff2-9565-da67edfc8842,agt-1002,asmith,LT-ASMITH,aggregator,asmith,file_write_count,40,,{},2026-06-10 23:59:00+00,HIGH,,2026-06-10 23:59:00+00
2810,pld-1a41b5b3-635c-4ff2-9565-da67edfc8842,agt-1002,asmith,LT-ASMITH,aggregator,asmith,file_delete_count,5,,{},2026-06-10 23:59:00+00,HIGH,,2026-06-10 23:59:00+00
2811,pld-1a41b5b3-635c-4ff2-9565-da67edfc8842,agt-1002,asmith,LT-ASMITH,aggregator,asmith,file_access_after_hours,2,,{},2026-06-10 23:59:00+00,HIGH,,2026-06-10 23:59:00+00
2812,pld-1a41b5b3-635c-4ff2-9565-da67edfc8842,agt-1002,asmith,LT-ASMITH,aggregator,asmith,http_count,404,,{},2026-06-10 23:59:00+00,HIGH,,2026-06-10 23:59:00+00
2813,pld-1a41b5b3-635c-4ff2-9565-da67edfc8842,agt-1002,asmith,LT-ASMITH,aggregator,asmith,download_count,5,,{},2026-06-10 23:59:00+00,HIGH,,2026-06-10 23:59:00+00
2814,pld-1a41b5b3-635c-4ff2-9565-da67edfc8842,agt-1002,asmith,LT-ASMITH,aggregator,asmith,http_after_hours,5,,{},2026-06-10 23:59:00+00,HIGH,,2026-06-10 23:59:00+00
2815,pld-bfa71251-1ddb-4755-a868-81fbb8245827,agt-1003,mjones,LT-MJONES,aggregator,mjones,logon_count,3,,{},2026-06-10 23:59:00+00,HIGH,,2026-06-10 23:59:00+00
2816,pld-bfa71251-1ddb-4755-a868-81fbb8245827,agt-1003,mjones,LT-MJONES,aggregator,mjones,logoff_count,2,,{},2026-06-10 23:59:00+00,HIGH,,2026-06-10 23:59:00+00
2817,pld-bfa71251-1ddb-4755-a868-81fbb8245827,agt-1003,mjones,LT-MJONES,aggregator,mjones,file_access_count,485,,{},2026-06-10 23:59:00+00,HIGH,,2026-06-10 23:59:00+00
2818,pld-bfa71251-1ddb-4755-a868-81fbb8245827,agt-1003,mjones,LT-MJONES,aggregator,mjones,file_open_count,158,,{},2026-06-10 23:59:00+00,HIGH,,2026-06-10 23:59:00+00
2819,pld-bfa71251-1ddb-4755-a868-81fbb8245827,agt-1003,mjones,LT-MJONES,aggregator,mjones,file_copy_count,16,,{},2026-06-10 23:59:00+00,HIGH,,2026-06-10 23:59:00+00
2820,pld-bfa71251-1ddb-4755-a868-81fbb8245827,agt-1003,mjones,LT-MJONES,aggregator,mjones,file_write_count,33,,{},2026-06-10 23:59:00+00,HIGH,,2026-06-10 23:59:00+00
2821,pld-bfa71251-1ddb-4755-a868-81fbb8245827,agt-1003,mjones,LT-MJONES,aggregator,mjones,file_delete_count,4,,{},2026-06-10 23:59:00+00,HIGH,,2026-06-10 23:59:00+00
2822,pld-bfa71251-1ddb-4755-a868-81fbb8245827,agt-1003,mjones,LT-MJONES,aggregator,mjones,file_access_after_hours,8,,{},2026-06-10 23:59:00+00,HIGH,,2026-06-10 23:59:00+00
2823,pld-bfa71251-1ddb-4755-a868-81fbb8245827,agt-1003,mjones,LT-MJONES,aggregator,mjones,http_count,422,,{},2026-06-10 23:59:00+00,HIGH,,2026-06-10 23:59:00+00
2824,pld-bfa71251-1ddb-4755-a868-81fbb8245827,agt-1003,mjones,LT-MJONES,aggregator,mjones,download_count,3,,{},2026-06-10 23:59:00+00,HIGH,,2026-06-10 23:59:00+00
2825,pld-bfa71251-1ddb-4755-a868-81fbb8245827,agt-1003,mjones,LT-MJONES,aggregator,mjones,http_after_hours,2,,{},2026-06-10 23:59:00+00,HIGH,,2026-06-10 23:59:00+00
2826,pld-f9d9f87d-5b3c-477a-87d2-81a0db0f2803,agt-1004,bwilliams,LT-BWILLIAMS,aggregator,bwilliams,logon_count,1,,{},2026-06-10 23:59:00+00,HIGH,,2026-06-10 23:59:00+00
2827,pld-f9d9f87d-5b3c-477a-87d2-81a0db0f2803,agt-1004,bwilliams,LT-BWILLIAMS,aggregator,bwilliams,logoff_count,2,,{},2026-06-10 23:59:00+00,HIGH,,2026-06-10 23:59:00+00
2828,pld-f9d9f87d-5b3c-477a-87d2-81a0db0f2803,agt-1004,bwilliams,LT-BWILLIAMS,aggregator,bwilliams,file_access_count,193,,{},2026-06-10 23:59:00+00,HIGH,,2026-06-10 23:59:00+00
2829,pld-f9d9f87d-5b3c-477a-87d2-81a0db0f2803,agt-1004,bwilliams,LT-BWILLIAMS,aggregator,bwilliams,file_open_count,171,,{},2026-06-10 23:59:00+00,HIGH,,2026-06-10 23:59:00+00
2830,pld-f9d9f87d-5b3c-477a-87d2-81a0db0f2803,agt-1004,bwilliams,LT-BWILLIAMS,aggregator,bwilliams,file_copy_count,10,,{},2026-06-10 23:59:00+00,HIGH,,2026-06-10 23:59:00+00
2831,pld-f9d9f87d-5b3c-477a-87d2-81a0db0f2803,agt-1004,bwilliams,LT-BWILLIAMS,aggregator,bwilliams,file_write_count,40,,{},2026-06-10 23:59:00+00,HIGH,,2026-06-10 23:59:00+00
2832,pld-f9d9f87d-5b3c-477a-87d2-81a0db0f2803,agt-1004,bwilliams,LT-BWILLIAMS,aggregator,bwilliams,file_delete_count,2,,{},2026-06-10 23:59:00+00,HIGH,,2026-06-10 23:59:00+00
2833,pld-f9d9f87d-5b3c-477a-87d2-81a0db0f2803,agt-1004,bwilliams,LT-BWILLIAMS,aggregator,bwilliams,file_access_after_hours,3,,{},2026-06-10 23:59:00+00,HIGH,,2026-06-10 23:59:00+00
2834,pld-f9d9f87d-5b3c-477a-87d2-81a0db0f2803,agt-1004,bwilliams,LT-BWILLIAMS,aggregator,bwilliams,http_count,440,,{},2026-06-10 23:59:00+00,HIGH,,2026-06-10 23:59:00+00
2835,pld-f9d9f87d-5b3c-477a-87d2-81a0db0f2803,agt-1004,bwilliams,LT-BWILLIAMS,aggregator,bwilliams,download_count,1,,{},2026-06-10 23:59:00+00,HIGH,,2026-06-10 23:59:00+00
2836,pld-f9d9f87d-5b3c-477a-87d2-81a0db0f2803,agt-1004,bwilliams,LT-BWILLIAMS,aggregator,bwilliams,http_after_hours,14,,{},2026-06-10 23:59:00+00,HIGH,,2026-06-10 23:59:00+00
2837,pld-bb6f6dc5-8241-467c-8721-74ff4776fcc6,agt-1005,cdavis,LT-CDAVIS,aggregator,cdavis,logon_count,1,,{},2026-06-10 23:59:00+00,HIGH,,2026-06-10 23:59:00+00
2838,pld-bb6f6dc5-8241-467c-8721-74ff4776fcc6,agt-1005,cdavis,LT-CDAVIS,aggregator,cdavis,logoff_count,1,,{},2026-06-10 23:59:00+00,HIGH,,2026-06-10 23:59:00+00
2839,pld-bb6f6dc5-8241-467c-8721-74ff4776fcc6,agt-1005,cdavis,LT-CDAVIS,aggregator,cdavis,file_access_count,166,,{},2026-06-10 23:59:00+00,HIGH,,2026-06-10 23:59:00+00
2840,pld-bb6f6dc5-8241-467c-8721-74ff4776fcc6,agt-1005,cdavis,LT-CDAVIS,aggregator,cdavis,file_open_count,115,,{},2026-06-10 23:59:00+00,HIGH,,2026-06-10 23:59:00+00
2841,pld-bb6f6dc5-8241-467c-8721-74ff4776fcc6,agt-1005,cdavis,LT-CDAVIS,aggregator,cdavis,file_copy_count,19,,{},2026-06-10 23:59:00+00,HIGH,,2026-06-10 23:59:00+00
2842,pld-bb6f6dc5-8241-467c-8721-74ff4776fcc6,agt-1005,cdavis,LT-CDAVIS,aggregator,cdavis,file_write_count,45,,{},2026-06-10 23:59:00+00,HIGH,,2026-06-10 23:59:00+00
2843,pld-bb6f6dc5-8241-467c-8721-74ff4776fcc6,agt-1005,cdavis,LT-CDAVIS,aggregator,cdavis,file_delete_count,2,,{},2026-06-10 23:59:00+00,HIGH,,2026-06-10 23:59:00+00
2844,pld-bb6f6dc5-8241-467c-8721-74ff4776fcc6,agt-1005,cdavis,LT-CDAVIS,aggregator,cdavis,file_access_after_hours,9,,{},2026-06-10 23:59:00+00,HIGH,,2026-06-10 23:59:00+00
2845,pld-bb6f6dc5-8241-467c-8721-74ff4776fcc6,agt-1005,cdavis,LT-CDAVIS,aggregator,cdavis,http_count,395,,{},2026-06-10 23:59:00+00,HIGH,,2026-06-10 23:59:00+00
2846,pld-bb6f6dc5-8241-467c-8721-74ff4776fcc6,agt-1005,cdavis,LT-CDAVIS,aggregator,cdavis,download_count,5,,{},2026-06-10 23:59:00+00,HIGH,,2026-06-10 23:59:00+00
2847,pld-bb6f6dc5-8241-467c-8721-74ff4776fcc6,agt-1005,cdavis,LT-CDAVIS,aggregator,cdavis,http_after_hours,8,,{},2026-06-10 23:59:00+00,HIGH,,2026-06-10 23:59:00+00
2848,pld-436dc0fb-9a9d-4008-86e7-11652a451704,agt-1006,mscott,LT-MSCOTT,aggregator,mscott,logon_count,2,,{},2026-06-10 23:59:00+00,HIGH,,2026-06-10 23:59:00+00
2849,pld-436dc0fb-9a9d-4008-86e7-11652a451704,agt-1006,mscott,LT-MSCOTT,aggregator,mscott,logoff_count,2,,{},2026-06-10 23:59:00+00,HIGH,,2026-06-10 23:59:00+00
2850,pld-436dc0fb-9a9d-4008-86e7-11652a451704,agt-1006,mscott,LT-MSCOTT,aggregator,mscott,file_access_count,370,,{},2026-06-10 23:59:00+00,HIGH,,2026-06-10 23:59:00+00
2851,pld-436dc0fb-9a9d-4008-86e7-11652a451704,agt-1006,mscott,LT-MSCOTT,aggregator,mscott,file_open_count,194,,{},2026-06-10 23:59:00+00,HIGH,,2026-06-10 23:59:00+00
2852,pld-436dc0fb-9a9d-4008-86e7-11652a451704,agt-1006,mscott,LT-MSCOTT,aggregator,mscott,file_copy_count,11,,{},2026-06-10 23:59:00+00,HIGH,,2026-06-10 23:59:00+00
2853,pld-436dc0fb-9a9d-4008-86e7-11652a451704,agt-1006,mscott,LT-MSCOTT,aggregator,mscott,file_write_count,27,,{},2026-06-10 23:59:00+00,HIGH,,2026-06-10 23:59:00+00
2854,pld-436dc0fb-9a9d-4008-86e7-11652a451704,agt-1006,mscott,LT-MSCOTT,aggregator,mscott,file_delete_count,4,,{},2026-06-10 23:59:00+00,HIGH,,2026-06-10 23:59:00+00
2855,pld-436dc0fb-9a9d-4008-86e7-11652a451704,agt-1006,mscott,LT-MSCOTT,aggregator,mscott,file_access_after_hours,9,,{},2026-06-10 23:59:00+00,HIGH,,2026-06-10 23:59:00+00
2856,pld-436dc0fb-9a9d-4008-86e7-11652a451704,agt-1006,mscott,LT-MSCOTT,aggregator,mscott,http_count,849,,{},2026-06-10 23:59:00+00,HIGH,,2026-06-10 23:59:00+00
2857,pld-436dc0fb-9a9d-4008-86e7-11652a451704,agt-1006,mscott,LT-MSCOTT,aggregator,mscott,download_count,1,,{},2026-06-10 23:59:00+00,HIGH,,2026-06-10 23:59:00+00
2858,pld-436dc0fb-9a9d-4008-86e7-11652a451704,agt-1006,mscott,LT-MSCOTT,aggregator,mscott,http_after_hours,3,,{},2026-06-10 23:59:00+00,HIGH,,2026-06-10 23:59:00+00
2859,pld-687e4a68-280e-4156-9c7d-bcd9904a898f,agt-1007,tjones,LT-TJONES,aggregator,tjones,logon_count,2,,{},2026-06-10 23:59:00+00,HIGH,,2026-06-10 23:59:00+00
2860,pld-687e4a68-280e-4156-9c7d-bcd9904a898f,agt-1007,tjones,LT-TJONES,aggregator,tjones,logoff_count,2,,{},2026-06-10 23:59:00+00,HIGH,,2026-06-10 23:59:00+00
2861,pld-687e4a68-280e-4156-9c7d-bcd9904a898f,agt-1007,tjones,LT-TJONES,aggregator,tjones,file_access_count,294,,{},2026-06-10 23:59:00+00,HIGH,,2026-06-10 23:59:00+00
2862,pld-687e4a68-280e-4156-9c7d-bcd9904a898f,agt-1007,tjones,LT-TJONES,aggregator,tjones,file_open_count,51,,{},2026-06-10 23:59:00+00,HIGH,,2026-06-10 23:59:00+00
2863,pld-687e4a68-280e-4156-9c7d-bcd9904a898f,agt-1007,tjones,LT-TJONES,aggregator,tjones,file_copy_count,19,,{},2026-06-10 23:59:00+00,HIGH,,2026-06-10 23:59:00+00
2864,pld-687e4a68-280e-4156-9c7d-bcd9904a898f,agt-1007,tjones,LT-TJONES,aggregator,tjones,file_write_count,34,,{},2026-06-10 23:59:00+00,HIGH,,2026-06-10 23:59:00+00
2865,pld-687e4a68-280e-4156-9c7d-bcd9904a898f,agt-1007,tjones,LT-TJONES,aggregator,tjones,file_delete_count,1,,{},2026-06-10 23:59:00+00,HIGH,,2026-06-10 23:59:00+00
2866,pld-687e4a68-280e-4156-9c7d-bcd9904a898f,agt-1007,tjones,LT-TJONES,aggregator,tjones,file_access_after_hours,3,,{},2026-06-10 23:59:00+00,HIGH,,2026-06-10 23:59:00+00
2867,pld-687e4a68-280e-4156-9c7d-bcd9904a898f,agt-1007,tjones,LT-TJONES,aggregator,tjones,http_count,812,,{},2026-06-10 23:59:00+00,HIGH,,2026-06-10 23:59:00+00
2868,pld-687e4a68-280e-4156-9c7d-bcd9904a898f,agt-1007,tjones,LT-TJONES,aggregator,tjones,download_count,2,,{},2026-06-10 23:59:00+00,HIGH,,2026-06-10 23:59:00+00
2869,pld-687e4a68-280e-4156-9c7d-bcd9904a898f,agt-1007,tjones,LT-TJONES,aggregator,tjones,http_after_hours,11,,{},2026-06-10 23:59:00+00,HIGH,,2026-06-10 23:59:00+00
2870,pld-b6ec087e-37a2-4f12-b37a-c96b61294802,agt-1008,rwilson,LT-RWILSON,aggregator,rwilson,logon_count,2,,{},2026-06-10 23:59:00+00,HIGH,,2026-06-10 23:59:00+00
2871,pld-b6ec087e-37a2-4f12-b37a-c96b61294802,agt-1008,rwilson,LT-RWILSON,aggregator,rwilson,logoff_count,1,,{},2026-06-10 23:59:00+00,HIGH,,2026-06-10 23:59:00+00
2872,pld-b6ec087e-37a2-4f12-b37a-c96b61294802,agt-1008,rwilson,LT-RWILSON,aggregator,rwilson,file_access_count,369,,{},2026-06-10 23:59:00+00,HIGH,,2026-06-10 23:59:00+00
2873,pld-b6ec087e-37a2-4f12-b37a-c96b61294802,agt-1008,rwilson,LT-RWILSON,aggregator,rwilson,file_open_count,146,,{},2026-06-10 23:59:00+00,HIGH,,2026-06-10 23:59:00+00
2874,pld-b6ec087e-37a2-4f12-b37a-c96b61294802,agt-1008,rwilson,LT-RWILSON,aggregator,rwilson,file_copy_count,15,,{},2026-06-10 23:59:00+00,HIGH,,2026-06-10 23:59:00+00
2875,pld-b6ec087e-37a2-4f12-b37a-c96b61294802,agt-1008,rwilson,LT-RWILSON,aggregator,rwilson,file_write_count,40,,{},2026-06-10 23:59:00+00,HIGH,,2026-06-10 23:59:00+00
2876,pld-b6ec087e-37a2-4f12-b37a-c96b61294802,agt-1008,rwilson,LT-RWILSON,aggregator,rwilson,file_delete_count,4,,{},2026-06-10 23:59:00+00,HIGH,,2026-06-10 23:59:00+00
2877,pld-b6ec087e-37a2-4f12-b37a-c96b61294802,agt-1008,rwilson,LT-RWILSON,aggregator,rwilson,file_access_after_hours,7,,{},2026-06-10 23:59:00+00,HIGH,,2026-06-10 23:59:00+00
2878,pld-b6ec087e-37a2-4f12-b37a-c96b61294802,agt-1008,rwilson,LT-RWILSON,aggregator,rwilson,http_count,485,,{},2026-06-10 23:59:00+00,HIGH,,2026-06-10 23:59:00+00
2879,pld-b6ec087e-37a2-4f12-b37a-c96b61294802,agt-1008,rwilson,LT-RWILSON,aggregator,rwilson,download_count,3,,{},2026-06-10 23:59:00+00,HIGH,,2026-06-10 23:59:00+00
2880,pld-b6ec087e-37a2-4f12-b37a-c96b61294802,agt-1008,rwilson,LT-RWILSON,aggregator,rwilson,http_after_hours,9,,{},2026-06-10 23:59:00+00,HIGH,,2026-06-10 23:59:00+00
2881,pld-cbe3c612-2bf0-4816-abf3-4aa4c48f96d3,agt-1009,esnow,LT-ESNOW,aggregator,esnow,logon_count,3,,{},2026-06-10 23:59:00+00,HIGH,,2026-06-10 23:59:00+00
2882,pld-cbe3c612-2bf0-4816-abf3-4aa4c48f96d3,agt-1009,esnow,LT-ESNOW,aggregator,esnow,logoff_count,1,,{},2026-06-10 23:59:00+00,HIGH,,2026-06-10 23:59:00+00
2883,pld-cbe3c612-2bf0-4816-abf3-4aa4c48f96d3,agt-1009,esnow,LT-ESNOW,aggregator,esnow,file_access_count,497,,{},2026-06-10 23:59:00+00,HIGH,,2026-06-10 23:59:00+00
2884,pld-cbe3c612-2bf0-4816-abf3-4aa4c48f96d3,agt-1009,esnow,LT-ESNOW,aggregator,esnow,file_open_count,110,,{},2026-06-10 23:59:00+00,HIGH,,2026-06-10 23:59:00+00
2885,pld-cbe3c612-2bf0-4816-abf3-4aa4c48f96d3,agt-1009,esnow,LT-ESNOW,aggregator,esnow,file_copy_count,16,,{},2026-06-10 23:59:00+00,HIGH,,2026-06-10 23:59:00+00
2886,pld-cbe3c612-2bf0-4816-abf3-4aa4c48f96d3,agt-1009,esnow,LT-ESNOW,aggregator,esnow,file_write_count,42,,{},2026-06-10 23:59:00+00,HIGH,,2026-06-10 23:59:00+00
2887,pld-cbe3c612-2bf0-4816-abf3-4aa4c48f96d3,agt-1009,esnow,LT-ESNOW,aggregator,esnow,file_delete_count,4,,{},2026-06-10 23:59:00+00,HIGH,,2026-06-10 23:59:00+00
2888,pld-cbe3c612-2bf0-4816-abf3-4aa4c48f96d3,agt-1009,esnow,LT-ESNOW,aggregator,esnow,file_access_after_hours,10,,{},2026-06-10 23:59:00+00,HIGH,,2026-06-10 23:59:00+00
2889,pld-cbe3c612-2bf0-4816-abf3-4aa4c48f96d3,agt-1009,esnow,LT-ESNOW,aggregator,esnow,http_count,597,,{},2026-06-10 23:59:00+00,HIGH,,2026-06-10 23:59:00+00
2890,pld-cbe3c612-2bf0-4816-abf3-4aa4c48f96d3,agt-1009,esnow,LT-ESNOW,aggregator,esnow,job_search_site_visits,7,,{},2026-06-10 23:59:00+00,HIGH,,2026-06-10 23:59:00+00
2891,pld-cbe3c612-2bf0-4816-abf3-4aa4c48f96d3,agt-1009,esnow,LT-ESNOW,aggregator,esnow,download_count,2,,{},2026-06-10 23:59:00+00,HIGH,,2026-06-10 23:59:00+00
2892,pld-cbe3c612-2bf0-4816-abf3-4aa4c48f96d3,agt-1009,esnow,LT-ESNOW,aggregator,esnow,http_after_hours,13,,{},2026-06-10 23:59:00+00,HIGH,,2026-06-10 23:59:00+00
2893,pld-a1479501-6a14-4445-b302-d6f0540d240e,agt-1010,badmin,LT-BADMIN,aggregator,badmin,logon_count,1,,{},2026-06-10 23:59:00+00,HIGH,,2026-06-10 23:59:00+00
2894,pld-a1479501-6a14-4445-b302-d6f0540d240e,agt-1010,badmin,LT-BADMIN,aggregator,badmin,logoff_count,1,,{},2026-06-10 23:59:00+00,HIGH,,2026-06-10 23:59:00+00
2895,pld-a1479501-6a14-4445-b302-d6f0540d240e,agt-1010,badmin,LT-BADMIN,aggregator,badmin,after_hours_logon,1,,{},2026-06-10 23:59:00+00,HIGH,,2026-06-10 23:59:00+00
2896,pld-a1479501-6a14-4445-b302-d6f0540d240e,agt-1010,badmin,LT-BADMIN,aggregator,badmin,file_access_count,484,,{},2026-06-10 23:59:00+00,HIGH,,2026-06-10 23:59:00+00
2897,pld-a1479501-6a14-4445-b302-d6f0540d240e,agt-1010,badmin,LT-BADMIN,aggregator,badmin,file_open_count,100,,{},2026-06-10 23:59:00+00,HIGH,,2026-06-10 23:59:00+00
2898,pld-a1479501-6a14-4445-b302-d6f0540d240e,agt-1010,badmin,LT-BADMIN,aggregator,badmin,file_copy_count,18,,{},2026-06-10 23:59:00+00,HIGH,,2026-06-10 23:59:00+00
2899,pld-a1479501-6a14-4445-b302-d6f0540d240e,agt-1010,badmin,LT-BADMIN,aggregator,badmin,file_write_count,33,,{},2026-06-10 23:59:00+00,HIGH,,2026-06-10 23:59:00+00
2900,pld-a1479501-6a14-4445-b302-d6f0540d240e,agt-1010,badmin,LT-BADMIN,aggregator,badmin,file_delete_count,12886,,{},2026-06-10 23:59:00+00,HIGH,,2026-06-10 23:59:00+00
2901,pld-a1479501-6a14-4445-b302-d6f0540d240e,agt-1010,badmin,LT-BADMIN,aggregator,badmin,file_access_after_hours,12628,,{},2026-06-10 23:59:00+00,HIGH,,2026-06-10 23:59:00+00
2902,pld-a1479501-6a14-4445-b302-d6f0540d240e,agt-1010,badmin,LT-BADMIN,aggregator,badmin,http_count,768,,{},2026-06-10 23:59:00+00,HIGH,,2026-06-10 23:59:00+00
2903,pld-a1479501-6a14-4445-b302-d6f0540d240e,agt-1010,badmin,LT-BADMIN,aggregator,badmin,download_count,1,,{},2026-06-10 23:59:00+00,HIGH,,2026-06-10 23:59:00+00
2904,pld-a1479501-6a14-4445-b302-d6f0540d240e,agt-1010,badmin,LT-BADMIN,aggregator,badmin,http_after_hours,1,,{},2026-06-10 23:59:00+00,HIGH,,2026-06-10 23:59:00+00
2905,pld-6cd40662-026d-4039-9963-13f8e336ae6f,agt-1001,jdoe,LT-JDOE,aggregator,jdoe,logon_count,1,,{},2026-06-11 23:59:00+00,HIGH,,2026-06-11 23:59:00+00
2906,pld-6cd40662-026d-4039-9963-13f8e336ae6f,agt-1001,jdoe,LT-JDOE,aggregator,jdoe,logoff_count,2,,{},2026-06-11 23:59:00+00,HIGH,,2026-06-11 23:59:00+00
2907,pld-6cd40662-026d-4039-9963-13f8e336ae6f,agt-1001,jdoe,LT-JDOE,aggregator,jdoe,file_access_count,118,,{},2026-06-11 23:59:00+00,HIGH,,2026-06-11 23:59:00+00
2908,pld-6cd40662-026d-4039-9963-13f8e336ae6f,agt-1001,jdoe,LT-JDOE,aggregator,jdoe,file_open_count,177,,{},2026-06-11 23:59:00+00,HIGH,,2026-06-11 23:59:00+00
2909,pld-6cd40662-026d-4039-9963-13f8e336ae6f,agt-1001,jdoe,LT-JDOE,aggregator,jdoe,file_copy_count,13,,{},2026-06-11 23:59:00+00,HIGH,,2026-06-11 23:59:00+00
2910,pld-6cd40662-026d-4039-9963-13f8e336ae6f,agt-1001,jdoe,LT-JDOE,aggregator,jdoe,file_write_count,49,,{},2026-06-11 23:59:00+00,HIGH,,2026-06-11 23:59:00+00
2911,pld-6cd40662-026d-4039-9963-13f8e336ae6f,agt-1001,jdoe,LT-JDOE,aggregator,jdoe,file_delete_count,3,,{},2026-06-11 23:59:00+00,HIGH,,2026-06-11 23:59:00+00
2912,pld-6cd40662-026d-4039-9963-13f8e336ae6f,agt-1001,jdoe,LT-JDOE,aggregator,jdoe,file_access_after_hours,6,,{},2026-06-11 23:59:00+00,HIGH,,2026-06-11 23:59:00+00
2913,pld-6cd40662-026d-4039-9963-13f8e336ae6f,agt-1001,jdoe,LT-JDOE,aggregator,jdoe,http_count,683,,{},2026-06-11 23:59:00+00,HIGH,,2026-06-11 23:59:00+00
2914,pld-6cd40662-026d-4039-9963-13f8e336ae6f,agt-1001,jdoe,LT-JDOE,aggregator,jdoe,download_count,5,,{},2026-06-11 23:59:00+00,HIGH,,2026-06-11 23:59:00+00
2915,pld-6cd40662-026d-4039-9963-13f8e336ae6f,agt-1001,jdoe,LT-JDOE,aggregator,jdoe,http_after_hours,13,,{},2026-06-11 23:59:00+00,HIGH,,2026-06-11 23:59:00+00
2916,pld-6e304447-8dba-4f68-b4dd-7cd9a9c11dc3,agt-1002,asmith,LT-ASMITH,aggregator,asmith,logon_count,3,,{},2026-06-11 23:59:00+00,HIGH,,2026-06-11 23:59:00+00
2917,pld-6e304447-8dba-4f68-b4dd-7cd9a9c11dc3,agt-1002,asmith,LT-ASMITH,aggregator,asmith,logoff_count,2,,{},2026-06-11 23:59:00+00,HIGH,,2026-06-11 23:59:00+00
2918,pld-6e304447-8dba-4f68-b4dd-7cd9a9c11dc3,agt-1002,asmith,LT-ASMITH,aggregator,asmith,file_access_count,371,,{},2026-06-11 23:59:00+00,HIGH,,2026-06-11 23:59:00+00
2919,pld-6e304447-8dba-4f68-b4dd-7cd9a9c11dc3,agt-1002,asmith,LT-ASMITH,aggregator,asmith,file_open_count,99,,{},2026-06-11 23:59:00+00,HIGH,,2026-06-11 23:59:00+00
2920,pld-6e304447-8dba-4f68-b4dd-7cd9a9c11dc3,agt-1002,asmith,LT-ASMITH,aggregator,asmith,file_copy_count,11,,{},2026-06-11 23:59:00+00,HIGH,,2026-06-11 23:59:00+00
2921,pld-6e304447-8dba-4f68-b4dd-7cd9a9c11dc3,agt-1002,asmith,LT-ASMITH,aggregator,asmith,file_write_count,42,,{},2026-06-11 23:59:00+00,HIGH,,2026-06-11 23:59:00+00
2922,pld-6e304447-8dba-4f68-b4dd-7cd9a9c11dc3,agt-1002,asmith,LT-ASMITH,aggregator,asmith,file_delete_count,1,,{},2026-06-11 23:59:00+00,HIGH,,2026-06-11 23:59:00+00
2923,pld-6e304447-8dba-4f68-b4dd-7cd9a9c11dc3,agt-1002,asmith,LT-ASMITH,aggregator,asmith,file_access_after_hours,7,,{},2026-06-11 23:59:00+00,HIGH,,2026-06-11 23:59:00+00
2924,pld-6e304447-8dba-4f68-b4dd-7cd9a9c11dc3,agt-1002,asmith,LT-ASMITH,aggregator,asmith,http_count,611,,{},2026-06-11 23:59:00+00,HIGH,,2026-06-11 23:59:00+00
2925,pld-6e304447-8dba-4f68-b4dd-7cd9a9c11dc3,agt-1002,asmith,LT-ASMITH,aggregator,asmith,download_count,3,,{},2026-06-11 23:59:00+00,HIGH,,2026-06-11 23:59:00+00
2926,pld-6e304447-8dba-4f68-b4dd-7cd9a9c11dc3,agt-1002,asmith,LT-ASMITH,aggregator,asmith,http_after_hours,18,,{},2026-06-11 23:59:00+00,HIGH,,2026-06-11 23:59:00+00
2927,pld-1df55bf3-d288-4a1a-8633-f3115a91592b,agt-1003,mjones,LT-MJONES,aggregator,mjones,logon_count,2,,{},2026-06-11 23:59:00+00,HIGH,,2026-06-11 23:59:00+00
2928,pld-1df55bf3-d288-4a1a-8633-f3115a91592b,agt-1003,mjones,LT-MJONES,aggregator,mjones,logoff_count,3,,{},2026-06-11 23:59:00+00,HIGH,,2026-06-11 23:59:00+00
2929,pld-1df55bf3-d288-4a1a-8633-f3115a91592b,agt-1003,mjones,LT-MJONES,aggregator,mjones,file_access_count,324,,{},2026-06-11 23:59:00+00,HIGH,,2026-06-11 23:59:00+00
2930,pld-1df55bf3-d288-4a1a-8633-f3115a91592b,agt-1003,mjones,LT-MJONES,aggregator,mjones,file_open_count,172,,{},2026-06-11 23:59:00+00,HIGH,,2026-06-11 23:59:00+00
2931,pld-1df55bf3-d288-4a1a-8633-f3115a91592b,agt-1003,mjones,LT-MJONES,aggregator,mjones,file_copy_count,9,,{},2026-06-11 23:59:00+00,HIGH,,2026-06-11 23:59:00+00
2932,pld-1df55bf3-d288-4a1a-8633-f3115a91592b,agt-1003,mjones,LT-MJONES,aggregator,mjones,file_write_count,23,,{},2026-06-11 23:59:00+00,HIGH,,2026-06-11 23:59:00+00
2933,pld-1df55bf3-d288-4a1a-8633-f3115a91592b,agt-1003,mjones,LT-MJONES,aggregator,mjones,file_delete_count,2,,{},2026-06-11 23:59:00+00,HIGH,,2026-06-11 23:59:00+00
2934,pld-1df55bf3-d288-4a1a-8633-f3115a91592b,agt-1003,mjones,LT-MJONES,aggregator,mjones,file_access_after_hours,7,,{},2026-06-11 23:59:00+00,HIGH,,2026-06-11 23:59:00+00
2935,pld-1df55bf3-d288-4a1a-8633-f3115a91592b,agt-1003,mjones,LT-MJONES,aggregator,mjones,http_count,632,,{},2026-06-11 23:59:00+00,HIGH,,2026-06-11 23:59:00+00
2936,pld-1df55bf3-d288-4a1a-8633-f3115a91592b,agt-1003,mjones,LT-MJONES,aggregator,mjones,http_after_hours,1,,{},2026-06-11 23:59:00+00,HIGH,,2026-06-11 23:59:00+00
2937,pld-dbf1615f-8f2b-404c-8519-a81106aca0e9,agt-1004,bwilliams,LT-BWILLIAMS,aggregator,bwilliams,logon_count,3,,{},2026-06-11 23:59:00+00,HIGH,,2026-06-11 23:59:00+00
2938,pld-dbf1615f-8f2b-404c-8519-a81106aca0e9,agt-1004,bwilliams,LT-BWILLIAMS,aggregator,bwilliams,logoff_count,1,,{},2026-06-11 23:59:00+00,HIGH,,2026-06-11 23:59:00+00
2939,pld-dbf1615f-8f2b-404c-8519-a81106aca0e9,agt-1004,bwilliams,LT-BWILLIAMS,aggregator,bwilliams,file_access_count,273,,{},2026-06-11 23:59:00+00,HIGH,,2026-06-11 23:59:00+00
2940,pld-dbf1615f-8f2b-404c-8519-a81106aca0e9,agt-1004,bwilliams,LT-BWILLIAMS,aggregator,bwilliams,file_open_count,74,,{},2026-06-11 23:59:00+00,HIGH,,2026-06-11 23:59:00+00
2941,pld-dbf1615f-8f2b-404c-8519-a81106aca0e9,agt-1004,bwilliams,LT-BWILLIAMS,aggregator,bwilliams,file_copy_count,13,,{},2026-06-11 23:59:00+00,HIGH,,2026-06-11 23:59:00+00
2942,pld-dbf1615f-8f2b-404c-8519-a81106aca0e9,agt-1004,bwilliams,LT-BWILLIAMS,aggregator,bwilliams,file_write_count,27,,{},2026-06-11 23:59:00+00,HIGH,,2026-06-11 23:59:00+00
2943,pld-dbf1615f-8f2b-404c-8519-a81106aca0e9,agt-1004,bwilliams,LT-BWILLIAMS,aggregator,bwilliams,file_delete_count,5,,{},2026-06-11 23:59:00+00,HIGH,,2026-06-11 23:59:00+00
2944,pld-dbf1615f-8f2b-404c-8519-a81106aca0e9,agt-1004,bwilliams,LT-BWILLIAMS,aggregator,bwilliams,file_access_after_hours,8,,{},2026-06-11 23:59:00+00,HIGH,,2026-06-11 23:59:00+00
2945,pld-dbf1615f-8f2b-404c-8519-a81106aca0e9,agt-1004,bwilliams,LT-BWILLIAMS,aggregator,bwilliams,http_count,551,,{},2026-06-11 23:59:00+00,HIGH,,2026-06-11 23:59:00+00
2946,pld-dbf1615f-8f2b-404c-8519-a81106aca0e9,agt-1004,bwilliams,LT-BWILLIAMS,aggregator,bwilliams,download_count,4,,{},2026-06-11 23:59:00+00,HIGH,,2026-06-11 23:59:00+00
2947,pld-dbf1615f-8f2b-404c-8519-a81106aca0e9,agt-1004,bwilliams,LT-BWILLIAMS,aggregator,bwilliams,http_after_hours,15,,{},2026-06-11 23:59:00+00,HIGH,,2026-06-11 23:59:00+00
2948,pld-6e290b0e-fae6-466c-8403-e94b2969d171,agt-1005,cdavis,LT-CDAVIS,aggregator,cdavis,logon_count,2,,{},2026-06-11 23:59:00+00,HIGH,,2026-06-11 23:59:00+00
2949,pld-6e290b0e-fae6-466c-8403-e94b2969d171,agt-1005,cdavis,LT-CDAVIS,aggregator,cdavis,logoff_count,2,,{},2026-06-11 23:59:00+00,HIGH,,2026-06-11 23:59:00+00
2950,pld-6e290b0e-fae6-466c-8403-e94b2969d171,agt-1005,cdavis,LT-CDAVIS,aggregator,cdavis,file_access_count,226,,{},2026-06-11 23:59:00+00,HIGH,,2026-06-11 23:59:00+00
2951,pld-6e290b0e-fae6-466c-8403-e94b2969d171,agt-1005,cdavis,LT-CDAVIS,aggregator,cdavis,file_open_count,182,,{},2026-06-11 23:59:00+00,HIGH,,2026-06-11 23:59:00+00
2952,pld-6e290b0e-fae6-466c-8403-e94b2969d171,agt-1005,cdavis,LT-CDAVIS,aggregator,cdavis,file_copy_count,7,,{},2026-06-11 23:59:00+00,HIGH,,2026-06-11 23:59:00+00
2953,pld-6e290b0e-fae6-466c-8403-e94b2969d171,agt-1005,cdavis,LT-CDAVIS,aggregator,cdavis,file_write_count,31,,{},2026-06-11 23:59:00+00,HIGH,,2026-06-11 23:59:00+00
2954,pld-6e290b0e-fae6-466c-8403-e94b2969d171,agt-1005,cdavis,LT-CDAVIS,aggregator,cdavis,file_delete_count,5,,{},2026-06-11 23:59:00+00,HIGH,,2026-06-11 23:59:00+00
2955,pld-6e290b0e-fae6-466c-8403-e94b2969d171,agt-1005,cdavis,LT-CDAVIS,aggregator,cdavis,file_access_after_hours,2,,{},2026-06-11 23:59:00+00,HIGH,,2026-06-11 23:59:00+00
2956,pld-6e290b0e-fae6-466c-8403-e94b2969d171,agt-1005,cdavis,LT-CDAVIS,aggregator,cdavis,http_count,648,,{},2026-06-11 23:59:00+00,HIGH,,2026-06-11 23:59:00+00
2957,pld-6e290b0e-fae6-466c-8403-e94b2969d171,agt-1005,cdavis,LT-CDAVIS,aggregator,cdavis,download_count,1,,{},2026-06-11 23:59:00+00,HIGH,,2026-06-11 23:59:00+00
2958,pld-6e290b0e-fae6-466c-8403-e94b2969d171,agt-1005,cdavis,LT-CDAVIS,aggregator,cdavis,http_after_hours,1,,{},2026-06-11 23:59:00+00,HIGH,,2026-06-11 23:59:00+00
2959,pld-770e379c-d1c8-4f6e-bec5-93479426a407,agt-1006,mscott,LT-MSCOTT,aggregator,mscott,logon_count,1,,{},2026-06-11 23:59:00+00,HIGH,,2026-06-11 23:59:00+00
2960,pld-770e379c-d1c8-4f6e-bec5-93479426a407,agt-1006,mscott,LT-MSCOTT,aggregator,mscott,logoff_count,1,,{},2026-06-11 23:59:00+00,HIGH,,2026-06-11 23:59:00+00
2961,pld-770e379c-d1c8-4f6e-bec5-93479426a407,agt-1006,mscott,LT-MSCOTT,aggregator,mscott,file_access_count,381,,{},2026-06-11 23:59:00+00,HIGH,,2026-06-11 23:59:00+00
2962,pld-770e379c-d1c8-4f6e-bec5-93479426a407,agt-1006,mscott,LT-MSCOTT,aggregator,mscott,file_open_count,52,,{},2026-06-11 23:59:00+00,HIGH,,2026-06-11 23:59:00+00
2963,pld-770e379c-d1c8-4f6e-bec5-93479426a407,agt-1006,mscott,LT-MSCOTT,aggregator,mscott,file_copy_count,19,,{},2026-06-11 23:59:00+00,HIGH,,2026-06-11 23:59:00+00
2964,pld-770e379c-d1c8-4f6e-bec5-93479426a407,agt-1006,mscott,LT-MSCOTT,aggregator,mscott,file_write_count,20,,{},2026-06-11 23:59:00+00,HIGH,,2026-06-11 23:59:00+00
2965,pld-770e379c-d1c8-4f6e-bec5-93479426a407,agt-1006,mscott,LT-MSCOTT,aggregator,mscott,file_delete_count,1,,{},2026-06-11 23:59:00+00,HIGH,,2026-06-11 23:59:00+00
2966,pld-770e379c-d1c8-4f6e-bec5-93479426a407,agt-1006,mscott,LT-MSCOTT,aggregator,mscott,file_access_after_hours,4,,{},2026-06-11 23:59:00+00,HIGH,,2026-06-11 23:59:00+00
2967,pld-770e379c-d1c8-4f6e-bec5-93479426a407,agt-1006,mscott,LT-MSCOTT,aggregator,mscott,http_count,701,,{},2026-06-11 23:59:00+00,HIGH,,2026-06-11 23:59:00+00
2968,pld-770e379c-d1c8-4f6e-bec5-93479426a407,agt-1006,mscott,LT-MSCOTT,aggregator,mscott,download_count,3,,{},2026-06-11 23:59:00+00,HIGH,,2026-06-11 23:59:00+00
2969,pld-770e379c-d1c8-4f6e-bec5-93479426a407,agt-1006,mscott,LT-MSCOTT,aggregator,mscott,http_after_hours,12,,{},2026-06-11 23:59:00+00,HIGH,,2026-06-11 23:59:00+00
2970,pld-499addf5-6e4a-448d-bda7-91e48f534f64,agt-1007,tjones,LT-TJONES,aggregator,tjones,logon_count,1,,{},2026-06-11 23:59:00+00,HIGH,,2026-06-11 23:59:00+00
2971,pld-499addf5-6e4a-448d-bda7-91e48f534f64,agt-1007,tjones,LT-TJONES,aggregator,tjones,logoff_count,1,,{},2026-06-11 23:59:00+00,HIGH,,2026-06-11 23:59:00+00
2972,pld-499addf5-6e4a-448d-bda7-91e48f534f64,agt-1007,tjones,LT-TJONES,aggregator,tjones,file_access_count,420,,{},2026-06-11 23:59:00+00,HIGH,,2026-06-11 23:59:00+00
2973,pld-499addf5-6e4a-448d-bda7-91e48f534f64,agt-1007,tjones,LT-TJONES,aggregator,tjones,file_open_count,130,,{},2026-06-11 23:59:00+00,HIGH,,2026-06-11 23:59:00+00
2974,pld-499addf5-6e4a-448d-bda7-91e48f534f64,agt-1007,tjones,LT-TJONES,aggregator,tjones,file_copy_count,16,,{},2026-06-11 23:59:00+00,HIGH,,2026-06-11 23:59:00+00
2975,pld-499addf5-6e4a-448d-bda7-91e48f534f64,agt-1007,tjones,LT-TJONES,aggregator,tjones,file_write_count,45,,{},2026-06-11 23:59:00+00,HIGH,,2026-06-11 23:59:00+00
2976,pld-499addf5-6e4a-448d-bda7-91e48f534f64,agt-1007,tjones,LT-TJONES,aggregator,tjones,file_access_after_hours,10,,{},2026-06-11 23:59:00+00,HIGH,,2026-06-11 23:59:00+00
2977,pld-499addf5-6e4a-448d-bda7-91e48f534f64,agt-1007,tjones,LT-TJONES,aggregator,tjones,http_count,270,,{},2026-06-11 23:59:00+00,HIGH,,2026-06-11 23:59:00+00
2978,pld-499addf5-6e4a-448d-bda7-91e48f534f64,agt-1007,tjones,LT-TJONES,aggregator,tjones,download_count,2,,{},2026-06-11 23:59:00+00,HIGH,,2026-06-11 23:59:00+00
2979,pld-499addf5-6e4a-448d-bda7-91e48f534f64,agt-1007,tjones,LT-TJONES,aggregator,tjones,http_after_hours,2,,{},2026-06-11 23:59:00+00,HIGH,,2026-06-11 23:59:00+00
2980,pld-f94ec5d1-3e08-498f-85ad-5a993dfc1b94,agt-1008,rwilson,LT-RWILSON,aggregator,rwilson,logon_count,2,,{},2026-06-11 23:59:00+00,HIGH,,2026-06-11 23:59:00+00
2981,pld-f94ec5d1-3e08-498f-85ad-5a993dfc1b94,agt-1008,rwilson,LT-RWILSON,aggregator,rwilson,logoff_count,2,,{},2026-06-11 23:59:00+00,HIGH,,2026-06-11 23:59:00+00
2982,pld-f94ec5d1-3e08-498f-85ad-5a993dfc1b94,agt-1008,rwilson,LT-RWILSON,aggregator,rwilson,file_access_count,350,,{},2026-06-11 23:59:00+00,HIGH,,2026-06-11 23:59:00+00
2983,pld-f94ec5d1-3e08-498f-85ad-5a993dfc1b94,agt-1008,rwilson,LT-RWILSON,aggregator,rwilson,file_open_count,63,,{},2026-06-11 23:59:00+00,HIGH,,2026-06-11 23:59:00+00
2984,pld-f94ec5d1-3e08-498f-85ad-5a993dfc1b94,agt-1008,rwilson,LT-RWILSON,aggregator,rwilson,file_copy_count,9,,{},2026-06-11 23:59:00+00,HIGH,,2026-06-11 23:59:00+00
2985,pld-f94ec5d1-3e08-498f-85ad-5a993dfc1b94,agt-1008,rwilson,LT-RWILSON,aggregator,rwilson,file_write_count,37,,{},2026-06-11 23:59:00+00,HIGH,,2026-06-11 23:59:00+00
2986,pld-f94ec5d1-3e08-498f-85ad-5a993dfc1b94,agt-1008,rwilson,LT-RWILSON,aggregator,rwilson,file_delete_count,3,,{},2026-06-11 23:59:00+00,HIGH,,2026-06-11 23:59:00+00
2987,pld-f94ec5d1-3e08-498f-85ad-5a993dfc1b94,agt-1008,rwilson,LT-RWILSON,aggregator,rwilson,file_access_after_hours,7,,{},2026-06-11 23:59:00+00,HIGH,,2026-06-11 23:59:00+00
2988,pld-f94ec5d1-3e08-498f-85ad-5a993dfc1b94,agt-1008,rwilson,LT-RWILSON,aggregator,rwilson,http_count,255,,{},2026-06-11 23:59:00+00,HIGH,,2026-06-11 23:59:00+00
2989,pld-f94ec5d1-3e08-498f-85ad-5a993dfc1b94,agt-1008,rwilson,LT-RWILSON,aggregator,rwilson,download_count,3,,{},2026-06-11 23:59:00+00,HIGH,,2026-06-11 23:59:00+00
2990,pld-f94ec5d1-3e08-498f-85ad-5a993dfc1b94,agt-1008,rwilson,LT-RWILSON,aggregator,rwilson,http_after_hours,5,,{},2026-06-11 23:59:00+00,HIGH,,2026-06-11 23:59:00+00
2991,pld-cbdb94da-d7ad-4a6c-9654-f95ec0d157f9,agt-1009,esnow,LT-ESNOW,aggregator,esnow,logon_count,1,,{},2026-06-11 23:59:00+00,HIGH,,2026-06-11 23:59:00+00
2992,pld-cbdb94da-d7ad-4a6c-9654-f95ec0d157f9,agt-1009,esnow,LT-ESNOW,aggregator,esnow,logoff_count,3,,{},2026-06-11 23:59:00+00,HIGH,,2026-06-11 23:59:00+00
2993,pld-cbdb94da-d7ad-4a6c-9654-f95ec0d157f9,agt-1009,esnow,LT-ESNOW,aggregator,esnow,file_access_count,390,,{},2026-06-11 23:59:00+00,HIGH,,2026-06-11 23:59:00+00
2994,pld-cbdb94da-d7ad-4a6c-9654-f95ec0d157f9,agt-1009,esnow,LT-ESNOW,aggregator,esnow,file_open_count,144,,{},2026-06-11 23:59:00+00,HIGH,,2026-06-11 23:59:00+00
2995,pld-cbdb94da-d7ad-4a6c-9654-f95ec0d157f9,agt-1009,esnow,LT-ESNOW,aggregator,esnow,file_copy_count,5,,{},2026-06-11 23:59:00+00,HIGH,,2026-06-11 23:59:00+00
2996,pld-cbdb94da-d7ad-4a6c-9654-f95ec0d157f9,agt-1009,esnow,LT-ESNOW,aggregator,esnow,file_write_count,10,,{},2026-06-11 23:59:00+00,HIGH,,2026-06-11 23:59:00+00
2997,pld-cbdb94da-d7ad-4a6c-9654-f95ec0d157f9,agt-1009,esnow,LT-ESNOW,aggregator,esnow,file_delete_count,4,,{},2026-06-11 23:59:00+00,HIGH,,2026-06-11 23:59:00+00
2998,pld-cbdb94da-d7ad-4a6c-9654-f95ec0d157f9,agt-1009,esnow,LT-ESNOW,aggregator,esnow,file_access_after_hours,6,,{},2026-06-11 23:59:00+00,HIGH,,2026-06-11 23:59:00+00
2999,pld-cbdb94da-d7ad-4a6c-9654-f95ec0d157f9,agt-1009,esnow,LT-ESNOW,aggregator,esnow,http_count,423,,{},2026-06-11 23:59:00+00,HIGH,,2026-06-11 23:59:00+00
3000,pld-cbdb94da-d7ad-4a6c-9654-f95ec0d157f9,agt-1009,esnow,LT-ESNOW,aggregator,esnow,job_search_site_visits,10,,{},2026-06-11 23:59:00+00,HIGH,,2026-06-11 23:59:00+00
3001,pld-cbdb94da-d7ad-4a6c-9654-f95ec0d157f9,agt-1009,esnow,LT-ESNOW,aggregator,esnow,download_count,5,,{},2026-06-11 23:59:00+00,HIGH,,2026-06-11 23:59:00+00
3002,pld-cbdb94da-d7ad-4a6c-9654-f95ec0d157f9,agt-1009,esnow,LT-ESNOW,aggregator,esnow,http_after_hours,17,,{},2026-06-11 23:59:00+00,HIGH,,2026-06-11 23:59:00+00
3003,pld-68f59062-35a6-449c-ab22-9492a5735f0c,agt-1010,badmin,LT-BADMIN,aggregator,badmin,logon_count,3,,{},2026-06-11 23:59:00+00,HIGH,,2026-06-11 23:59:00+00
3004,pld-68f59062-35a6-449c-ab22-9492a5735f0c,agt-1010,badmin,LT-BADMIN,aggregator,badmin,logoff_count,1,,{},2026-06-11 23:59:00+00,HIGH,,2026-06-11 23:59:00+00
3005,pld-68f59062-35a6-449c-ab22-9492a5735f0c,agt-1010,badmin,LT-BADMIN,aggregator,badmin,file_access_count,225,,{},2026-06-11 23:59:00+00,HIGH,,2026-06-11 23:59:00+00
3006,pld-68f59062-35a6-449c-ab22-9492a5735f0c,agt-1010,badmin,LT-BADMIN,aggregator,badmin,file_open_count,157,,{},2026-06-11 23:59:00+00,HIGH,,2026-06-11 23:59:00+00
3007,pld-68f59062-35a6-449c-ab22-9492a5735f0c,agt-1010,badmin,LT-BADMIN,aggregator,badmin,file_copy_count,14,,{},2026-06-11 23:59:00+00,HIGH,,2026-06-11 23:59:00+00
3008,pld-68f59062-35a6-449c-ab22-9492a5735f0c,agt-1010,badmin,LT-BADMIN,aggregator,badmin,file_write_count,40,,{},2026-06-11 23:59:00+00,HIGH,,2026-06-11 23:59:00+00
3009,pld-68f59062-35a6-449c-ab22-9492a5735f0c,agt-1010,badmin,LT-BADMIN,aggregator,badmin,file_access_after_hours,10,,{},2026-06-11 23:59:00+00,HIGH,,2026-06-11 23:59:00+00
3010,pld-68f59062-35a6-449c-ab22-9492a5735f0c,agt-1010,badmin,LT-BADMIN,aggregator,badmin,http_count,627,,{},2026-06-11 23:59:00+00,HIGH,,2026-06-11 23:59:00+00
3011,pld-68f59062-35a6-449c-ab22-9492a5735f0c,agt-1010,badmin,LT-BADMIN,aggregator,badmin,http_after_hours,8,,{},2026-06-11 23:59:00+00,HIGH,,2026-06-11 23:59:00+00
3012,pld-0c245d6b-cfde-4722-820d-1c6668ed404f,agt-1001,jdoe,LT-JDOE,aggregator,jdoe,logon_count,1,,{},2026-06-12 23:59:00+00,HIGH,,2026-06-12 23:59:00+00
3013,pld-0c245d6b-cfde-4722-820d-1c6668ed404f,agt-1001,jdoe,LT-JDOE,aggregator,jdoe,logoff_count,3,,{},2026-06-12 23:59:00+00,HIGH,,2026-06-12 23:59:00+00
3014,pld-0c245d6b-cfde-4722-820d-1c6668ed404f,agt-1001,jdoe,LT-JDOE,aggregator,jdoe,file_access_count,250,,{},2026-06-12 23:59:00+00,HIGH,,2026-06-12 23:59:00+00
3015,pld-0c245d6b-cfde-4722-820d-1c6668ed404f,agt-1001,jdoe,LT-JDOE,aggregator,jdoe,file_open_count,183,,{},2026-06-12 23:59:00+00,HIGH,,2026-06-12 23:59:00+00
3016,pld-0c245d6b-cfde-4722-820d-1c6668ed404f,agt-1001,jdoe,LT-JDOE,aggregator,jdoe,file_copy_count,8,,{},2026-06-12 23:59:00+00,HIGH,,2026-06-12 23:59:00+00
3017,pld-0c245d6b-cfde-4722-820d-1c6668ed404f,agt-1001,jdoe,LT-JDOE,aggregator,jdoe,file_write_count,13,,{},2026-06-12 23:59:00+00,HIGH,,2026-06-12 23:59:00+00
3018,pld-0c245d6b-cfde-4722-820d-1c6668ed404f,agt-1001,jdoe,LT-JDOE,aggregator,jdoe,file_delete_count,5,,{},2026-06-12 23:59:00+00,HIGH,,2026-06-12 23:59:00+00
3019,pld-0c245d6b-cfde-4722-820d-1c6668ed404f,agt-1001,jdoe,LT-JDOE,aggregator,jdoe,file_access_after_hours,4,,{},2026-06-12 23:59:00+00,HIGH,,2026-06-12 23:59:00+00
3020,pld-0c245d6b-cfde-4722-820d-1c6668ed404f,agt-1001,jdoe,LT-JDOE,aggregator,jdoe,http_count,337,,{},2026-06-12 23:59:00+00,HIGH,,2026-06-12 23:59:00+00
3021,pld-0c245d6b-cfde-4722-820d-1c6668ed404f,agt-1001,jdoe,LT-JDOE,aggregator,jdoe,http_after_hours,1,,{},2026-06-12 23:59:00+00,HIGH,,2026-06-12 23:59:00+00
3022,pld-f9bc7356-5800-4bf1-8ba2-86a39b0c9e37,agt-1002,asmith,LT-ASMITH,aggregator,asmith,logon_count,2,,{},2026-06-12 23:59:00+00,HIGH,,2026-06-12 23:59:00+00
3023,pld-f9bc7356-5800-4bf1-8ba2-86a39b0c9e37,agt-1002,asmith,LT-ASMITH,aggregator,asmith,logoff_count,1,,{},2026-06-12 23:59:00+00,HIGH,,2026-06-12 23:59:00+00
3024,pld-f9bc7356-5800-4bf1-8ba2-86a39b0c9e37,agt-1002,asmith,LT-ASMITH,aggregator,asmith,file_access_count,446,,{},2026-06-12 23:59:00+00,HIGH,,2026-06-12 23:59:00+00
3025,pld-f9bc7356-5800-4bf1-8ba2-86a39b0c9e37,agt-1002,asmith,LT-ASMITH,aggregator,asmith,file_open_count,175,,{},2026-06-12 23:59:00+00,HIGH,,2026-06-12 23:59:00+00
3026,pld-f9bc7356-5800-4bf1-8ba2-86a39b0c9e37,agt-1002,asmith,LT-ASMITH,aggregator,asmith,file_copy_count,9,,{},2026-06-12 23:59:00+00,HIGH,,2026-06-12 23:59:00+00
3027,pld-f9bc7356-5800-4bf1-8ba2-86a39b0c9e37,agt-1002,asmith,LT-ASMITH,aggregator,asmith,file_write_count,35,,{},2026-06-12 23:59:00+00,HIGH,,2026-06-12 23:59:00+00
3028,pld-f9bc7356-5800-4bf1-8ba2-86a39b0c9e37,agt-1002,asmith,LT-ASMITH,aggregator,asmith,file_access_after_hours,9,,{},2026-06-12 23:59:00+00,HIGH,,2026-06-12 23:59:00+00
3029,pld-f9bc7356-5800-4bf1-8ba2-86a39b0c9e37,agt-1002,asmith,LT-ASMITH,aggregator,asmith,http_count,622,,{},2026-06-12 23:59:00+00,HIGH,,2026-06-12 23:59:00+00
3030,pld-f9bc7356-5800-4bf1-8ba2-86a39b0c9e37,agt-1002,asmith,LT-ASMITH,aggregator,asmith,download_count,4,,{},2026-06-12 23:59:00+00,HIGH,,2026-06-12 23:59:00+00
3031,pld-f9bc7356-5800-4bf1-8ba2-86a39b0c9e37,agt-1002,asmith,LT-ASMITH,aggregator,asmith,http_after_hours,10,,{},2026-06-12 23:59:00+00,HIGH,,2026-06-12 23:59:00+00
3032,pld-0251fb55-5f2d-4258-a6b1-e41175de2df3,agt-1003,mjones,LT-MJONES,aggregator,mjones,logon_count,2,,{},2026-06-12 23:59:00+00,HIGH,,2026-06-12 23:59:00+00
3033,pld-0251fb55-5f2d-4258-a6b1-e41175de2df3,agt-1003,mjones,LT-MJONES,aggregator,mjones,logoff_count,1,,{},2026-06-12 23:59:00+00,HIGH,,2026-06-12 23:59:00+00
3034,pld-0251fb55-5f2d-4258-a6b1-e41175de2df3,agt-1003,mjones,LT-MJONES,aggregator,mjones,file_access_count,388,,{},2026-06-12 23:59:00+00,HIGH,,2026-06-12 23:59:00+00
3035,pld-0251fb55-5f2d-4258-a6b1-e41175de2df3,agt-1003,mjones,LT-MJONES,aggregator,mjones,file_open_count,163,,{},2026-06-12 23:59:00+00,HIGH,,2026-06-12 23:59:00+00
3036,pld-0251fb55-5f2d-4258-a6b1-e41175de2df3,agt-1003,mjones,LT-MJONES,aggregator,mjones,file_copy_count,16,,{},2026-06-12 23:59:00+00,HIGH,,2026-06-12 23:59:00+00
3037,pld-0251fb55-5f2d-4258-a6b1-e41175de2df3,agt-1003,mjones,LT-MJONES,aggregator,mjones,file_write_count,47,,{},2026-06-12 23:59:00+00,HIGH,,2026-06-12 23:59:00+00
3038,pld-0251fb55-5f2d-4258-a6b1-e41175de2df3,agt-1003,mjones,LT-MJONES,aggregator,mjones,file_delete_count,3,,{},2026-06-12 23:59:00+00,HIGH,,2026-06-12 23:59:00+00
3039,pld-0251fb55-5f2d-4258-a6b1-e41175de2df3,agt-1003,mjones,LT-MJONES,aggregator,mjones,file_access_after_hours,2,,{},2026-06-12 23:59:00+00,HIGH,,2026-06-12 23:59:00+00
3040,pld-0251fb55-5f2d-4258-a6b1-e41175de2df3,agt-1003,mjones,LT-MJONES,aggregator,mjones,http_count,594,,{},2026-06-12 23:59:00+00,HIGH,,2026-06-12 23:59:00+00
3041,pld-0251fb55-5f2d-4258-a6b1-e41175de2df3,agt-1003,mjones,LT-MJONES,aggregator,mjones,download_count,5,,{},2026-06-12 23:59:00+00,HIGH,,2026-06-12 23:59:00+00
3042,pld-0251fb55-5f2d-4258-a6b1-e41175de2df3,agt-1003,mjones,LT-MJONES,aggregator,mjones,http_after_hours,18,,{},2026-06-12 23:59:00+00,HIGH,,2026-06-12 23:59:00+00
3043,pld-02011566-9adc-4ae7-8998-fdc544bab2e1,agt-1004,bwilliams,LT-BWILLIAMS,aggregator,bwilliams,logon_count,3,,{},2026-06-12 23:59:00+00,HIGH,,2026-06-12 23:59:00+00
3044,pld-02011566-9adc-4ae7-8998-fdc544bab2e1,agt-1004,bwilliams,LT-BWILLIAMS,aggregator,bwilliams,logoff_count,2,,{},2026-06-12 23:59:00+00,HIGH,,2026-06-12 23:59:00+00
3045,pld-02011566-9adc-4ae7-8998-fdc544bab2e1,agt-1004,bwilliams,LT-BWILLIAMS,aggregator,bwilliams,file_access_count,308,,{},2026-06-12 23:59:00+00,HIGH,,2026-06-12 23:59:00+00
3046,pld-02011566-9adc-4ae7-8998-fdc544bab2e1,agt-1004,bwilliams,LT-BWILLIAMS,aggregator,bwilliams,file_open_count,101,,{},2026-06-12 23:59:00+00,HIGH,,2026-06-12 23:59:00+00
3047,pld-02011566-9adc-4ae7-8998-fdc544bab2e1,agt-1004,bwilliams,LT-BWILLIAMS,aggregator,bwilliams,file_copy_count,10,,{},2026-06-12 23:59:00+00,HIGH,,2026-06-12 23:59:00+00
3048,pld-02011566-9adc-4ae7-8998-fdc544bab2e1,agt-1004,bwilliams,LT-BWILLIAMS,aggregator,bwilliams,file_write_count,33,,{},2026-06-12 23:59:00+00,HIGH,,2026-06-12 23:59:00+00
3049,pld-02011566-9adc-4ae7-8998-fdc544bab2e1,agt-1004,bwilliams,LT-BWILLIAMS,aggregator,bwilliams,file_delete_count,3,,{},2026-06-12 23:59:00+00,HIGH,,2026-06-12 23:59:00+00
3050,pld-02011566-9adc-4ae7-8998-fdc544bab2e1,agt-1004,bwilliams,LT-BWILLIAMS,aggregator,bwilliams,file_access_after_hours,9,,{},2026-06-12 23:59:00+00,HIGH,,2026-06-12 23:59:00+00
3051,pld-02011566-9adc-4ae7-8998-fdc544bab2e1,agt-1004,bwilliams,LT-BWILLIAMS,aggregator,bwilliams,http_count,494,,{},2026-06-12 23:59:00+00,HIGH,,2026-06-12 23:59:00+00
3052,pld-02011566-9adc-4ae7-8998-fdc544bab2e1,agt-1004,bwilliams,LT-BWILLIAMS,aggregator,bwilliams,download_count,2,,{},2026-06-12 23:59:00+00,HIGH,,2026-06-12 23:59:00+00
3053,pld-02011566-9adc-4ae7-8998-fdc544bab2e1,agt-1004,bwilliams,LT-BWILLIAMS,aggregator,bwilliams,http_after_hours,11,,{},2026-06-12 23:59:00+00,HIGH,,2026-06-12 23:59:00+00
3054,pld-5527f492-a13c-402d-acdd-a1898e0d39ca,agt-1005,cdavis,LT-CDAVIS,aggregator,cdavis,logon_count,2,,{},2026-06-12 23:59:00+00,HIGH,,2026-06-12 23:59:00+00
3055,pld-5527f492-a13c-402d-acdd-a1898e0d39ca,agt-1005,cdavis,LT-CDAVIS,aggregator,cdavis,logoff_count,1,,{},2026-06-12 23:59:00+00,HIGH,,2026-06-12 23:59:00+00
3056,pld-5527f492-a13c-402d-acdd-a1898e0d39ca,agt-1005,cdavis,LT-CDAVIS,aggregator,cdavis,file_access_count,112,,{},2026-06-12 23:59:00+00,HIGH,,2026-06-12 23:59:00+00
3057,pld-5527f492-a13c-402d-acdd-a1898e0d39ca,agt-1005,cdavis,LT-CDAVIS,aggregator,cdavis,file_open_count,92,,{},2026-06-12 23:59:00+00,HIGH,,2026-06-12 23:59:00+00
3058,pld-5527f492-a13c-402d-acdd-a1898e0d39ca,agt-1005,cdavis,LT-CDAVIS,aggregator,cdavis,file_copy_count,16,,{},2026-06-12 23:59:00+00,HIGH,,2026-06-12 23:59:00+00
3059,pld-5527f492-a13c-402d-acdd-a1898e0d39ca,agt-1005,cdavis,LT-CDAVIS,aggregator,cdavis,file_write_count,48,,{},2026-06-12 23:59:00+00,HIGH,,2026-06-12 23:59:00+00
3060,pld-5527f492-a13c-402d-acdd-a1898e0d39ca,agt-1005,cdavis,LT-CDAVIS,aggregator,cdavis,file_delete_count,5,,{},2026-06-12 23:59:00+00,HIGH,,2026-06-12 23:59:00+00
3061,pld-5527f492-a13c-402d-acdd-a1898e0d39ca,agt-1005,cdavis,LT-CDAVIS,aggregator,cdavis,file_access_after_hours,4,,{},2026-06-12 23:59:00+00,HIGH,,2026-06-12 23:59:00+00
3062,pld-5527f492-a13c-402d-acdd-a1898e0d39ca,agt-1005,cdavis,LT-CDAVIS,aggregator,cdavis,http_count,375,,{},2026-06-12 23:59:00+00,HIGH,,2026-06-12 23:59:00+00
3063,pld-5527f492-a13c-402d-acdd-a1898e0d39ca,agt-1005,cdavis,LT-CDAVIS,aggregator,cdavis,download_count,2,,{},2026-06-12 23:59:00+00,HIGH,,2026-06-12 23:59:00+00
3064,pld-5527f492-a13c-402d-acdd-a1898e0d39ca,agt-1005,cdavis,LT-CDAVIS,aggregator,cdavis,http_after_hours,14,,{},2026-06-12 23:59:00+00,HIGH,,2026-06-12 23:59:00+00
3065,pld-471d2b8c-3913-4860-ab91-0458572f9030,agt-1006,mscott,LT-MSCOTT,aggregator,mscott,logon_count,1,,{},2026-06-12 23:59:00+00,HIGH,,2026-06-12 23:59:00+00
3066,pld-471d2b8c-3913-4860-ab91-0458572f9030,agt-1006,mscott,LT-MSCOTT,aggregator,mscott,logoff_count,2,,{},2026-06-12 23:59:00+00,HIGH,,2026-06-12 23:59:00+00
3067,pld-471d2b8c-3913-4860-ab91-0458572f9030,agt-1006,mscott,LT-MSCOTT,aggregator,mscott,file_access_count,216,,{},2026-06-12 23:59:00+00,HIGH,,2026-06-12 23:59:00+00
3068,pld-471d2b8c-3913-4860-ab91-0458572f9030,agt-1006,mscott,LT-MSCOTT,aggregator,mscott,file_open_count,149,,{},2026-06-12 23:59:00+00,HIGH,,2026-06-12 23:59:00+00
3069,pld-471d2b8c-3913-4860-ab91-0458572f9030,agt-1006,mscott,LT-MSCOTT,aggregator,mscott,file_copy_count,11,,{},2026-06-12 23:59:00+00,HIGH,,2026-06-12 23:59:00+00
3070,pld-471d2b8c-3913-4860-ab91-0458572f9030,agt-1006,mscott,LT-MSCOTT,aggregator,mscott,file_write_count,43,,{},2026-06-12 23:59:00+00,HIGH,,2026-06-12 23:59:00+00
3071,pld-471d2b8c-3913-4860-ab91-0458572f9030,agt-1006,mscott,LT-MSCOTT,aggregator,mscott,file_access_after_hours,1,,{},2026-06-12 23:59:00+00,HIGH,,2026-06-12 23:59:00+00
3072,pld-471d2b8c-3913-4860-ab91-0458572f9030,agt-1006,mscott,LT-MSCOTT,aggregator,mscott,http_count,437,,{},2026-06-12 23:59:00+00,HIGH,,2026-06-12 23:59:00+00
3073,pld-471d2b8c-3913-4860-ab91-0458572f9030,agt-1006,mscott,LT-MSCOTT,aggregator,mscott,download_count,2,,{},2026-06-12 23:59:00+00,HIGH,,2026-06-12 23:59:00+00
3074,pld-471d2b8c-3913-4860-ab91-0458572f9030,agt-1006,mscott,LT-MSCOTT,aggregator,mscott,http_after_hours,10,,{},2026-06-12 23:59:00+00,HIGH,,2026-06-12 23:59:00+00
3075,pld-f6f22358-d97b-4c73-91c1-ee85bcbc8bb6,agt-1007,tjones,LT-TJONES,aggregator,tjones,logon_count,1,,{},2026-06-12 23:59:00+00,HIGH,,2026-06-12 23:59:00+00
3076,pld-f6f22358-d97b-4c73-91c1-ee85bcbc8bb6,agt-1007,tjones,LT-TJONES,aggregator,tjones,logoff_count,3,,{},2026-06-12 23:59:00+00,HIGH,,2026-06-12 23:59:00+00
3077,pld-f6f22358-d97b-4c73-91c1-ee85bcbc8bb6,agt-1007,tjones,LT-TJONES,aggregator,tjones,file_access_count,261,,{},2026-06-12 23:59:00+00,HIGH,,2026-06-12 23:59:00+00
3078,pld-f6f22358-d97b-4c73-91c1-ee85bcbc8bb6,agt-1007,tjones,LT-TJONES,aggregator,tjones,file_open_count,135,,{},2026-06-12 23:59:00+00,HIGH,,2026-06-12 23:59:00+00
3079,pld-f6f22358-d97b-4c73-91c1-ee85bcbc8bb6,agt-1007,tjones,LT-TJONES,aggregator,tjones,file_copy_count,15,,{},2026-06-12 23:59:00+00,HIGH,,2026-06-12 23:59:00+00
3080,pld-f6f22358-d97b-4c73-91c1-ee85bcbc8bb6,agt-1007,tjones,LT-TJONES,aggregator,tjones,file_write_count,23,,{},2026-06-12 23:59:00+00,HIGH,,2026-06-12 23:59:00+00
3081,pld-f6f22358-d97b-4c73-91c1-ee85bcbc8bb6,agt-1007,tjones,LT-TJONES,aggregator,tjones,file_access_after_hours,3,,{},2026-06-12 23:59:00+00,HIGH,,2026-06-12 23:59:00+00
3082,pld-f6f22358-d97b-4c73-91c1-ee85bcbc8bb6,agt-1007,tjones,LT-TJONES,aggregator,tjones,http_count,861,,{},2026-06-12 23:59:00+00,HIGH,,2026-06-12 23:59:00+00
3083,pld-f6f22358-d97b-4c73-91c1-ee85bcbc8bb6,agt-1007,tjones,LT-TJONES,aggregator,tjones,http_after_hours,19,,{},2026-06-12 23:59:00+00,HIGH,,2026-06-12 23:59:00+00
3084,pld-1b18596d-1baa-4921-a7a2-605b562f0d88,agt-1008,rwilson,LT-RWILSON,aggregator,rwilson,logon_count,1,,{},2026-06-12 23:59:00+00,HIGH,,2026-06-12 23:59:00+00
3085,pld-1b18596d-1baa-4921-a7a2-605b562f0d88,agt-1008,rwilson,LT-RWILSON,aggregator,rwilson,logoff_count,1,,{},2026-06-12 23:59:00+00,HIGH,,2026-06-12 23:59:00+00
3086,pld-1b18596d-1baa-4921-a7a2-605b562f0d88,agt-1008,rwilson,LT-RWILSON,aggregator,rwilson,file_access_count,197,,{},2026-06-12 23:59:00+00,HIGH,,2026-06-12 23:59:00+00
3087,pld-1b18596d-1baa-4921-a7a2-605b562f0d88,agt-1008,rwilson,LT-RWILSON,aggregator,rwilson,file_open_count,184,,{},2026-06-12 23:59:00+00,HIGH,,2026-06-12 23:59:00+00
3088,pld-1b18596d-1baa-4921-a7a2-605b562f0d88,agt-1008,rwilson,LT-RWILSON,aggregator,rwilson,file_copy_count,20,,{},2026-06-12 23:59:00+00,HIGH,,2026-06-12 23:59:00+00
3089,pld-1b18596d-1baa-4921-a7a2-605b562f0d88,agt-1008,rwilson,LT-RWILSON,aggregator,rwilson,file_write_count,29,,{},2026-06-12 23:59:00+00,HIGH,,2026-06-12 23:59:00+00
3090,pld-1b18596d-1baa-4921-a7a2-605b562f0d88,agt-1008,rwilson,LT-RWILSON,aggregator,rwilson,file_delete_count,3,,{},2026-06-12 23:59:00+00,HIGH,,2026-06-12 23:59:00+00
3091,pld-1b18596d-1baa-4921-a7a2-605b562f0d88,agt-1008,rwilson,LT-RWILSON,aggregator,rwilson,file_access_after_hours,7,,{},2026-06-12 23:59:00+00,HIGH,,2026-06-12 23:59:00+00
3092,pld-1b18596d-1baa-4921-a7a2-605b562f0d88,agt-1008,rwilson,LT-RWILSON,aggregator,rwilson,http_count,813,,{},2026-06-12 23:59:00+00,HIGH,,2026-06-12 23:59:00+00
3093,pld-1b18596d-1baa-4921-a7a2-605b562f0d88,agt-1008,rwilson,LT-RWILSON,aggregator,rwilson,download_count,4,,{},2026-06-12 23:59:00+00,HIGH,,2026-06-12 23:59:00+00
3094,pld-1b18596d-1baa-4921-a7a2-605b562f0d88,agt-1008,rwilson,LT-RWILSON,aggregator,rwilson,http_after_hours,16,,{},2026-06-12 23:59:00+00,HIGH,,2026-06-12 23:59:00+00
3095,pld-1ac29356-ebca-4c6c-a866-3ad4c8868e90,agt-1009,esnow,LT-ESNOW,aggregator,esnow,logon_count,3,,{},2026-06-12 23:59:00+00,HIGH,,2026-06-12 23:59:00+00
3096,pld-1ac29356-ebca-4c6c-a866-3ad4c8868e90,agt-1009,esnow,LT-ESNOW,aggregator,esnow,logoff_count,2,,{},2026-06-12 23:59:00+00,HIGH,,2026-06-12 23:59:00+00
3097,pld-1ac29356-ebca-4c6c-a866-3ad4c8868e90,agt-1009,esnow,LT-ESNOW,aggregator,esnow,file_access_count,229,,{},2026-06-12 23:59:00+00,HIGH,,2026-06-12 23:59:00+00
3098,pld-1ac29356-ebca-4c6c-a866-3ad4c8868e90,agt-1009,esnow,LT-ESNOW,aggregator,esnow,file_open_count,144,,{},2026-06-12 23:59:00+00,HIGH,,2026-06-12 23:59:00+00
3099,pld-1ac29356-ebca-4c6c-a866-3ad4c8868e90,agt-1009,esnow,LT-ESNOW,aggregator,esnow,file_copy_count,9,,{},2026-06-12 23:59:00+00,HIGH,,2026-06-12 23:59:00+00
3100,pld-1ac29356-ebca-4c6c-a866-3ad4c8868e90,agt-1009,esnow,LT-ESNOW,aggregator,esnow,file_write_count,34,,{},2026-06-12 23:59:00+00,HIGH,,2026-06-12 23:59:00+00
3101,pld-1ac29356-ebca-4c6c-a866-3ad4c8868e90,agt-1009,esnow,LT-ESNOW,aggregator,esnow,file_access_after_hours,8,,{},2026-06-12 23:59:00+00,HIGH,,2026-06-12 23:59:00+00
3102,pld-1ac29356-ebca-4c6c-a866-3ad4c8868e90,agt-1009,esnow,LT-ESNOW,aggregator,esnow,http_count,965,,{},2026-06-12 23:59:00+00,HIGH,,2026-06-12 23:59:00+00
3103,pld-1ac29356-ebca-4c6c-a866-3ad4c8868e90,agt-1009,esnow,LT-ESNOW,aggregator,esnow,job_search_site_visits,16,,{},2026-06-12 23:59:00+00,HIGH,,2026-06-12 23:59:00+00
3104,pld-1ac29356-ebca-4c6c-a866-3ad4c8868e90,agt-1009,esnow,LT-ESNOW,aggregator,esnow,download_count,4,,{},2026-06-12 23:59:00+00,HIGH,,2026-06-12 23:59:00+00
3105,pld-1ac29356-ebca-4c6c-a866-3ad4c8868e90,agt-1009,esnow,LT-ESNOW,aggregator,esnow,http_after_hours,5,,{},2026-06-12 23:59:00+00,HIGH,,2026-06-12 23:59:00+00
3106,pld-5f6e3942-71de-409f-ab20-883ddd2a11dc,agt-1010,badmin,LT-BADMIN,aggregator,badmin,logon_count,1,,{},2026-06-12 23:59:00+00,HIGH,,2026-06-12 23:59:00+00
3107,pld-5f6e3942-71de-409f-ab20-883ddd2a11dc,agt-1010,badmin,LT-BADMIN,aggregator,badmin,logoff_count,3,,{},2026-06-12 23:59:00+00,HIGH,,2026-06-12 23:59:00+00
3108,pld-5f6e3942-71de-409f-ab20-883ddd2a11dc,agt-1010,badmin,LT-BADMIN,aggregator,badmin,file_access_count,182,,{},2026-06-12 23:59:00+00,HIGH,,2026-06-12 23:59:00+00
3109,pld-5f6e3942-71de-409f-ab20-883ddd2a11dc,agt-1010,badmin,LT-BADMIN,aggregator,badmin,file_open_count,107,,{},2026-06-12 23:59:00+00,HIGH,,2026-06-12 23:59:00+00
3110,pld-5f6e3942-71de-409f-ab20-883ddd2a11dc,agt-1010,badmin,LT-BADMIN,aggregator,badmin,file_copy_count,8,,{},2026-06-12 23:59:00+00,HIGH,,2026-06-12 23:59:00+00
3111,pld-5f6e3942-71de-409f-ab20-883ddd2a11dc,agt-1010,badmin,LT-BADMIN,aggregator,badmin,file_write_count,39,,{},2026-06-12 23:59:00+00,HIGH,,2026-06-12 23:59:00+00
3112,pld-5f6e3942-71de-409f-ab20-883ddd2a11dc,agt-1010,badmin,LT-BADMIN,aggregator,badmin,file_delete_count,5,,{},2026-06-12 23:59:00+00,HIGH,,2026-06-12 23:59:00+00
3113,pld-5f6e3942-71de-409f-ab20-883ddd2a11dc,agt-1010,badmin,LT-BADMIN,aggregator,badmin,file_access_after_hours,2,,{},2026-06-12 23:59:00+00,HIGH,,2026-06-12 23:59:00+00
3114,pld-5f6e3942-71de-409f-ab20-883ddd2a11dc,agt-1010,badmin,LT-BADMIN,aggregator,badmin,http_count,817,,{},2026-06-12 23:59:00+00,HIGH,,2026-06-12 23:59:00+00
3115,pld-5f6e3942-71de-409f-ab20-883ddd2a11dc,agt-1010,badmin,LT-BADMIN,aggregator,badmin,download_count,5,,{},2026-06-12 23:59:00+00,HIGH,,2026-06-12 23:59:00+00
3116,pld-5f6e3942-71de-409f-ab20-883ddd2a11dc,agt-1010,badmin,LT-BADMIN,aggregator,badmin,http_after_hours,13,,{},2026-06-12 23:59:00+00,HIGH,,2026-06-12 23:59:00+00
3117,pld-6c375670-b962-4269-99fe-f43df3f0c2ad,agt-1001,jdoe,LT-JDOE,aggregator,jdoe,logon_count,1,,{},2026-06-13 23:59:00+00,HIGH,,2026-06-13 23:59:00+00
3118,pld-6c375670-b962-4269-99fe-f43df3f0c2ad,agt-1001,jdoe,LT-JDOE,aggregator,jdoe,logoff_count,2,,{},2026-06-13 23:59:00+00,HIGH,,2026-06-13 23:59:00+00
3119,pld-6c375670-b962-4269-99fe-f43df3f0c2ad,agt-1001,jdoe,LT-JDOE,aggregator,jdoe,file_access_count,39,,{},2026-06-13 23:59:00+00,HIGH,,2026-06-13 23:59:00+00
3120,pld-6c375670-b962-4269-99fe-f43df3f0c2ad,agt-1001,jdoe,LT-JDOE,aggregator,jdoe,file_open_count,188,,{},2026-06-13 23:59:00+00,HIGH,,2026-06-13 23:59:00+00
3121,pld-6c375670-b962-4269-99fe-f43df3f0c2ad,agt-1001,jdoe,LT-JDOE,aggregator,jdoe,file_copy_count,5,,{},2026-06-13 23:59:00+00,HIGH,,2026-06-13 23:59:00+00
3122,pld-6c375670-b962-4269-99fe-f43df3f0c2ad,agt-1001,jdoe,LT-JDOE,aggregator,jdoe,file_write_count,41,,{},2026-06-13 23:59:00+00,HIGH,,2026-06-13 23:59:00+00
3123,pld-6c375670-b962-4269-99fe-f43df3f0c2ad,agt-1001,jdoe,LT-JDOE,aggregator,jdoe,file_delete_count,1,,{},2026-06-13 23:59:00+00,HIGH,,2026-06-13 23:59:00+00
3124,pld-6c375670-b962-4269-99fe-f43df3f0c2ad,agt-1001,jdoe,LT-JDOE,aggregator,jdoe,file_access_after_hours,6,,{},2026-06-13 23:59:00+00,HIGH,,2026-06-13 23:59:00+00
3125,pld-6c375670-b962-4269-99fe-f43df3f0c2ad,agt-1001,jdoe,LT-JDOE,aggregator,jdoe,http_count,9,,{},2026-06-13 23:59:00+00,HIGH,,2026-06-13 23:59:00+00
3126,pld-6c375670-b962-4269-99fe-f43df3f0c2ad,agt-1001,jdoe,LT-JDOE,aggregator,jdoe,download_count,4,,{},2026-06-13 23:59:00+00,HIGH,,2026-06-13 23:59:00+00
3127,pld-6c375670-b962-4269-99fe-f43df3f0c2ad,agt-1001,jdoe,LT-JDOE,aggregator,jdoe,http_after_hours,16,,{},2026-06-13 23:59:00+00,HIGH,,2026-06-13 23:59:00+00
3128,pld-dffffb5c-75a7-4d7b-8615-faf92cae0575,agt-1002,asmith,LT-ASMITH,aggregator,asmith,logon_count,1,,{},2026-06-13 23:59:00+00,HIGH,,2026-06-13 23:59:00+00
3129,pld-dffffb5c-75a7-4d7b-8615-faf92cae0575,agt-1002,asmith,LT-ASMITH,aggregator,asmith,logoff_count,2,,{},2026-06-13 23:59:00+00,HIGH,,2026-06-13 23:59:00+00
3130,pld-dffffb5c-75a7-4d7b-8615-faf92cae0575,agt-1002,asmith,LT-ASMITH,aggregator,asmith,file_access_count,48,,{},2026-06-13 23:59:00+00,HIGH,,2026-06-13 23:59:00+00
3131,pld-dffffb5c-75a7-4d7b-8615-faf92cae0575,agt-1002,asmith,LT-ASMITH,aggregator,asmith,file_open_count,138,,{},2026-06-13 23:59:00+00,HIGH,,2026-06-13 23:59:00+00
3132,pld-dffffb5c-75a7-4d7b-8615-faf92cae0575,agt-1002,asmith,LT-ASMITH,aggregator,asmith,file_copy_count,17,,{},2026-06-13 23:59:00+00,HIGH,,2026-06-13 23:59:00+00
3133,pld-dffffb5c-75a7-4d7b-8615-faf92cae0575,agt-1002,asmith,LT-ASMITH,aggregator,asmith,file_write_count,20,,{},2026-06-13 23:59:00+00,HIGH,,2026-06-13 23:59:00+00
3134,pld-dffffb5c-75a7-4d7b-8615-faf92cae0575,agt-1002,asmith,LT-ASMITH,aggregator,asmith,file_delete_count,3,,{},2026-06-13 23:59:00+00,HIGH,,2026-06-13 23:59:00+00
3135,pld-dffffb5c-75a7-4d7b-8615-faf92cae0575,agt-1002,asmith,LT-ASMITH,aggregator,asmith,file_access_after_hours,10,,{},2026-06-13 23:59:00+00,HIGH,,2026-06-13 23:59:00+00
3136,pld-dffffb5c-75a7-4d7b-8615-faf92cae0575,agt-1002,asmith,LT-ASMITH,aggregator,asmith,http_count,60,,{},2026-06-13 23:59:00+00,HIGH,,2026-06-13 23:59:00+00
3137,pld-dffffb5c-75a7-4d7b-8615-faf92cae0575,agt-1002,asmith,LT-ASMITH,aggregator,asmith,download_count,2,,{},2026-06-13 23:59:00+00,HIGH,,2026-06-13 23:59:00+00
3138,pld-dffffb5c-75a7-4d7b-8615-faf92cae0575,agt-1002,asmith,LT-ASMITH,aggregator,asmith,http_after_hours,11,,{},2026-06-13 23:59:00+00,HIGH,,2026-06-13 23:59:00+00
3139,pld-4456f988-ddbb-4f6d-9979-10ce26d6a381,agt-1003,mjones,LT-MJONES,aggregator,mjones,logon_count,3,,{},2026-06-13 23:59:00+00,HIGH,,2026-06-13 23:59:00+00
3140,pld-4456f988-ddbb-4f6d-9979-10ce26d6a381,agt-1003,mjones,LT-MJONES,aggregator,mjones,logoff_count,1,,{},2026-06-13 23:59:00+00,HIGH,,2026-06-13 23:59:00+00
3141,pld-4456f988-ddbb-4f6d-9979-10ce26d6a381,agt-1003,mjones,LT-MJONES,aggregator,mjones,file_access_count,22,,{},2026-06-13 23:59:00+00,HIGH,,2026-06-13 23:59:00+00
3142,pld-4456f988-ddbb-4f6d-9979-10ce26d6a381,agt-1003,mjones,LT-MJONES,aggregator,mjones,file_open_count,180,,{},2026-06-13 23:59:00+00,HIGH,,2026-06-13 23:59:00+00
3143,pld-4456f988-ddbb-4f6d-9979-10ce26d6a381,agt-1003,mjones,LT-MJONES,aggregator,mjones,file_copy_count,8,,{},2026-06-13 23:59:00+00,HIGH,,2026-06-13 23:59:00+00
3144,pld-4456f988-ddbb-4f6d-9979-10ce26d6a381,agt-1003,mjones,LT-MJONES,aggregator,mjones,file_write_count,40,,{},2026-06-13 23:59:00+00,HIGH,,2026-06-13 23:59:00+00
3145,pld-4456f988-ddbb-4f6d-9979-10ce26d6a381,agt-1003,mjones,LT-MJONES,aggregator,mjones,file_delete_count,5,,{},2026-06-13 23:59:00+00,HIGH,,2026-06-13 23:59:00+00
3146,pld-4456f988-ddbb-4f6d-9979-10ce26d6a381,agt-1003,mjones,LT-MJONES,aggregator,mjones,file_access_after_hours,7,,{},2026-06-13 23:59:00+00,HIGH,,2026-06-13 23:59:00+00
3147,pld-4456f988-ddbb-4f6d-9979-10ce26d6a381,agt-1003,mjones,LT-MJONES,aggregator,mjones,http_count,31,,{},2026-06-13 23:59:00+00,HIGH,,2026-06-13 23:59:00+00
3148,pld-4456f988-ddbb-4f6d-9979-10ce26d6a381,agt-1003,mjones,LT-MJONES,aggregator,mjones,download_count,5,,{},2026-06-13 23:59:00+00,HIGH,,2026-06-13 23:59:00+00
3149,pld-4456f988-ddbb-4f6d-9979-10ce26d6a381,agt-1003,mjones,LT-MJONES,aggregator,mjones,http_after_hours,18,,{},2026-06-13 23:59:00+00,HIGH,,2026-06-13 23:59:00+00
3150,pld-8ae103ba-e931-4881-a2da-954b4b86dc96,agt-1004,bwilliams,LT-BWILLIAMS,aggregator,bwilliams,logon_count,2,,{},2026-06-13 23:59:00+00,HIGH,,2026-06-13 23:59:00+00
3151,pld-8ae103ba-e931-4881-a2da-954b4b86dc96,agt-1004,bwilliams,LT-BWILLIAMS,aggregator,bwilliams,logoff_count,3,,{},2026-06-13 23:59:00+00,HIGH,,2026-06-13 23:59:00+00
3152,pld-8ae103ba-e931-4881-a2da-954b4b86dc96,agt-1004,bwilliams,LT-BWILLIAMS,aggregator,bwilliams,file_access_count,41,,{},2026-06-13 23:59:00+00,HIGH,,2026-06-13 23:59:00+00
3153,pld-8ae103ba-e931-4881-a2da-954b4b86dc96,agt-1004,bwilliams,LT-BWILLIAMS,aggregator,bwilliams,file_open_count,179,,{},2026-06-13 23:59:00+00,HIGH,,2026-06-13 23:59:00+00
3154,pld-8ae103ba-e931-4881-a2da-954b4b86dc96,agt-1004,bwilliams,LT-BWILLIAMS,aggregator,bwilliams,file_copy_count,10,,{},2026-06-13 23:59:00+00,HIGH,,2026-06-13 23:59:00+00
3155,pld-8ae103ba-e931-4881-a2da-954b4b86dc96,agt-1004,bwilliams,LT-BWILLIAMS,aggregator,bwilliams,file_write_count,18,,{},2026-06-13 23:59:00+00,HIGH,,2026-06-13 23:59:00+00
3156,pld-8ae103ba-e931-4881-a2da-954b4b86dc96,agt-1004,bwilliams,LT-BWILLIAMS,aggregator,bwilliams,file_delete_count,5,,{},2026-06-13 23:59:00+00,HIGH,,2026-06-13 23:59:00+00
3157,pld-8ae103ba-e931-4881-a2da-954b4b86dc96,agt-1004,bwilliams,LT-BWILLIAMS,aggregator,bwilliams,file_access_after_hours,2,,{},2026-06-13 23:59:00+00,HIGH,,2026-06-13 23:59:00+00
3158,pld-8ae103ba-e931-4881-a2da-954b4b86dc96,agt-1004,bwilliams,LT-BWILLIAMS,aggregator,bwilliams,http_count,22,,{},2026-06-13 23:59:00+00,HIGH,,2026-06-13 23:59:00+00
3159,pld-8ae103ba-e931-4881-a2da-954b4b86dc96,agt-1004,bwilliams,LT-BWILLIAMS,aggregator,bwilliams,download_count,3,,{},2026-06-13 23:59:00+00,HIGH,,2026-06-13 23:59:00+00
3160,pld-4ecc04f8-b7ae-4c97-9da4-76cfa0fdfa0a,agt-1005,cdavis,LT-CDAVIS,aggregator,cdavis,logon_count,1,,{},2026-06-13 23:59:00+00,HIGH,,2026-06-13 23:59:00+00
3161,pld-4ecc04f8-b7ae-4c97-9da4-76cfa0fdfa0a,agt-1005,cdavis,LT-CDAVIS,aggregator,cdavis,logoff_count,2,,{},2026-06-13 23:59:00+00,HIGH,,2026-06-13 23:59:00+00
3162,pld-4ecc04f8-b7ae-4c97-9da4-76cfa0fdfa0a,agt-1005,cdavis,LT-CDAVIS,aggregator,cdavis,file_access_count,5,,{},2026-06-13 23:59:00+00,HIGH,,2026-06-13 23:59:00+00
3163,pld-4ecc04f8-b7ae-4c97-9da4-76cfa0fdfa0a,agt-1005,cdavis,LT-CDAVIS,aggregator,cdavis,file_open_count,187,,{},2026-06-13 23:59:00+00,HIGH,,2026-06-13 23:59:00+00
3164,pld-4ecc04f8-b7ae-4c97-9da4-76cfa0fdfa0a,agt-1005,cdavis,LT-CDAVIS,aggregator,cdavis,file_copy_count,17,,{},2026-06-13 23:59:00+00,HIGH,,2026-06-13 23:59:00+00
3165,pld-4ecc04f8-b7ae-4c97-9da4-76cfa0fdfa0a,agt-1005,cdavis,LT-CDAVIS,aggregator,cdavis,file_write_count,26,,{},2026-06-13 23:59:00+00,HIGH,,2026-06-13 23:59:00+00
3166,pld-4ecc04f8-b7ae-4c97-9da4-76cfa0fdfa0a,agt-1005,cdavis,LT-CDAVIS,aggregator,cdavis,file_delete_count,1,,{},2026-06-13 23:59:00+00,HIGH,,2026-06-13 23:59:00+00
3167,pld-4ecc04f8-b7ae-4c97-9da4-76cfa0fdfa0a,agt-1005,cdavis,LT-CDAVIS,aggregator,cdavis,file_access_after_hours,8,,{},2026-06-13 23:59:00+00,HIGH,,2026-06-13 23:59:00+00
3168,pld-4ecc04f8-b7ae-4c97-9da4-76cfa0fdfa0a,agt-1005,cdavis,LT-CDAVIS,aggregator,cdavis,http_count,81,,{},2026-06-13 23:59:00+00,HIGH,,2026-06-13 23:59:00+00
3169,pld-4ecc04f8-b7ae-4c97-9da4-76cfa0fdfa0a,agt-1005,cdavis,LT-CDAVIS,aggregator,cdavis,download_count,2,,{},2026-06-13 23:59:00+00,HIGH,,2026-06-13 23:59:00+00
3170,pld-4ecc04f8-b7ae-4c97-9da4-76cfa0fdfa0a,agt-1005,cdavis,LT-CDAVIS,aggregator,cdavis,http_after_hours,6,,{},2026-06-13 23:59:00+00,HIGH,,2026-06-13 23:59:00+00
3171,pld-f0736722-26fd-45a1-9282-b1033961dc52,agt-1006,mscott,LT-MSCOTT,aggregator,mscott,logon_count,3,,{},2026-06-13 23:59:00+00,HIGH,,2026-06-13 23:59:00+00
3172,pld-f0736722-26fd-45a1-9282-b1033961dc52,agt-1006,mscott,LT-MSCOTT,aggregator,mscott,logoff_count,2,,{},2026-06-13 23:59:00+00,HIGH,,2026-06-13 23:59:00+00
3173,pld-f0736722-26fd-45a1-9282-b1033961dc52,agt-1006,mscott,LT-MSCOTT,aggregator,mscott,file_access_count,48,,{},2026-06-13 23:59:00+00,HIGH,,2026-06-13 23:59:00+00
3174,pld-f0736722-26fd-45a1-9282-b1033961dc52,agt-1006,mscott,LT-MSCOTT,aggregator,mscott,file_open_count,144,,{},2026-06-13 23:59:00+00,HIGH,,2026-06-13 23:59:00+00
3175,pld-f0736722-26fd-45a1-9282-b1033961dc52,agt-1006,mscott,LT-MSCOTT,aggregator,mscott,file_copy_count,16,,{},2026-06-13 23:59:00+00,HIGH,,2026-06-13 23:59:00+00
3176,pld-f0736722-26fd-45a1-9282-b1033961dc52,agt-1006,mscott,LT-MSCOTT,aggregator,mscott,file_write_count,19,,{},2026-06-13 23:59:00+00,HIGH,,2026-06-13 23:59:00+00
3177,pld-f0736722-26fd-45a1-9282-b1033961dc52,agt-1006,mscott,LT-MSCOTT,aggregator,mscott,file_delete_count,1,,{},2026-06-13 23:59:00+00,HIGH,,2026-06-13 23:59:00+00
3178,pld-f0736722-26fd-45a1-9282-b1033961dc52,agt-1006,mscott,LT-MSCOTT,aggregator,mscott,file_access_after_hours,10,,{},2026-06-13 23:59:00+00,HIGH,,2026-06-13 23:59:00+00
3179,pld-f0736722-26fd-45a1-9282-b1033961dc52,agt-1006,mscott,LT-MSCOTT,aggregator,mscott,http_count,88,,{},2026-06-13 23:59:00+00,HIGH,,2026-06-13 23:59:00+00
3180,pld-f0736722-26fd-45a1-9282-b1033961dc52,agt-1006,mscott,LT-MSCOTT,aggregator,mscott,download_count,3,,{},2026-06-13 23:59:00+00,HIGH,,2026-06-13 23:59:00+00
3181,pld-f0736722-26fd-45a1-9282-b1033961dc52,agt-1006,mscott,LT-MSCOTT,aggregator,mscott,http_after_hours,9,,{},2026-06-13 23:59:00+00,HIGH,,2026-06-13 23:59:00+00
3182,pld-5e94cd6f-f80b-48ea-b4ad-bd64a80497e9,agt-1007,tjones,LT-TJONES,aggregator,tjones,logon_count,1,,{},2026-06-13 23:59:00+00,HIGH,,2026-06-13 23:59:00+00
3183,pld-5e94cd6f-f80b-48ea-b4ad-bd64a80497e9,agt-1007,tjones,LT-TJONES,aggregator,tjones,logoff_count,2,,{},2026-06-13 23:59:00+00,HIGH,,2026-06-13 23:59:00+00
3184,pld-5e94cd6f-f80b-48ea-b4ad-bd64a80497e9,agt-1007,tjones,LT-TJONES,aggregator,tjones,file_access_count,50,,{},2026-06-13 23:59:00+00,HIGH,,2026-06-13 23:59:00+00
3185,pld-5e94cd6f-f80b-48ea-b4ad-bd64a80497e9,agt-1007,tjones,LT-TJONES,aggregator,tjones,file_open_count,72,,{},2026-06-13 23:59:00+00,HIGH,,2026-06-13 23:59:00+00
3186,pld-5e94cd6f-f80b-48ea-b4ad-bd64a80497e9,agt-1007,tjones,LT-TJONES,aggregator,tjones,file_copy_count,19,,{},2026-06-13 23:59:00+00,HIGH,,2026-06-13 23:59:00+00
3187,pld-5e94cd6f-f80b-48ea-b4ad-bd64a80497e9,agt-1007,tjones,LT-TJONES,aggregator,tjones,file_write_count,13,,{},2026-06-13 23:59:00+00,HIGH,,2026-06-13 23:59:00+00
3188,pld-5e94cd6f-f80b-48ea-b4ad-bd64a80497e9,agt-1007,tjones,LT-TJONES,aggregator,tjones,file_delete_count,4,,{},2026-06-13 23:59:00+00,HIGH,,2026-06-13 23:59:00+00
3189,pld-5e94cd6f-f80b-48ea-b4ad-bd64a80497e9,agt-1007,tjones,LT-TJONES,aggregator,tjones,http_count,67,,{},2026-06-13 23:59:00+00,HIGH,,2026-06-13 23:59:00+00
3190,pld-5e94cd6f-f80b-48ea-b4ad-bd64a80497e9,agt-1007,tjones,LT-TJONES,aggregator,tjones,download_count,4,,{},2026-06-13 23:59:00+00,HIGH,,2026-06-13 23:59:00+00
3191,pld-5e94cd6f-f80b-48ea-b4ad-bd64a80497e9,agt-1007,tjones,LT-TJONES,aggregator,tjones,http_after_hours,2,,{},2026-06-13 23:59:00+00,HIGH,,2026-06-13 23:59:00+00
3192,pld-73912bb6-b1dc-4805-90ad-04380f10978b,agt-1008,rwilson,LT-RWILSON,aggregator,rwilson,logon_count,1,,{},2026-06-13 23:59:00+00,HIGH,,2026-06-13 23:59:00+00
3193,pld-73912bb6-b1dc-4805-90ad-04380f10978b,agt-1008,rwilson,LT-RWILSON,aggregator,rwilson,logoff_count,3,,{},2026-06-13 23:59:00+00,HIGH,,2026-06-13 23:59:00+00
3194,pld-73912bb6-b1dc-4805-90ad-04380f10978b,agt-1008,rwilson,LT-RWILSON,aggregator,rwilson,file_access_count,22,,{},2026-06-13 23:59:00+00,HIGH,,2026-06-13 23:59:00+00
3195,pld-73912bb6-b1dc-4805-90ad-04380f10978b,agt-1008,rwilson,LT-RWILSON,aggregator,rwilson,file_open_count,56,,{},2026-06-13 23:59:00+00,HIGH,,2026-06-13 23:59:00+00
3196,pld-73912bb6-b1dc-4805-90ad-04380f10978b,agt-1008,rwilson,LT-RWILSON,aggregator,rwilson,file_copy_count,10,,{},2026-06-13 23:59:00+00,HIGH,,2026-06-13 23:59:00+00
3197,pld-73912bb6-b1dc-4805-90ad-04380f10978b,agt-1008,rwilson,LT-RWILSON,aggregator,rwilson,file_write_count,22,,{},2026-06-13 23:59:00+00,HIGH,,2026-06-13 23:59:00+00
3198,pld-73912bb6-b1dc-4805-90ad-04380f10978b,agt-1008,rwilson,LT-RWILSON,aggregator,rwilson,file_delete_count,2,,{},2026-06-13 23:59:00+00,HIGH,,2026-06-13 23:59:00+00
3199,pld-73912bb6-b1dc-4805-90ad-04380f10978b,agt-1008,rwilson,LT-RWILSON,aggregator,rwilson,http_count,25,,{},2026-06-13 23:59:00+00,HIGH,,2026-06-13 23:59:00+00
3200,pld-73912bb6-b1dc-4805-90ad-04380f10978b,agt-1008,rwilson,LT-RWILSON,aggregator,rwilson,download_count,5,,{},2026-06-13 23:59:00+00,HIGH,,2026-06-13 23:59:00+00
3201,pld-73912bb6-b1dc-4805-90ad-04380f10978b,agt-1008,rwilson,LT-RWILSON,aggregator,rwilson,http_after_hours,10,,{},2026-06-13 23:59:00+00,HIGH,,2026-06-13 23:59:00+00
3202,pld-377a3447-9295-42a8-ae22-386a5d49fede,agt-1009,esnow,LT-ESNOW,aggregator,esnow,logon_count,1,,{},2026-06-13 23:59:00+00,HIGH,,2026-06-13 23:59:00+00
3203,pld-377a3447-9295-42a8-ae22-386a5d49fede,agt-1009,esnow,LT-ESNOW,aggregator,esnow,logoff_count,3,,{},2026-06-13 23:59:00+00,HIGH,,2026-06-13 23:59:00+00
3204,pld-377a3447-9295-42a8-ae22-386a5d49fede,agt-1009,esnow,LT-ESNOW,aggregator,esnow,file_access_count,16,,{},2026-06-13 23:59:00+00,HIGH,,2026-06-13 23:59:00+00
3205,pld-377a3447-9295-42a8-ae22-386a5d49fede,agt-1009,esnow,LT-ESNOW,aggregator,esnow,file_open_count,177,,{},2026-06-13 23:59:00+00,HIGH,,2026-06-13 23:59:00+00
3206,pld-377a3447-9295-42a8-ae22-386a5d49fede,agt-1009,esnow,LT-ESNOW,aggregator,esnow,file_copy_count,13,,{},2026-06-13 23:59:00+00,HIGH,,2026-06-13 23:59:00+00
3207,pld-377a3447-9295-42a8-ae22-386a5d49fede,agt-1009,esnow,LT-ESNOW,aggregator,esnow,file_write_count,49,,{},2026-06-13 23:59:00+00,HIGH,,2026-06-13 23:59:00+00
3208,pld-377a3447-9295-42a8-ae22-386a5d49fede,agt-1009,esnow,LT-ESNOW,aggregator,esnow,file_delete_count,4,,{},2026-06-13 23:59:00+00,HIGH,,2026-06-13 23:59:00+00
3209,pld-377a3447-9295-42a8-ae22-386a5d49fede,agt-1009,esnow,LT-ESNOW,aggregator,esnow,file_access_after_hours,9,,{},2026-06-13 23:59:00+00,HIGH,,2026-06-13 23:59:00+00
3210,pld-377a3447-9295-42a8-ae22-386a5d49fede,agt-1009,esnow,LT-ESNOW,aggregator,esnow,http_count,21,,{},2026-06-13 23:59:00+00,HIGH,,2026-06-13 23:59:00+00
3211,pld-377a3447-9295-42a8-ae22-386a5d49fede,agt-1009,esnow,LT-ESNOW,aggregator,esnow,job_search_site_visits,6,,{},2026-06-13 23:59:00+00,HIGH,,2026-06-13 23:59:00+00
3212,pld-377a3447-9295-42a8-ae22-386a5d49fede,agt-1009,esnow,LT-ESNOW,aggregator,esnow,download_count,4,,{},2026-06-13 23:59:00+00,HIGH,,2026-06-13 23:59:00+00
3213,pld-377a3447-9295-42a8-ae22-386a5d49fede,agt-1009,esnow,LT-ESNOW,aggregator,esnow,http_after_hours,20,,{},2026-06-13 23:59:00+00,HIGH,,2026-06-13 23:59:00+00
3214,pld-6be510a8-a880-4379-8577-e66580d6ac93,agt-1010,badmin,LT-BADMIN,aggregator,badmin,logon_count,1,,{},2026-06-13 23:59:00+00,HIGH,,2026-06-13 23:59:00+00
3215,pld-6be510a8-a880-4379-8577-e66580d6ac93,agt-1010,badmin,LT-BADMIN,aggregator,badmin,logoff_count,3,,{},2026-06-13 23:59:00+00,HIGH,,2026-06-13 23:59:00+00
3216,pld-6be510a8-a880-4379-8577-e66580d6ac93,agt-1010,badmin,LT-BADMIN,aggregator,badmin,file_access_count,3,,{},2026-06-13 23:59:00+00,HIGH,,2026-06-13 23:59:00+00
3217,pld-6be510a8-a880-4379-8577-e66580d6ac93,agt-1010,badmin,LT-BADMIN,aggregator,badmin,file_open_count,187,,{},2026-06-13 23:59:00+00,HIGH,,2026-06-13 23:59:00+00
3218,pld-6be510a8-a880-4379-8577-e66580d6ac93,agt-1010,badmin,LT-BADMIN,aggregator,badmin,file_copy_count,12,,{},2026-06-13 23:59:00+00,HIGH,,2026-06-13 23:59:00+00
3219,pld-6be510a8-a880-4379-8577-e66580d6ac93,agt-1010,badmin,LT-BADMIN,aggregator,badmin,file_write_count,42,,{},2026-06-13 23:59:00+00,HIGH,,2026-06-13 23:59:00+00
3220,pld-6be510a8-a880-4379-8577-e66580d6ac93,agt-1010,badmin,LT-BADMIN,aggregator,badmin,file_delete_count,4,,{},2026-06-13 23:59:00+00,HIGH,,2026-06-13 23:59:00+00
3221,pld-6be510a8-a880-4379-8577-e66580d6ac93,agt-1010,badmin,LT-BADMIN,aggregator,badmin,file_access_after_hours,9,,{},2026-06-13 23:59:00+00,HIGH,,2026-06-13 23:59:00+00
3222,pld-6be510a8-a880-4379-8577-e66580d6ac93,agt-1010,badmin,LT-BADMIN,aggregator,badmin,http_count,94,,{},2026-06-13 23:59:00+00,HIGH,,2026-06-13 23:59:00+00
3223,pld-6be510a8-a880-4379-8577-e66580d6ac93,agt-1010,badmin,LT-BADMIN,aggregator,badmin,download_count,3,,{},2026-06-13 23:59:00+00,HIGH,,2026-06-13 23:59:00+00
3224,pld-6be510a8-a880-4379-8577-e66580d6ac93,agt-1010,badmin,LT-BADMIN,aggregator,badmin,http_after_hours,16,,{},2026-06-13 23:59:00+00,HIGH,,2026-06-13 23:59:00+00
